CustomerID,recency_days,frequency,monetary,avg_basket_value,distinct_products,first_purchase,last_purchase,tenure_days
12346.0,326,1,77183.6,77183.6,1,2011-01-18 10:01:00,2011-01-18 10:01:00,1
12747.0,2,11,4196.01,381.46,43,2010-12-05 15:38:00,2011-12-07 14:34:00,366
12748.0,1,209,33719.73,161.34,1774,2010-12-01 12:48:00,2011-12-09 12:20:00,372
12749.0,4,5,4090.88,818.18,162,2011-05-10 15:25:00,2011-12-06 09:56:00,209
12820.0,3,4,942.34,235.58,55,2011-01-17 12:34:00,2011-12-06 15:12:00,323
12821.0,214,1,92.72,92.72,6,2011-05-09 15:51:00,2011-05-09 15:51:00,1
12822.0,71,2,948.88,474.44,41,2011-09-13 13:46:00,2011-09-30 10:04:00,16
12823.0,75,5,1759.5,351.9,1,2011-02-16 12:15:00,2011-09-26 07:35:00,221
12824.0,60,1,397.12,397.12,25,2011-10-11 12:49:00,2011-10-11 12:49:00,1
12826.0,3,7,1474.72,210.67,59,2010-12-09 15:21:00,2011-12-07 10:25:00,362
12827.0,6,3,430.15,143.38,19,2011-10-26 15:44:00,2011-12-04 12:17:00,38
12828.0,3,6,1018.71,169.78,46,2011-08-01 16:16:00,2011-12-07 08:45:00,127
12829.0,337,2,293.0,146.5,9,2010-12-14 14:54:00,2011-01-07 11:13:00,23
12830.0,38,6,6814.64,1135.77,13,2011-06-21 10:53:00,2011-11-02 11:54:00,134
12831.0,262,1,215.05,215.05,9,2011-03-22 13:02:00,2011-03-22 13:02:00,1
12832.0,32,2,383.03,191.52,27,2011-09-02 13:48:00,2011-11-07 13:30:00,65
12833.0,145,1,417.38,417.38,24,2011-07-17 13:46:00,2011-07-17 13:46:00,1
12834.0,283,1,312.38,312.38,18,2011-03-02 09:49:00,2011-03-02 09:49:00,1
12836.0,59,4,2612.86,653.21,148,2011-02-01 11:19:00,2011-10-11 15:10:00,252
12837.0,173,1,134.1,134.1,12,2011-06-19 16:07:00,2011-06-19 16:07:00,1
12838.0,34,2,683.13,341.56,115,2010-12-01 11:57:00,2011-11-06 12:20:00,340
12839.0,3,14,5591.42,399.39,98,2010-12-07 15:48:00,2011-12-07 12:33:00,364
12840.0,144,4,2726.77,681.69,67,2011-04-27 12:21:00,2011-07-19 09:29:00,82
12841.0,5,25,4022.35,160.89,230,2010-12-03 10:43:00,2011-12-05 11:13:00,367
12842.0,70,2,1118.99,559.5,34,2011-02-04 12:36:00,2011-09-30 15:33:00,238
12843.0,66,8,1702.26,212.78,69,2011-03-20 14:38:00,2011-10-05 12:09:00,198
12844.0,29,2,325.96,162.98,47,2011-08-01 13:11:00,2011-11-10 13:31:00,101
12845.0,267,4,354.09,88.52,26,2011-02-22 14:10:00,2011-03-17 13:34:00,22
12847.0,22,1,871.54,871.54,72,2011-11-17 13:16:00,2011-11-17 13:16:00,1
12849.0,31,2,1050.89,525.44,47,2011-03-16 12:26:00,2011-11-08 13:41:00,237
12851.0,97,1,135.18,135.18,43,2011-09-04 12:41:00,2011-09-04 12:41:00,1
12852.0,295,1,311.55,311.55,17,2011-02-18 08:47:00,2011-02-18 08:47:00,1
12853.0,135,6,1957.1,326.18,66,2011-01-28 10:28:00,2011-07-28 11:29:00,181
12854.0,79,3,1324.5,441.5,95,2011-01-25 13:35:00,2011-09-22 12:15:00,239
12855.0,373,1,38.1,38.1,3,2010-12-02 09:37:00,2010-12-02 09:37:00,1
12856.0,8,6,2179.93,363.32,155,2011-10-07 12:38:00,2011-12-02 10:52:00,55
12857.0,211,2,1106.4,553.2,37,2011-02-10 12:32:00,2011-05-13 10:20:00,91
12863.0,52,1,521.2,521.2,5,2011-10-18 14:15:00,2011-10-18 14:15:00,1
12864.0,138,1,147.12,147.12,3,2011-07-24 13:03:00,2011-07-24 13:03:00,1
12867.0,26,7,4036.82,576.69,247,2010-12-14 16:39:00,2011-11-13 15:30:00,333
12868.0,186,6,1607.06,267.84,72,2010-12-01 12:50:00,2011-06-07 10:42:00,187
12871.0,84,2,380.64,190.32,8,2011-05-16 13:32:00,2011-09-16 15:07:00,123
12872.0,327,2,599.97,299.99,58,2010-12-09 14:44:00,2011-01-17 10:52:00,38
12873.0,282,1,374.0,374.0,4,2011-03-02 14:58:00,2011-03-02 14:58:00,1
12875.0,143,2,343.23,171.62,1,2010-12-12 12:03:00,2011-07-19 15:30:00,219
12877.0,4,12,1535.77,127.98,100,2010-12-16 12:23:00,2011-12-06 10:30:00,354
12878.0,236,2,854.99,427.5,38,2011-03-18 14:02:00,2011-04-17 13:07:00,29
12879.0,45,3,573.22,191.07,7,2011-09-09 12:11:00,2011-10-26 12:24:00,47
12881.0,276,1,298.0,298.0,7,2011-03-09 11:44:00,2011-03-09 11:44:00,1
12882.0,9,2,1463.04,731.52,12,2011-11-06 11:22:00,2011-11-30 16:18:00,24
12883.0,25,4,703.47,175.87,39,2011-09-11 15:18:00,2011-11-15 09:32:00,64
12884.0,88,1,309.05,309.05,7,2011-09-12 13:10:00,2011-09-12 13:10:00,1
12885.0,63,3,1175.22,391.74,66,2011-08-08 11:45:00,2011-10-07 13:40:00,60
12886.0,68,2,1378.4,689.2,75,2011-05-04 11:21:00,2011-10-03 10:09:00,151
12888.0,214,2,354.12,177.06,4,2011-03-29 14:31:00,2011-05-09 16:02:00,41
12890.0,24,1,380.47,380.47,78,2011-11-15 17:26:00,2011-11-15 17:26:00,1
12891.0,186,3,331.0,110.33,2,2011-02-20 11:28:00,2011-06-07 12:31:00,107
12893.0,31,1,188.14,188.14,27,2011-11-09 12:34:00,2011-11-09 12:34:00,1
12895.0,42,2,372.8,186.4,22,2011-09-14 08:35:00,2011-10-28 13:51:00,44
12897.0,205,2,216.5,108.25,3,2011-02-11 11:40:00,2011-05-19 12:13:00,97
12901.0,9,28,17654.54,630.52,30,2011-03-14 10:41:00,2011-12-01 10:07:00,261
12902.0,265,1,138.68,138.68,10,2011-03-20 12:06:00,2011-03-20 12:06:00,1
12904.0,18,2,509.58,254.79,59,2011-06-20 13:18:00,2011-11-21 14:34:00,154
12906.0,12,5,2919.81,583.96,55,2011-09-22 15:03:00,2011-11-28 09:55:00,66
12908.0,176,2,750.0,375.0,1,2011-01-31 12:37:00,2011-06-16 15:39:00,136
12909.0,40,5,2178.67,435.73,79,2011-03-31 12:51:00,2011-10-31 12:43:00,213
12910.0,23,8,3075.04,384.38,49,2011-04-12 10:01:00,2011-11-16 14:28:00,218
12912.0,3,5,1662.3,332.46,17,2011-10-30 11:35:00,2011-12-07 08:55:00,37
12913.0,5,5,2483.63,496.73,38,2010-12-06 16:36:00,2011-12-05 12:11:00,363
12915.0,149,2,363.65,181.82,19,2010-12-02 12:33:00,2011-07-14 11:34:00,223
12916.0,139,4,3006.15,751.54,55,2011-01-23 10:43:00,2011-07-24 10:35:00,181
12917.0,128,1,594.0,594.0,2,2011-08-03 16:42:00,2011-08-03 16:42:00,1
12919.0,8,6,1335.19,222.53,34,2011-06-23 09:22:00,2011-12-01 13:47:00,161
12920.0,17,1,164.23,164.23,27,2011-11-22 15:05:00,2011-11-22 15:05:00,1
12921.0,9,37,16587.09,448.3,246,2010-12-01 15:06:00,2011-11-30 16:22:00,364
12922.0,161,1,405.38,405.38,28,2011-07-01 15:35:00,2011-07-01 15:35:00,1
12923.0,64,1,176.97,176.97,28,2011-10-06 16:20:00,2011-10-06 16:20:00,1
12924.0,88,4,933.7,233.43,22,2011-01-16 11:49:00,2011-09-12 13:55:00,239
12925.0,5,2,694.05,347.02,42,2011-09-26 11:05:00,2011-12-05 11:11:00,70
12928.0,35,5,2062.7,412.54,61,2010-12-15 15:45:00,2011-11-04 14:24:00,323
12929.0,312,1,117.85,117.85,8,2011-02-01 12:08:00,2011-02-01 12:08:00,1
12930.0,78,2,415.8,207.9,20,2011-06-21 13:25:00,2011-09-22 15:18:00,93
12931.0,22,15,42055.96,2803.73,30,2010-12-17 09:45:00,2011-11-18 12:39:00,336
12933.0,24,3,607.53,202.51,102,2011-03-01 11:30:00,2011-11-15 16:38:00,259
12935.0,2,7,2160.7,308.67,80,2011-01-24 13:58:00,2011-12-07 17:25:00,317
12936.0,17,4,1063.9,265.97,56,2011-09-22 13:51:00,2011-11-22 17:32:00,61
12937.0,15,4,1504.27,376.07,81,2011-03-17 14:19:00,2011-11-24 15:05:00,252
12938.0,26,1,114.14,114.14,9,2011-11-14 11:21:00,2011-11-14 11:21:00,1
12939.0,64,8,11581.8,1447.72,24,2011-01-09 11:20:00,2011-10-06 14:33:00,270
12940.0,55,2,913.54,456.77,87,2011-09-13 10:16:00,2011-10-16 12:09:00,33
12942.0,131,3,683.9,227.97,68,2010-12-09 09:34:00,2011-07-31 14:39:00,234
12944.0,36,2,604.51,302.25,29,2010-12-20 10:41:00,2011-11-04 11:04:00,319
12945.0,288,1,462.95,462.95,23,2011-02-24 14:15:00,2011-02-24 14:15:00,1
12947.0,144,6,1603.99,267.33,83,2010-12-01 16:21:00,2011-07-19 10:06:00,229
12948.0,16,7,2064.95,294.99,82,2011-03-20 10:17:00,2011-11-23 17:10:00,248
12949.0,31,8,4167.22,520.9,168,2011-04-01 13:20:00,2011-11-09 11:25:00,221
12950.0,2,3,1843.0,614.33,13,2011-11-15 13:48:00,2011-12-07 13:17:00,21
12951.0,9,6,1064.07,177.34,54,2011-01-13 10:33:00,2011-12-01 12:14:00,322
12952.0,6,4,1387.79,346.95,64,2011-09-22 16:37:00,2011-12-04 10:35:00,72
12953.0,10,1,329.85,329.85,17,2011-11-30 09:24:00,2011-11-30 09:24:00,1
12955.0,1,11,4757.16,432.47,82,2011-03-17 09:03:00,2011-12-08 16:29:00,266
12956.0,306,1,108.07,108.07,19,2011-02-06 16:08:00,2011-02-06 16:08:00,1
12957.0,10,8,4017.54,502.19,208,2011-01-04 12:18:00,2011-11-30 09:53:00,329
12962.0,7,2,266.39,133.2,15,2011-08-18 13:38:00,2011-12-02 15:55:00,106
12963.0,8,8,1856.63,232.08,75,2010-12-09 09:14:00,2011-12-01 12:55:00,357
12965.0,89,1,771.91,771.91,107,2011-09-11 15:31:00,2011-09-11 15:31:00,1
12966.0,10,1,160.18,160.18,10,2011-11-30 12:38:00,2011-11-30 12:38:00,1
12967.0,358,2,1660.9,830.45,19,2010-12-03 09:49:00,2010-12-16 19:10:00,13
12968.0,112,1,135.95,135.95,5,2011-08-19 15:44:00,2011-08-19 15:44:00,1
12970.0,7,4,452.24,113.06,116,2011-01-21 14:04:00,2011-12-02 14:30:00,315
12971.0,4,86,11189.91,130.12,96,2010-12-02 16:42:00,2011-12-06 12:20:00,368
12974.0,198,1,144.8,144.8,8,2011-05-26 09:33:00,2011-05-26 09:33:00,1
12976.0,212,1,738.6,738.6,22,2011-05-12 09:55:00,2011-05-12 09:55:00,1
12977.0,156,1,39.24,39.24,9,2011-07-06 16:40:00,2011-07-06 16:40:00,1
12980.0,158,9,7374.9,819.43,6,2010-12-16 11:36:00,2011-07-05 09:34:00,200
12981.0,30,2,372.22,186.11,14,2011-07-29 14:14:00,2011-11-10 12:00:00,103
12982.0,243,1,390.54,390.54,28,2011-04-11 11:51:00,2011-04-11 11:51:00,1
12984.0,19,1,97.5,97.5,4,2011-11-21 12:37:00,2011-11-21 12:37:00,1
12985.0,1,2,1239.38,619.69,73,2011-11-11 12:44:00,2011-12-09 10:46:00,27
12987.0,74,2,558.7,279.35,27,2011-05-26 12:00:00,2011-09-27 12:03:00,124
12988.0,292,1,535.32,535.32,75,2011-02-20 14:31:00,2011-02-20 14:31:00,1
12989.0,3,15,6924.11,461.61,41,2010-12-10 13:24:00,2011-12-06 15:28:00,361
12990.0,31,3,409.5,136.5,8,2011-02-02 15:39:00,2011-11-08 13:01:00,278
12991.0,23,2,503.76,251.88,31,2011-08-19 14:39:00,2011-11-16 15:34:00,89
12993.0,23,4,414.76,103.69,26,2011-02-14 14:29:00,2011-11-16 15:49:00,275
12994.0,4,3,974.42,324.81,52,2011-03-16 08:31:00,2011-12-05 15:43:00,264
12995.0,85,1,211.32,211.32,3,2011-09-15 15:44:00,2011-09-15 15:44:00,1
12997.0,22,4,1226.89,306.72,46,2011-01-26 15:49:00,2011-11-17 15:47:00,294
12999.0,196,3,455.88,151.96,25,2011-04-08 10:26:00,2011-05-27 13:24:00,49
13000.0,107,3,534.85,178.28,30,2010-12-10 10:26:00,2011-08-25 10:43:00,258
13001.0,4,13,9818.82,755.29,167,2011-01-17 12:45:00,2011-12-05 14:51:00,322
13002.0,318,1,120.95,120.95,7,2011-01-25 15:18:00,2011-01-25 15:18:00,1
13003.0,106,3,149.05,49.68,4,2011-05-09 08:23:00,2011-08-26 10:50:00,109
13004.0,12,18,5655.91,314.22,281,2010-12-17 08:20:00,2011-11-28 11:27:00,346
13005.0,174,2,513.7,256.85,21,2011-04-07 13:32:00,2011-06-19 10:53:00,72
13006.0,56,1,81.57,81.57,4,2011-10-14 13:49:00,2011-10-14 13:49:00,1
13008.0,323,1,229.47,229.47,14,2011-01-20 14:24:00,2011-01-20 14:24:00,1
13011.0,372,1,50.55,50.55,3,2010-12-02 17:22:00,2010-12-02 17:22:00,1
13012.0,9,8,1661.84,207.73,67,2011-02-18 09:43:00,2011-11-30 13:05:00,285
13013.0,1,13,4810.94,370.07,155,2010-12-03 12:28:00,2011-12-08 15:01:00,370
13014.0,11,10,3466.28,346.63,68,2011-03-03 18:28:00,2011-11-29 12:27:00,270
13015.0,53,5,3346.28,669.26,156,2011-04-04 14:28:00,2011-10-17 13:19:00,195
13016.0,73,3,789.89,263.3,39,2011-08-08 15:00:00,2011-09-27 14:08:00,49
13017.0,7,1,204.0,204.0,1,2011-12-02 15:53:00,2011-12-02 15:53:00,1
13018.0,16,28,7277.7,259.92,316,2011-02-17 11:05:00,2011-11-23 13:28:00,279
13021.0,4,9,2616.38,290.71,101,2010-12-16 10:12:00,2011-12-05 16:37:00,354
13023.0,64,2,689.9,344.95,36,2011-08-02 09:34:00,2011-10-06 16:27:00,65
13026.0,1,5,975.36,195.07,32,2011-03-09 11:35:00,2011-12-08 16:58:00,274
13027.0,114,6,6912.0,1152.0,6,2010-12-20 12:45:00,2011-08-18 09:39:00,240
13028.0,23,2,661.32,330.66,40,2011-10-25 14:09:00,2011-11-17 11:10:00,22
13029.0,31,3,1247.5,415.83,8,2010-12-21 13:53:00,2011-11-09 09:13:00,322
13030.0,11,2,799.48,399.74,76,2010-12-06 14:31:00,2011-11-28 14:30:00,356
13032.0,52,2,1010.18,505.09,55,2011-09-13 16:40:00,2011-10-18 15:54:00,34
13033.0,357,1,190.55,190.55,11,2010-12-17 14:23:00,2010-12-17 14:23:00,1
13034.0,55,2,642.77,321.39,37,2010-12-05 14:52:00,2011-10-16 12:21:00,314
13035.0,74,2,921.88,460.94,23,2011-03-24 09:21:00,2011-09-27 08:57:00,186
13037.0,138,3,881.07,293.69,44,2011-03-28 15:42:00,2011-07-24 15:46:00,118
13038.0,80,3,908.46,302.82,24,2011-02-22 11:43:00,2011-09-20 14:37:00,210
13040.0,9,2,676.99,338.5,38,2011-11-06 13:53:00,2011-12-01 10:38:00,24
13043.0,273,1,516.42,516.42,13,2011-03-11 14:52:00,2011-03-11 14:52:00,1
13044.0,291,1,560.47,560.47,33,2011-02-21 15:20:00,2011-02-21 15:20:00,1
13045.0,99,1,305.28,305.28,18,2011-09-01 15:04:00,2011-09-01 15:04:00,1
13046.0,31,2,629.31,314.65,32,2011-03-18 15:43:00,2011-11-09 08:36:00,235
13047.0,32,10,3237.54,323.75,106,2010-12-01 08:34:00,2011-11-08 12:06:00,342
13048.0,14,4,1835.91,458.98,78,2011-01-16 14:36:00,2011-11-25 13:23:00,312
13049.0,64,2,656.68,328.34,14,2011-01-25 16:33:00,2011-10-06 15:31:00,253
13050.0,15,17,5836.86,343.34,248,2010-12-08 09:30:00,2011-11-25 09:18:00,351
13052.0,212,1,348.15,348.15,18,2011-05-11 14:12:00,2011-05-11 14:12:00,1
13055.0,78,3,1214.41,404.8,75,2011-05-10 08:58:00,2011-09-22 14:26:00,135
13058.0,25,3,271.4,90.47,5,2011-07-11 12:01:00,2011-11-15 12:43:00,127
13059.0,250,1,183.4,183.4,8,2011-04-04 10:40:00,2011-04-04 10:40:00,1
13060.0,254,1,307.53,307.53,15,2011-03-31 11:37:00,2011-03-31 11:37:00,1
13061.0,72,1,248.61,248.61,9,2011-09-28 16:04:00,2011-09-28 16:04:00,1
13062.0,191,1,346.98,346.98,11,2011-06-01 15:12:00,2011-06-01 15:12:00,1
13064.0,13,4,1119.49,279.87,50,2011-01-16 13:41:00,2011-11-27 12:31:00,314
13065.0,373,1,205.86,205.86,14,2010-12-01 16:52:00,2010-12-01 16:52:00,1
13066.0,24,2,470.8,235.4,48,2011-11-07 17:06:00,2011-11-15 12:57:00,7
13067.0,82,1,115.46,115.46,14,2011-09-18 13:38:00,2011-09-18 13:38:00,1
13068.0,10,2,344.0,172.0,1,2011-01-24 08:20:00,2011-11-29 15:00:00,309
13069.0,1,24,4436.12,184.84,283,2010-12-05 11:02:00,2011-12-09 08:39:00,368
13070.0,192,1,228.8,228.8,9,2011-05-31 13:45:00,2011-05-31 13:45:00,1
13072.0,267,1,177.15,177.15,7,2011-03-18 08:12:00,2011-03-18 08:12:00,1
13075.0,130,1,919.61,919.61,22,2011-08-02 10:19:00,2011-08-02 10:19:00,1
13077.0,1,4,729.27,182.32,99,2010-12-08 14:59:00,2011-12-08 19:24:00,365
13078.0,3,26,12627.94,485.69,96,2010-12-08 09:07:00,2011-12-06 15:36:00,363
13079.0,4,5,220.1,44.02,2,2011-07-22 14:41:00,2011-12-05 16:53:00,136
13080.0,179,1,58.08,58.08,6,2011-06-13 14:59:00,2011-06-13 14:59:00,1
13081.0,12,11,28337.38,2576.13,509,2010-12-03 17:20:00,2011-11-28 10:54:00,359
13082.0,126,9,3613.63,401.51,64,2011-01-05 15:42:00,2011-08-05 16:16:00,212
13083.0,4,2,303.75,151.88,15,2011-09-25 10:46:00,2011-12-05 15:01:00,71
13085.0,158,2,416.08,208.04,17,2011-02-17 13:57:00,2011-07-05 12:11:00,137
13089.0,3,97,58825.83,606.45,662,2010-12-05 10:27:00,2011-12-07 09:02:00,366
13090.0,9,14,8910.82,636.49,98,2010-12-02 07:48:00,2011-12-01 12:39:00,364
13091.0,28,1,345.82,345.82,21,2011-11-11 15:54:00,2011-11-11 15:54:00,1
13092.0,71,5,477.83,95.57,19,2010-12-15 12:27:00,2011-09-30 11:18:00,288
13093.0,276,8,7832.47,979.06,98,2010-12-01 15:00:00,2011-03-09 12:14:00,97
13094.0,21,12,1927.32,160.61,5,2010-12-06 10:34:00,2011-11-18 14:07:00,347
13095.0,71,1,74.4,74.4,6,2011-09-30 12:03:00,2011-09-30 12:03:00,1
13097.0,33,10,6010.42,601.04,213,2010-12-14 15:13:00,2011-11-07 10:43:00,327
13098.0,1,28,28882.44,1031.52,162,2011-01-26 13:46:00,2011-12-08 14:14:00,316
13099.0,99,1,207.36,207.36,1,2011-09-01 17:40:00,2011-09-01 17:40:00,1
13101.0,234,1,101.19,101.19,8,2011-04-19 14:37:00,2011-04-19 14:37:00,1
13102.0,1,24,6424.09,267.67,141,2010-12-09 13:38:00,2011-12-08 12:52:00,363
13103.0,40,1,243.94,243.94,8,2011-10-31 09:38:00,2011-10-31 09:38:00,1
13104.0,3,6,1098.48,183.08,14,2010-12-20 11:58:00,2011-12-06 13:10:00,351
13106.0,133,1,76.5,76.5,1,2011-07-29 15:12:00,2011-07-29 15:12:00,1
13107.0,44,4,1531.62,382.91,54,2011-01-10 12:28:00,2011-10-26 14:52:00,289
13108.0,373,1,350.06,350.06,10,2010-12-02 10:35:00,2010-12-02 10:35:00,1
13109.0,60,2,786.54,393.27,41,2011-07-05 14:56:00,2011-10-11 10:16:00,97
13110.0,31,7,1488.67,212.67,110,2011-02-01 15:24:00,2011-11-08 14:30:00,279
13113.0,1,24,12245.96,510.25,95,2010-12-08 13:21:00,2011-12-09 12:49:00,365
13115.0,12,4,2294.78,573.69,89,2011-06-08 16:15:00,2011-11-28 12:38:00,172
13116.0,138,1,501.14,501.14,30,2011-07-24 14:33:00,2011-07-24 14:33:00,1
13117.0,22,8,984.91,123.11,66,2010-12-02 13:11:00,2011-11-18 12:02:00,350
13118.0,20,5,1197.81,239.56,67,2011-02-24 12:32:00,2011-11-20 12:46:00,269
13120.0,239,1,30.6,30.6,1,2011-04-15 10:19:00,2011-04-15 10:19:00,1
13121.0,269,1,283.73,283.73,50,2011-03-15 16:47:00,2011-03-15 16:47:00,1
13122.0,94,2,922.39,461.2,54,2011-04-13 14:12:00,2011-09-06 15:53:00,146
13124.0,90,3,3866.33,1288.78,186,2010-12-15 15:00:00,2011-09-11 12:45:00,269
13126.0,5,8,2099.64,262.46,124,2010-12-08 11:42:00,2011-12-05 10:00:00,361
13127.0,78,1,259.17,259.17,15,2011-09-23 10:26:00,2011-09-23 10:26:00,1
13130.0,94,1,64.0,64.0,2,2011-09-06 15:30:00,2011-09-06 15:30:00,1
13131.0,23,3,1073.3,357.77,30,2011-06-05 10:54:00,2011-11-16 13:21:00,164
13132.0,262,1,77.3,77.3,3,2011-03-23 12:44:00,2011-03-23 12:44:00,1
13133.0,274,2,109.8,54.9,7,2011-02-08 15:48:00,2011-03-11 10:31:00,30
13134.0,86,4,1793.58,448.4,94,2011-04-13 12:57:00,2011-09-15 10:35:00,154
13135.0,197,1,3096.0,3096.0,1,2011-05-27 10:52:00,2011-05-27 10:52:00,1
13136.0,56,5,2607.61,521.52,97,2011-05-11 12:47:00,2011-10-14 13:41:00,156
13137.0,11,8,3650.41,456.3,350,2011-02-04 11:54:00,2011-11-29 12:09:00,298
13138.0,22,6,962.39,160.4,31,2010-12-02 15:03:00,2011-11-17 16:51:00,350
13139.0,16,7,5064.94,723.56,133,2011-03-25 11:57:00,2011-11-23 13:54:00,243
13140.0,108,3,423.72,141.24,40,2010-12-08 15:12:00,2011-08-23 15:33:00,258
13141.0,85,5,2388.75,477.75,113,2011-01-28 13:04:00,2011-09-16 09:54:00,230
13142.0,19,1,307.09,307.09,23,2011-11-20 16:07:00,2011-11-20 16:07:00,1
13144.0,333,1,110.95,110.95,3,2011-01-11 11:15:00,2011-01-11 11:15:00,1
13145.0,40,4,618.52,154.63,5,2010-12-02 18:06:00,2011-10-31 12:45:00,332
13146.0,26,1,228.91,228.91,16,2011-11-13 15:29:00,2011-11-13 15:29:00,1
13147.0,10,4,712.8,178.2,1,2011-09-01 12:28:00,2011-11-29 13:59:00,89
13148.0,29,12,3707.12,308.93,229,2010-12-10 13:06:00,2011-11-10 15:23:00,335
13149.0,14,4,1676.06,419.02,75,2011-02-23 13:57:00,2011-11-25 13:09:00,274
13151.0,296,1,1257.87,1257.87,73,2011-02-17 12:29:00,2011-02-17 12:29:00,1
13153.0,6,1,486.22,486.22,15,2011-12-04 12:14:00,2011-12-04 12:14:00,1
13155.0,33,4,971.76,242.94,67,2010-12-06 12:44:00,2011-11-06 15:41:00,335
13157.0,49,4,1741.22,435.3,70,2011-02-14 14:03:00,2011-10-21 13:50:00,248
13158.0,95,4,1201.06,300.26,60,2011-01-25 09:58:00,2011-09-06 11:58:00,224
13159.0,9,4,1437.85,359.46,113,2011-08-16 11:44:00,2011-12-01 11:20:00,106
13160.0,22,1,91.8,91.8,4,2011-11-17 13:07:00,2011-11-17 13:07:00,1
13161.0,313,1,112.75,112.75,8,2011-01-30 14:03:00,2011-01-30 14:03:00,1
13162.0,122,4,1688.29,422.07,73,2011-01-09 10:43:00,2011-08-09 15:59:00,212
13165.0,46,2,1021.48,510.74,40,2010-12-23 14:06:00,2011-10-24 15:05:00,305
13166.0,283,1,417.2,417.2,39,2011-03-01 15:16:00,2011-03-01 15:16:00,1
13167.0,19,4,791.33,197.83,52,2011-07-19 12:13:00,2011-11-21 12:24:00,125
13168.0,36,4,1319.19,329.8,103,2011-01-25 13:55:00,2011-11-03 12:56:00,281
13169.0,64,2,712.88,356.44,11,2011-04-01 14:24:00,2011-10-07 12:11:00,188
13170.0,27,1,116.01,116.01,29,2011-11-13 12:19:00,2011-11-13 12:19:00,1
13171.0,22,3,468.41,156.14,37,2011-02-13 14:16:00,2011-11-18 10:27:00,277
13173.0,4,2,353.65,176.82,41,2010-12-07 14:30:00,2011-12-05 15:51:00,363
13174.0,16,3,2817.03,939.01,228,2010-12-05 16:24:00,2011-11-23 14:35:00,352
13176.0,46,1,492.84,492.84,66,2011-10-24 15:43:00,2011-10-24 15:43:00,1
13177.0,65,1,282.45,282.45,17,2011-10-06 09:56:00,2011-10-06 09:56:00,1
13178.0,26,11,5725.47,520.5,102,2010-12-14 12:22:00,2011-11-13 16:14:00,334
13182.0,45,1,121.18,121.18,11,2011-10-25 13:46:00,2011-10-25 13:46:00,1
13183.0,8,9,3957.78,439.75,51,2011-01-09 10:50:00,2011-12-02 10:30:00,326
13184.0,15,10,1701.29,170.13,139,2011-02-22 17:25:00,2011-11-25 12:02:00,275
13185.0,268,1,71.4,71.4,1,2011-03-17 11:56:00,2011-03-17 11:56:00,1
13186.0,40,3,1575.89,525.3,69,2011-08-03 09:09:00,2011-10-31 11:40:00,89
13187.0,337,1,236.02,236.02,37,2011-01-06 18:57:00,2011-01-06 18:57:00,1
13188.0,11,1,114.6,114.6,2,2011-11-28 15:28:00,2011-11-28 15:28:00,1
13189.0,19,2,260.68,130.34,29,2011-08-16 13:12:00,2011-11-21 10:39:00,96
13192.0,95,2,911.94,455.97,57,2011-05-18 14:57:00,2011-09-05 14:13:00,109
13193.0,61,1,117.88,117.88,22,2011-10-09 14:30:00,2011-10-09 14:30:00,1
13194.0,136,1,60.7,60.7,3,2011-07-27 09:01:00,2011-07-27 09:01:00,1
13196.0,11,4,1797.78,449.44,98,2011-03-22 14:24:00,2011-11-28 13:54:00,250
13198.0,10,6,3401.24,566.87,199,2010-12-13 09:29:00,2011-11-29 15:17:00,351
13199.0,4,38,9817.12,258.35,50,2010-12-08 10:51:00,2011-12-06 12:30:00,363
13200.0,19,4,870.09,217.52,42,2011-08-05 14:50:00,2011-11-20 15:35:00,107
13203.0,10,4,869.46,217.36,56,2011-04-11 14:40:00,2011-11-30 10:45:00,232
13207.0,15,2,250.26,125.13,7,2011-07-12 11:35:00,2011-11-24 14:52:00,135
13208.0,59,6,1223.9,203.98,124,2011-02-03 19:32:00,2011-10-12 09:54:00,250
13209.0,30,8,5891.61,736.45,259,2010-12-13 10:31:00,2011-11-09 13:54:00,331
13210.0,94,1,353.48,353.48,22,2011-09-07 08:18:00,2011-09-07 08:18:00,1
13211.0,10,3,1197.42,399.14,45,2010-12-13 16:17:00,2011-11-29 14:43:00,350
13212.0,20,3,788.08,262.69,128,2011-10-09 14:48:00,2011-11-20 12:40:00,41
13213.0,57,5,1520.58,304.12,82,2011-05-24 12:22:00,2011-10-14 11:42:00,142
13216.0,268,1,333.74,333.74,5,2011-03-17 12:18:00,2011-03-17 12:18:00,1
13217.0,122,3,533.98,177.99,3,2011-07-06 12:08:00,2011-08-09 15:32:00,34
13218.0,127,1,62.64,62.64,5,2011-08-04 16:59:00,2011-08-04 16:59:00,1
13220.0,78,4,819.29,204.82,18,2011-04-17 10:59:00,2011-09-22 13:38:00,158
13221.0,240,2,847.41,423.71,62,2010-12-15 13:24:00,2011-04-13 16:58:00,119
13223.0,200,2,163.2,81.6,5,2011-04-21 15:16:00,2011-05-23 13:03:00,31
13224.0,60,2,2155.95,1077.97,102,2011-07-11 14:10:00,2011-10-10 14:55:00,91
13225.0,3,7,6463.84,923.41,23,2010-12-13 09:49:00,2011-12-06 13:29:00,358
13226.0,273,1,108.21,108.21,16,2011-03-11 14:35:00,2011-03-11 14:35:00,1
13227.0,202,1,257.7,257.7,9,2011-05-22 11:47:00,2011-05-22 11:47:00,1
13228.0,81,1,358.0,358.0,2,2011-09-19 14:28:00,2011-09-19 14:28:00,1
13229.0,226,1,160.95,160.95,10,2011-04-28 12:07:00,2011-04-28 12:07:00,1
13230.0,4,14,2806.97,200.5,396,2010-12-09 19:28:00,2011-12-05 16:03:00,360
13232.0,13,7,1357.6,193.94,146,2011-04-10 13:48:00,2011-11-27 10:39:00,230
13233.0,74,2,605.12,302.56,43,2011-01-07 14:49:00,2011-09-26 13:25:00,261
13235.0,212,1,1031.07,1031.07,53,2011-05-11 17:13:00,2011-05-11 17:13:00,1
13236.0,24,2,744.85,372.42,34,2011-08-25 08:58:00,2011-11-15 12:50:00,82
13238.0,17,4,700.73,175.18,21,2010-12-14 14:37:00,2011-11-22 15:37:00,343
13239.0,262,1,329.56,329.56,21,2011-03-23 10:25:00,2011-03-23 10:25:00,1
13240.0,96,4,663.65,165.91,59,2010-12-09 12:49:00,2011-09-04 14:08:00,269
13242.0,112,3,270.4,90.13,12,2011-05-10 12:26:00,2011-08-19 12:53:00,101
13243.0,203,1,600.07,600.07,56,2011-05-20 13:14:00,2011-05-20 13:14:00,1
13244.0,93,1,121.74,121.74,27,2011-09-08 11:46:00,2011-09-08 11:46:00,1
13245.0,51,1,430.5,430.5,16,2011-10-20 11:40:00,2011-10-20 11:40:00,1
13246.0,18,6,1987.3,331.22,110,2011-01-13 13:36:00,2011-11-21 16:50:00,312
13247.0,18,4,501.12,125.28,18,2011-09-18 11:31:00,2011-11-22 10:59:00,64
13248.0,125,2,465.68,232.84,25,2011-06-03 13:05:00,2011-08-07 12:40:00,64
13249.0,92,3,711.41,237.14,21,2011-03-23 15:26:00,2011-09-08 13:26:00,168
13253.0,157,2,1030.4,515.2,35,2011-01-04 15:43:00,2011-07-06 10:09:00,182
13255.0,9,2,399.51,199.76,13,2010-12-01 11:58:00,2011-11-30 13:14:00,364
13258.0,12,3,698.58,232.86,28,2011-05-18 13:11:00,2011-11-28 09:31:00,193
13259.0,62,1,292.32,292.32,77,2011-10-09 10:48:00,2011-10-09 10:48:00,1
13260.0,61,1,557.62,557.62,8,2011-10-09 13:21:00,2011-10-09 13:21:00,1
13261.0,269,2,944.1,472.05,8,2011-02-27 10:41:00,2011-03-16 12:22:00,17
13262.0,263,1,200.29,200.29,11,2011-03-21 15:06:00,2011-03-21 15:06:00,1
13263.0,1,35,7454.07,212.97,453,2011-01-18 16:31:00,2011-12-08 13:59:00,323
13265.0,53,5,2107.66,421.53,66,2011-03-11 09:54:00,2011-10-17 15:02:00,220
13266.0,11,12,3834.26,319.52,82,2011-03-28 10:14:00,2011-11-28 14:39:00,245
13267.0,3,19,4521.49,237.97,93,2010-12-08 09:20:00,2011-12-07 11:12:00,364
13268.0,18,11,3214.69,292.24,258,2011-03-17 13:20:00,2011-11-22 11:51:00,249
13269.0,1,15,5346.23,356.42,180,2010-12-05 11:51:00,2011-12-08 14:53:00,368
13270.0,366,1,590.0,590.0,1,2010-12-08 14:53:00,2010-12-08 14:53:00,1
13271.0,37,1,217.38,217.38,79,2011-11-02 14:31:00,2011-11-02 14:31:00,1
13272.0,31,2,276.56,138.28,15,2011-09-11 12:06:00,2011-11-08 14:00:00,58
13273.0,113,1,138.98,138.98,16,2011-08-18 14:02:00,2011-08-18 14:02:00,1
13276.0,64,2,590.93,295.46,30,2011-09-01 10:03:00,2011-10-07 12:44:00,36
13277.0,16,4,258.4,64.6,5,2011-07-29 10:06:00,2011-11-24 09:21:00,117
13278.0,41,1,542.73,542.73,46,2011-10-30 11:49:00,2011-10-30 11:49:00,1
13279.0,78,1,137.75,137.75,9,2011-09-22 17:24:00,2011-09-22 17:24:00,1
13280.0,122,3,814.86,271.62,67,2011-01-06 17:10:00,2011-08-09 13:14:00,214
13282.0,18,3,1132.14,377.38,29,2011-05-03 12:03:00,2011-11-21 15:33:00,202
13283.0,60,2,93.66,46.83,7,2011-06-07 12:39:00,2011-10-11 09:50:00,125
13284.0,331,1,201.19,201.19,13,2011-01-13 09:23:00,2011-01-13 09:23:00,1
13285.0,23,4,2709.12,677.28,160,2011-02-22 17:13:00,2011-11-16 13:19:00,266
13291.0,156,1,361.11,361.11,41,2011-07-07 10:36:00,2011-07-07 10:36:00,1
13292.0,39,2,578.94,289.47,29,2011-02-28 15:00:00,2011-11-01 10:04:00,245
13294.0,190,2,873.74,436.87,48,2011-04-04 12:37:00,2011-06-03 08:54:00,59
13295.0,360,1,201.2,201.2,10,2010-12-15 11:21:00,2010-12-15 11:21:00,1
13296.0,137,1,87.4,87.4,5,2011-07-25 13:46:00,2011-07-25 13:46:00,1
13297.0,8,4,2089.85,522.46,53,2011-10-03 15:08:00,2011-12-02 09:32:00,59
13298.0,1,1,360.0,360.0,2,2011-12-08 13:11:00,2011-12-08 13:11:00,1
13299.0,268,1,142.5,142.5,5,2011-03-16 12:55:00,2011-03-16 12:55:00,1
13300.0,169,1,371.89,371.89,20,2011-06-23 13:09:00,2011-06-23 13:09:00,1
13301.0,104,4,618.09,154.52,75,2011-02-20 13:13:00,2011-08-28 11:25:00,188
13302.0,155,1,63.75,63.75,1,2011-07-07 17:56:00,2011-07-07 17:56:00,1
13304.0,351,1,300.42,300.42,21,2010-12-23 14:35:00,2010-12-23 14:35:00,1
13305.0,4,10,2000.86,200.09,50,2010-12-02 12:10:00,2011-12-05 15:15:00,368
13307.0,120,1,15.0,15.0,1,2011-08-11 17:14:00,2011-08-11 17:14:00,1
13308.0,23,3,1385.51,461.84,49,2011-05-20 13:13:00,2011-11-17 09:31:00,180
13309.0,7,5,1456.79,291.36,83,2011-02-04 12:29:00,2011-12-02 16:34:00,301
13310.0,28,3,1132.03,377.34,66,2011-01-19 14:50:00,2011-11-11 17:23:00,296
13311.0,4,2,598.57,299.29,26,2011-07-12 14:26:00,2011-12-05 12:55:00,145
13313.0,22,5,1555.32,311.06,48,2011-01-04 10:00:00,2011-11-17 16:48:00,317
13314.0,2,3,775.94,258.65,55,2011-09-27 10:20:00,2011-12-08 12:29:00,72
13316.0,37,4,5977.73,1494.43,66,2011-03-30 13:01:00,2011-11-02 13:40:00,217
13317.0,66,6,2273.68,378.95,101,2010-12-16 09:22:00,2011-10-04 13:35:00,292
13318.0,1,3,640.76,213.59,14,2011-11-02 13:26:00,2011-12-08 18:51:00,36
13319.0,5,26,10845.55,417.14,220,2010-12-09 10:04:00,2011-12-04 13:34:00,360
13320.0,78,4,1548.7,387.17,78,2011-05-10 10:29:00,2011-09-22 18:07:00,135
13321.0,72,2,567.36,283.68,10,2011-09-14 15:18:00,2011-09-28 15:24:00,14
13322.0,17,1,199.48,199.48,25,2011-11-22 14:21:00,2011-11-22 14:21:00,1
13323.0,3,5,787.85,157.57,6,2011-09-16 13:23:00,2011-12-06 17:12:00,81
13324.0,36,10,7121.95,712.2,25,2010-12-14 09:50:00,2011-11-03 16:28:00,324
13325.0,82,1,675.3,675.3,12,2011-09-19 10:36:00,2011-09-19 10:36:00,1
13327.0,39,8,3627.77,453.47,76,2010-12-09 15:32:00,2011-11-01 10:21:00,326
13328.0,316,1,1308.48,1308.48,17,2011-01-27 15:22:00,2011-01-27 15:22:00,1
13329.0,32,2,789.0,394.5,16,2010-12-08 10:11:00,2011-11-08 10:29:00,335
13330.0,93,3,1140.93,380.31,38,2011-01-28 10:08:00,2011-09-08 12:27:00,223
13332.0,14,1,350.9,350.9,21,2011-11-25 13:30:00,2011-11-25 13:30:00,1
13334.0,82,3,3536.82,1178.94,208,2011-02-07 11:42:00,2011-09-18 15:21:00,223
13336.0,77,1,795.12,795.12,51,2011-09-23 14:05:00,2011-09-23 14:05:00,1
13338.0,158,1,487.02,487.02,19,2011-07-05 09:06:00,2011-07-05 09:06:00,1
13339.0,201,1,860.12,860.12,54,2011-05-23 08:31:00,2011-05-23 08:31:00,1
13340.0,45,7,10736.48,1533.78,128,2011-03-08 11:39:00,2011-10-25 13:15:00,231
13341.0,261,1,775.85,775.85,42,2011-03-24 09:50:00,2011-03-24 09:50:00,1
13343.0,178,1,353.43,353.43,19,2011-06-15 12:24:00,2011-06-15 12:24:00,1
13344.0,68,3,2543.72,847.91,115,2011-03-07 10:28:00,2011-10-03 09:45:00,209
13345.0,288,1,389.5,389.5,20,2011-02-25 09:01:00,2011-02-25 09:01:00,1
13347.0,70,1,341.36,341.36,8,2011-09-30 13:28:00,2011-09-30 13:28:00,1
13348.0,64,1,233.76,233.76,14,2011-10-06 17:28:00,2011-10-06 17:28:00,1
13349.0,11,1,247.32,247.32,16,2011-11-29 08:07:00,2011-11-29 08:07:00,1
13350.0,16,2,979.12,489.56,36,2011-09-21 13:33:00,2011-11-23 16:33:00,63
13351.0,66,1,373.94,373.94,16,2011-10-04 12:55:00,2011-10-04 12:55:00,1
13352.0,60,1,397.98,397.98,24,2011-10-10 13:55:00,2011-10-10 13:55:00,1
13354.0,71,1,743.53,743.53,51,2011-09-29 13:17:00,2011-09-29 13:17:00,1
13355.0,122,1,674.7,674.7,32,2011-08-09 14:48:00,2011-08-09 14:48:00,1
13356.0,80,1,768.24,768.24,42,2011-09-20 14:33:00,2011-09-20 14:33:00,1
13357.0,257,1,609.95,609.95,85,2011-03-27 13:56:00,2011-03-27 13:56:00,1
13358.0,269,1,439.03,439.03,29,2011-03-16 11:52:00,2011-03-16 11:52:00,1
13359.0,64,1,439.56,439.56,23,2011-10-07 09:30:00,2011-10-07 09:30:00,1
13362.0,9,4,3090.74,772.68,128,2011-02-25 11:33:00,2011-11-30 14:41:00,278
13363.0,18,2,992.5,496.25,47,2011-10-27 10:46:00,2011-11-22 12:40:00,26
13364.0,71,1,134.96,134.96,10,2011-09-29 18:13:00,2011-09-29 18:13:00,1
13365.0,34,2,2225.37,1112.68,122,2011-05-06 12:00:00,2011-11-06 12:36:00,184
13366.0,50,1,56.16,56.16,1,2011-10-20 13:37:00,2011-10-20 13:37:00,1
13368.0,257,2,623.4,311.7,29,2011-01-06 12:32:00,2011-03-28 09:59:00,80
13369.0,366,1,308.28,308.28,14,2010-12-09 11:30:00,2010-12-09 11:30:00,1
13370.0,372,1,754.87,754.87,39,2010-12-03 10:26:00,2010-12-03 10:26:00,1
13372.0,90,1,378.64,378.64,23,2011-09-11 12:46:00,2011-09-11 12:46:00,1
13373.0,61,3,3312.25,1104.08,135,2011-03-08 14:35:00,2011-10-10 10:51:00,215
13375.0,89,1,778.65,778.65,37,2011-09-12 10:19:00,2011-09-12 10:19:00,1
13376.0,99,3,1019.76,339.92,45,2011-04-19 13:03:00,2011-09-01 16:16:00,135
13379.0,26,3,572.56,190.85,85,2011-07-26 12:26:00,2011-11-13 13:45:00,110
13381.0,32,6,3639.31,606.55,79,2011-02-14 10:10:00,2011-11-08 11:58:00,267
13382.0,281,1,222.99,222.99,15,2011-03-04 10:03:00,2011-03-04 10:03:00,1
13384.0,31,7,4151.93,593.13,126,2011-06-14 12:47:00,2011-11-09 11:04:00,147
13385.0,330,1,534.57,534.57,35,2011-01-14 09:52:00,2011-01-14 09:52:00,1
13388.0,131,2,677.1,338.55,35,2011-07-31 12:52:00,2011-07-31 12:52:00,1
13389.0,11,3,797.96,265.99,50,2011-04-21 12:12:00,2011-11-28 14:01:00,221
13390.0,75,1,544.08,544.08,13,2011-09-26 08:38:00,2011-09-26 08:38:00,1
13391.0,204,1,59.8,59.8,1,2011-05-20 10:50:00,2011-05-20 10:50:00,1
13394.0,2,8,2520.02,315.0,124,2011-02-03 10:39:00,2011-12-08 11:36:00,308
13395.0,185,1,307.72,307.72,21,2011-06-07 15:04:00,2011-06-07 15:04:00,1
13396.0,29,2,1360.99,680.5,42,2011-01-24 13:37:00,2011-11-10 16:59:00,290
13397.0,73,5,1544.13,308.83,28,2011-01-04 13:50:00,2011-09-28 10:56:00,266
13398.0,192,1,457.34,457.34,26,2011-05-31 13:17:00,2011-05-31 13:17:00,1
13402.0,127,2,621.23,310.62,32,2010-12-02 17:12:00,2011-08-04 15:51:00,244
13403.0,18,1,75.0,75.0,3,2011-11-22 08:28:00,2011-11-22 08:28:00,1
13404.0,1,2,252.49,126.24,11,2011-05-11 11:57:00,2011-12-08 15:37:00,211
13405.0,74,3,572.45,190.82,25,2011-01-26 09:27:00,2011-09-26 17:01:00,243
13408.0,2,62,28117.04,453.5,242,2010-12-01 10:39:00,2011-12-08 09:05:00,371
13410.0,24,5,1003.06,200.61,15,2011-02-21 14:38:00,2011-11-15 15:33:00,267
13411.0,107,1,213.55,213.55,17,2011-08-24 13:57:00,2011-08-24 13:57:00,1
13414.0,134,3,1390.5,463.5,23,2011-02-16 12:13:00,2011-07-29 11:45:00,162
13416.0,44,2,712.5,356.25,11,2011-09-19 14:43:00,2011-10-27 08:56:00,37
13417.0,5,2,640.83,320.42,26,2011-05-18 16:26:00,2011-12-05 08:49:00,200
13418.0,12,18,6127.43,340.41,225,2010-12-02 10:45:00,2011-11-28 10:23:00,360
13419.0,64,1,221.06,221.06,16,2011-10-07 12:49:00,2011-10-07 12:49:00,1
13420.0,150,2,159.85,79.92,8,2011-06-22 11:35:00,2011-07-13 08:48:00,20
13421.0,40,2,1851.08,925.54,88,2011-02-22 15:46:00,2011-10-30 14:21:00,249
13422.0,64,1,2626.3,2626.3,127,2011-10-06 13:42:00,2011-10-06 13:42:00,1
13425.0,108,3,1624.21,541.4,68,2011-02-18 08:34:00,2011-08-23 17:13:00,186
13426.0,1,10,3641.32,364.13,103,2010-12-15 12:43:00,2011-12-09 08:59:00,358
13427.0,19,3,582.6,194.2,25,2011-05-08 15:58:00,2011-11-20 13:02:00,195
13428.0,10,1,218.47,218.47,70,2011-11-29 14:20:00,2011-11-29 14:20:00,1
13429.0,11,4,1006.8,251.7,55,2011-09-25 15:59:00,2011-11-29 09:10:00,64
13430.0,19,2,679.45,339.72,48,2011-09-14 14:26:00,2011-11-21 08:19:00,67
13431.0,67,2,1269.1,634.55,44,2011-09-12 11:25:00,2011-10-03 13:49:00,21
13434.0,74,2,534.24,267.12,9,2011-09-04 10:35:00,2011-09-26 14:30:00,22
13435.0,5,7,3809.89,544.27,69,2011-06-03 17:07:00,2011-12-04 14:45:00,183
13436.0,2,1,196.89,196.89,12,2011-12-08 10:33:00,2011-12-08 10:33:00,1
13437.0,14,7,3408.06,486.87,143,2011-06-02 14:30:00,2011-11-25 14:00:00,175
13439.0,255,1,283.71,283.71,54,2011-03-29 14:20:00,2011-03-29 14:20:00,1
13441.0,92,1,296.64,296.64,13,2011-09-09 09:38:00,2011-09-09 09:38:00,1
13447.0,23,3,1129.14,376.38,55,2011-11-04 10:10:00,2011-11-16 13:38:00,12
13448.0,17,6,3539.37,589.9,138,2010-12-01 10:52:00,2011-11-23 12:33:00,357
13449.0,24,1,291.88,291.88,19,2011-11-16 08:28:00,2011-11-16 08:28:00,1
13450.0,27,6,2043.72,340.62,32,2011-05-05 19:48:00,2011-11-13 11:54:00,191
13451.0,26,5,2976.15,595.23,318,2011-01-09 15:35:00,2011-11-13 15:58:00,308
13452.0,259,2,590.0,295.0,1,2011-03-14 11:38:00,2011-03-25 14:19:00,11
13453.0,166,2,356.98,178.49,16,2011-02-23 09:44:00,2011-06-27 09:34:00,123
13455.0,25,2,1058.34,529.17,43,2010-12-08 13:11:00,2011-11-15 11:21:00,341
13456.0,18,6,1766.72,294.45,43,2011-05-16 15:34:00,2011-11-22 09:18:00,189
13458.0,7,14,9646.57,689.04,246,2010-12-15 12:05:00,2011-12-02 15:29:00,352
13460.0,29,2,183.44,91.72,16,2011-10-21 09:50:00,2011-11-10 17:17:00,20
13461.0,39,3,1445.0,481.67,15,2011-06-29 10:23:00,2011-11-01 09:01:00,124
13462.0,253,1,151.5,151.5,9,2011-04-01 11:20:00,2011-04-01 11:20:00,1
13464.0,58,1,674.68,674.68,41,2011-10-12 15:01:00,2011-10-12 15:01:00,1
13466.0,184,1,307.9,307.9,17,2011-06-08 16:39:00,2011-06-08 16:39:00,1
13467.0,11,2,1083.71,541.86,89,2011-11-03 16:56:00,2011-11-29 10:01:00,25
13468.0,2,37,5704.97,154.19,185,2010-12-01 15:08:00,2011-12-08 10:39:00,371
13470.0,99,2,165.0,82.5,7,2011-08-16 17:06:00,2011-09-01 14:57:00,15
13471.0,1,4,2531.58,632.9,214,2011-10-23 13:10:00,2011-12-08 15:44:00,46
13473.0,61,2,422.64,211.32,21,2011-01-11 08:45:00,2011-10-10 11:20:00,272
13474.0,236,1,229.59,229.59,57,2011-04-17 13:53:00,2011-04-17 13:53:00,1
13475.0,191,4,1431.78,357.95,64,2011-02-14 12:36:00,2011-06-01 13:52:00,107
13476.0,179,2,1238.47,619.24,56,2011-03-03 14:43:00,2011-06-14 12:00:00,102
13477.0,38,6,1454.58,242.43,57,2011-02-21 12:29:00,2011-11-02 12:04:00,253
13479.0,201,2,300.95,150.48,14,2011-04-19 11:27:00,2011-05-23 10:45:00,33
13481.0,46,5,1804.56,360.91,99,2011-03-28 09:07:00,2011-10-25 09:07:00,211
13482.0,232,1,184.64,184.64,11,2011-04-21 17:03:00,2011-04-21 17:03:00,1
13483.0,66,1,140.34,140.34,10,2011-10-05 11:53:00,2011-10-05 11:53:00,1
13484.0,241,1,313.8,313.8,8,2011-04-12 16:30:00,2011-04-12 16:30:00,1
13485.0,233,1,454.24,454.24,23,2011-04-20 13:58:00,2011-04-20 13:58:00,1
13486.0,78,3,1122.41,374.14,69,2011-07-07 17:19:00,2011-09-22 13:13:00,76
13487.0,58,3,575.4,191.8,26,2010-12-21 14:54:00,2011-10-13 12:07:00,295
13488.0,17,13,8968.31,689.87,276,2010-12-07 13:01:00,2011-11-22 14:41:00,350
13489.0,105,4,449.52,112.38,11,2011-02-18 10:42:00,2011-08-26 13:16:00,189
13491.0,52,10,1215.82,121.58,73,2010-12-02 14:30:00,2011-10-19 08:32:00,320
13494.0,312,1,316.26,316.26,18,2011-02-01 11:58:00,2011-02-01 11:58:00,1
13495.0,8,5,2044.87,408.97,35,2010-12-06 15:14:00,2011-12-02 11:21:00,360
13496.0,11,2,653.33,326.66,29,2010-12-15 10:17:00,2011-11-29 10:58:00,349
13497.0,283,2,348.05,174.02,19,2010-12-06 11:37:00,2011-03-02 09:04:00,85
13499.0,18,5,1159.11,231.82,31,2011-03-15 08:52:00,2011-11-22 11:21:00,252
13500.0,23,3,1166.77,388.92,60,2011-08-09 12:20:00,2011-11-16 15:35:00,99
13502.0,17,3,292.0,97.33,17,2011-01-20 09:03:00,2011-11-23 10:39:00,307
13503.0,71,1,216.85,216.85,17,2011-09-29 13:23:00,2011-09-29 13:23:00,1
13504.0,64,1,295.93,295.93,22,2011-10-06 13:20:00,2011-10-06 13:20:00,1
13506.0,316,2,458.52,229.26,26,2010-12-05 12:15:00,2011-01-27 13:53:00,53
13507.0,3,4,2479.16,619.79,147,2011-07-17 11:50:00,2011-12-06 13:13:00,142
13508.0,244,1,110.97,110.97,12,2011-04-10 11:58:00,2011-04-10 11:58:00,1
13509.0,9,7,979.72,139.96,28,2011-02-28 13:27:00,2011-12-01 10:10:00,275
13510.0,1,4,1791.56,447.89,87,2011-06-09 09:32:00,2011-12-08 13:46:00,182
13512.0,261,1,251.21,251.21,15,2011-03-24 10:03:00,2011-03-24 10:03:00,1
13513.0,127,1,205.1,205.1,10,2011-08-05 11:50:00,2011-08-05 11:50:00,1
13514.0,74,1,152.2,152.2,4,2011-09-27 09:39:00,2011-09-27 09:39:00,1
13515.0,73,4,891.12,222.78,50,2011-04-06 10:33:00,2011-09-28 11:26:00,175
13516.0,21,3,1389.41,463.14,43,2011-04-15 11:06:00,2011-11-18 13:15:00,217
13517.0,60,3,2128.42,709.47,125,2011-06-13 08:44:00,2011-10-11 11:43:00,120
13518.0,86,1,659.44,659.44,36,2011-09-15 10:29:00,2011-09-15 10:29:00,1
13519.0,78,1,122.75,122.75,8,2011-09-22 18:24:00,2011-09-22 18:24:00,1
13521.0,1,3,1093.65,364.55,313,2011-11-29 15:09:00,2011-12-08 13:50:00,8
13522.0,30,1,125.8,125.8,5,2011-11-09 15:11:00,2011-11-09 15:11:00,1
13523.0,33,5,3964.88,792.98,158,2010-12-08 14:22:00,2011-11-06 15:11:00,333
13524.0,41,5,680.18,136.04,17,2011-05-04 12:26:00,2011-10-30 12:34:00,179
13525.0,15,2,628.78,314.39,5,2011-04-05 15:36:00,2011-11-25 12:01:00,233
13527.0,34,7,2287.51,326.79,154,2011-01-17 11:17:00,2011-11-06 12:04:00,293
13529.0,79,2,307.76,153.88,15,2011-05-19 11:50:00,2011-09-22 09:15:00,125
13531.0,205,2,483.8,241.9,17,2010-12-08 15:03:00,2011-05-18 16:56:00,161
13532.0,34,1,210.31,210.31,66,2011-11-06 12:25:00,2011-11-06 12:25:00,1
13533.0,183,3,270.79,90.26,61,2011-03-17 12:47:00,2011-06-10 11:54:00,84
13534.0,2,25,5870.08,234.8,122,2010-12-16 15:23:00,2011-12-07 14:52:00,355
13536.0,1,7,3448.29,492.61,91,2011-09-25 13:30:00,2011-12-08 16:38:00,74
13538.0,43,7,1280.85,182.98,10,2011-01-28 10:40:00,2011-10-27 16:34:00,272
13539.0,86,3,631.34,210.45,36,2011-02-03 15:23:00,2011-09-15 10:18:00,223
13544.0,40,2,291.41,145.7,76,2011-04-13 12:09:00,2011-10-31 11:57:00,200
13546.0,12,3,626.99,209.0,73,2011-05-23 12:14:00,2011-11-27 14:50:00,188
13548.0,96,2,682.41,341.21,114,2011-04-10 11:35:00,2011-09-04 14:50:00,147
13549.0,26,7,918.2,131.17,37,2011-04-11 13:42:00,2011-11-14 09:20:00,216
13551.0,319,1,91.8,91.8,4,2011-01-24 14:46:00,2011-01-24 14:46:00,1
13552.0,66,12,3740.07,311.67,83,2011-01-28 10:10:00,2011-10-04 15:19:00,249
13555.0,74,4,4149.28,1037.32,128,2011-05-22 11:06:00,2011-09-27 12:36:00,128
13557.0,28,2,584.06,292.03,32,2011-03-04 12:14:00,2011-11-11 15:24:00,252
13558.0,6,4,605.06,151.26,123,2011-10-02 13:01:00,2011-12-04 11:24:00,62
13560.0,7,1,174.37,174.37,32,2011-12-02 13:11:00,2011-12-02 13:11:00,1
13561.0,216,1,141.86,141.86,14,2011-05-08 12:39:00,2011-05-08 12:39:00,1
13562.0,82,3,1799.33,599.78,51,2011-04-08 12:42:00,2011-09-19 10:51:00,163
13563.0,84,2,777.53,388.76,49,2011-07-22 17:21:00,2011-09-16 14:45:00,55
13564.0,144,3,1749.02,583.01,66,2010-12-06 17:26:00,2011-07-18 14:33:00,223
13565.0,19,2,240.22,120.11,35,2011-01-09 14:28:00,2011-11-20 14:33:00,315
13566.0,41,2,874.71,437.36,134,2011-09-18 12:40:00,2011-10-30 11:59:00,41
13568.0,173,1,192.85,192.85,41,2011-06-19 14:42:00,2011-06-19 14:42:00,1
13569.0,17,2,373.75,186.87,74,2010-12-07 12:29:00,2011-11-22 13:07:00,350
13570.0,243,1,239.49,239.49,27,2011-04-10 13:36:00,2011-04-10 13:36:00,1
13571.0,13,12,2092.32,174.36,158,2011-03-31 12:43:00,2011-11-27 10:47:00,240
13572.0,206,1,1384.25,1384.25,32,2011-05-18 11:59:00,2011-05-18 11:59:00,1
13573.0,50,2,294.4,147.2,24,2011-03-31 14:47:00,2011-10-20 14:33:00,202
13575.0,23,5,732.07,146.41,41,2011-06-16 14:24:00,2011-11-16 13:14:00,152
13576.0,10,18,6717.34,373.19,79,2010-12-01 17:24:00,2011-11-29 15:34:00,362
13577.0,25,4,1687.6,421.9,62,2011-04-12 10:33:00,2011-11-14 15:19:00,216
13579.0,15,2,467.04,233.52,19,2010-12-05 16:10:00,2011-11-25 08:41:00,354
13581.0,309,1,118.0,118.0,10,2011-02-03 14:41:00,2011-02-03 14:41:00,1
13583.0,156,1,781.03,781.03,52,2011-07-07 10:40:00,2011-07-07 10:40:00,1
13584.0,307,1,142.4,142.4,24,2011-02-06 12:49:00,2011-02-06 12:49:00,1
13587.0,64,1,712.4,712.4,8,2011-10-07 12:31:00,2011-10-07 12:31:00,1
13588.0,16,9,2478.95,275.44,132,2011-03-29 15:53:00,2011-11-24 10:42:00,239
13589.0,15,2,379.65,189.82,21,2011-06-13 12:44:00,2011-11-25 12:10:00,164
13590.0,11,6,1981.92,330.32,70,2011-02-09 13:25:00,2011-11-28 12:54:00,291
13591.0,65,3,1117.13,372.38,56,2011-03-18 12:18:00,2011-10-06 12:26:00,202
13592.0,36,4,247.96,61.99,15,2011-03-20 14:01:00,2011-11-04 09:49:00,228
13593.0,108,5,2037.08,407.42,77,2011-01-07 16:32:00,2011-08-23 13:35:00,227
13594.0,53,1,396.97,396.97,26,2011-10-18 10:19:00,2011-10-18 10:19:00,1
13596.0,6,2,697.04,348.52,133,2011-11-27 11:57:00,2011-12-04 12:01:00,7
13598.0,47,1,180.17,180.17,33,2011-10-23 14:28:00,2011-10-23 14:28:00,1
13599.0,1,21,5153.67,245.41,173,2010-12-08 10:11:00,2011-12-08 16:10:00,365
13600.0,312,1,219.52,219.52,19,2011-01-31 15:27:00,2011-01-31 15:27:00,1
13601.0,45,2,693.32,346.66,90,2011-05-12 16:52:00,2011-10-25 17:31:00,166
13602.0,65,1,428.89,428.89,23,2011-10-06 11:47:00,2011-10-06 11:47:00,1
13603.0,26,1,164.34,164.34,27,2011-11-13 15:57:00,2011-11-13 15:57:00,1
13606.0,29,3,280.54,93.51,40,2011-02-01 11:42:00,2011-11-10 17:46:00,282
13607.0,40,1,678.01,678.01,93,2011-10-30 16:17:00,2011-10-30 16:17:00,1
13610.0,12,7,1131.88,161.7,165,2011-02-27 14:44:00,2011-11-27 15:38:00,273
13611.0,89,3,1171.8,390.6,68,2010-12-15 10:31:00,2011-09-11 14:51:00,270
13614.0,24,4,1610.46,402.62,170,2011-01-13 12:37:00,2011-11-15 14:47:00,306
13615.0,319,1,417.69,417.69,23,2011-01-25 08:21:00,2011-01-25 08:21:00,1
13617.0,40,3,544.18,181.39,31,2011-06-12 12:55:00,2011-10-30 13:50:00,140
13618.0,174,1,177.34,177.34,13,2011-06-19 11:09:00,2011-06-19 11:09:00,1
13621.0,117,1,213.85,213.85,19,2011-08-15 08:26:00,2011-08-15 08:26:00,1
13623.0,31,5,747.78,149.56,75,2011-02-15 13:08:00,2011-11-09 12:00:00,266
13626.0,253,1,257.23,257.23,19,2011-04-01 10:05:00,2011-04-01 10:05:00,1
13627.0,59,5,1638.47,327.69,82,2010-12-17 09:52:00,2011-10-11 14:20:00,298
13629.0,23,11,7792.36,708.4,29,2011-01-05 12:09:00,2011-11-16 13:21:00,315
13630.0,5,7,2031.78,290.25,51,2011-02-27 12:49:00,2011-12-04 15:16:00,280
13631.0,100,11,3070.42,279.13,6,2011-03-17 17:13:00,2011-09-01 09:57:00,167
13632.0,25,5,2121.27,424.25,121,2011-04-10 15:07:00,2011-11-15 10:51:00,218
13634.0,33,5,1575.16,315.03,156,2011-01-16 15:30:00,2011-11-06 13:40:00,293
13635.0,68,1,1071.03,1071.03,62,2011-10-03 10:55:00,2011-10-03 10:55:00,1
13636.0,37,5,949.12,189.82,57,2011-02-27 14:29:00,2011-11-03 10:30:00,248
13637.0,52,3,810.5,270.17,80,2011-04-27 13:06:00,2011-10-18 13:32:00,174
13638.0,16,1,122.64,122.64,8,2011-11-24 10:38:00,2011-11-24 10:38:00,1
13639.0,74,1,1033.34,1033.34,39,2011-09-26 13:36:00,2011-09-26 13:36:00,1
13642.0,216,1,354.8,354.8,57,2011-05-08 12:34:00,2011-05-08 12:34:00,1
13643.0,31,3,519.44,173.15,24,2011-06-07 11:40:00,2011-11-08 15:37:00,154
13644.0,16,4,2624.26,656.06,144,2011-08-26 11:53:00,2011-11-23 14:07:00,89
13645.0,120,1,252.1,252.1,5,2011-08-11 16:11:00,2011-08-11 16:11:00,1
13647.0,10,4,1678.12,419.53,67,2011-04-19 09:49:00,2011-11-30 12:00:00,225
13649.0,257,2,346.6,173.3,23,2010-12-08 14:46:00,2011-03-28 11:51:00,109
13650.0,17,6,1836.34,306.06,81,2011-03-17 12:37:00,2011-11-23 12:22:00,250
13651.0,35,2,94.2,47.1,6,2011-10-31 12:11:00,2011-11-04 14:59:00,4
13652.0,46,3,1095.08,365.03,49,2010-12-06 09:21:00,2011-10-25 08:51:00,322
13654.0,43,6,2707.33,451.22,157,2011-03-11 12:54:00,2011-10-27 16:24:00,230
13655.0,114,2,932.97,466.48,52,2011-04-12 09:53:00,2011-08-17 14:25:00,127
13656.0,165,2,379.65,189.82,49,2011-01-06 15:42:00,2011-06-28 10:31:00,172
13657.0,11,2,382.14,191.07,16,2011-05-22 12:35:00,2011-11-29 12:32:00,190
13658.0,10,5,2639.17,527.83,92,2011-05-19 17:15:00,2011-11-30 10:13:00,194
13659.0,206,2,1573.2,786.6,92,2011-01-23 12:08:00,2011-05-18 12:37:00,115
13662.0,86,3,897.76,299.25,50,2011-03-25 13:23:00,2011-09-15 12:04:00,173
13663.0,179,1,189.47,189.47,13,2011-06-13 15:44:00,2011-06-13 15:44:00,1
13666.0,60,3,84.65,28.22,12,2011-02-25 13:05:00,2011-10-10 15:39:00,227
13667.0,149,1,305.02,305.02,81,2011-07-13 15:42:00,2011-07-13 15:42:00,1
13668.0,3,21,6363.59,303.03,281,2010-12-12 12:35:00,2011-12-07 12:11:00,359
13669.0,51,2,218.55,109.28,9,2011-07-13 11:44:00,2011-10-20 09:32:00,98
13670.0,75,1,349.7,349.7,25,2011-09-25 15:25:00,2011-09-25 15:25:00,1
13672.0,301,2,186.39,93.2,4,2011-01-11 13:54:00,2011-02-11 13:53:00,30
13673.0,19,2,396.92,198.46,47,2011-11-07 15:40:00,2011-11-21 12:11:00,13
13675.0,151,2,486.82,243.41,25,2011-02-28 12:14:00,2011-07-11 12:57:00,133
13678.0,152,1,232.6,232.6,16,2011-07-11 10:14:00,2011-07-11 10:14:00,1
13680.0,1,4,3722.42,930.6,167,2011-01-04 14:12:00,2011-12-08 13:47:00,337
13681.0,18,4,827.83,206.96,38,2011-07-07 15:21:00,2011-11-22 11:13:00,137
13682.0,187,1,59.5,59.5,3,2011-06-05 14:06:00,2011-06-05 14:06:00,1
13684.0,286,1,67.23,67.23,29,2011-02-27 10:13:00,2011-02-27 10:13:00,1
13685.0,3,7,3119.44,445.63,29,2011-10-10 12:59:00,2011-12-07 11:41:00,57
13686.0,183,1,72.0,72.0,8,2011-06-10 09:10:00,2011-06-10 09:10:00,1
13689.0,63,1,910.0,910.0,6,2011-10-07 13:21:00,2011-10-07 13:21:00,1
13690.0,59,1,172.25,172.25,9,2011-10-11 15:03:00,2011-10-11 15:03:00,1
13692.0,25,3,1488.32,496.11,48,2011-04-17 12:57:00,2011-11-15 11:17:00,211
13694.0,4,50,65039.62,1300.79,369,2010-12-01 12:12:00,2011-12-06 09:32:00,369
13695.0,31,15,2504.13,166.94,47,2011-03-25 11:31:00,2011-11-08 14:26:00,228
13697.0,39,1,151.3,151.3,12,2011-11-01 09:14:00,2011-11-01 09:14:00,1
13699.0,155,1,308.58,308.58,14,2011-07-07 16:51:00,2011-07-07 16:51:00,1
13700.0,26,10,2265.12,226.51,139,2011-01-16 13:18:00,2011-11-13 13:00:00,300
13703.0,318,1,99.5,99.5,1,2011-01-25 13:10:00,2011-01-25 13:10:00,1
13704.0,5,9,2308.06,256.45,111,2011-09-12 14:40:00,2011-12-04 15:13:00,83
13705.0,8,3,711.86,237.29,25,2010-12-01 10:29:00,2011-12-02 12:32:00,366
13706.0,303,1,330.79,330.79,20,2011-02-10 09:21:00,2011-02-10 09:21:00,1
13707.0,267,2,806.41,403.2,48,2011-01-28 13:27:00,2011-03-17 18:03:00,48
13708.0,271,1,296.88,296.88,49,2011-03-13 13:46:00,2011-03-13 13:46:00,1
13709.0,4,13,6328.05,486.77,252,2011-01-28 14:57:00,2011-12-06 10:28:00,311
13710.0,32,1,180.48,180.48,8,2011-11-08 08:16:00,2011-11-08 08:16:00,1
13711.0,219,2,252.06,126.03,11,2011-05-05 10:29:00,2011-05-05 10:31:00,1
13712.0,247,1,228.84,228.84,10,2011-04-07 12:33:00,2011-04-07 12:33:00,1
13715.0,281,5,1079.34,215.87,89,2010-12-02 08:52:00,2011-03-03 19:21:00,91
13716.0,269,1,138.28,138.28,21,2011-03-15 13:49:00,2011-03-15 13:49:00,1
13717.0,32,6,1445.01,240.84,92,2011-02-14 13:21:00,2011-11-07 14:13:00,266
13718.0,246,2,306.55,153.28,9,2011-02-17 11:58:00,2011-04-07 13:24:00,49
13719.0,15,5,1041.68,208.34,56,2011-04-19 13:56:00,2011-11-24 15:26:00,219
13720.0,117,4,799.9,199.98,42,2011-03-30 09:17:00,2011-08-15 12:46:00,138
13721.0,36,1,524.14,524.14,28,2011-11-03 14:05:00,2011-11-03 14:05:00,1
13722.0,132,3,2375.41,791.8,75,2011-03-02 11:43:00,2011-07-31 12:44:00,151
13723.0,217,1,199.85,199.85,6,2011-05-06 17:04:00,2011-05-06 17:04:00,1
13725.0,50,8,1980.56,247.57,94,2011-02-04 12:18:00,2011-10-21 10:03:00,258
13726.0,39,2,1079.66,539.83,39,2011-08-31 11:06:00,2011-11-01 10:49:00,61
13727.0,29,2,333.48,166.74,19,2011-11-06 12:16:00,2011-11-11 09:46:00,4
13728.0,37,6,1016.14,169.36,39,2011-02-02 12:09:00,2011-11-03 10:49:00,273
13730.0,136,2,752.6,376.3,38,2011-07-01 12:47:00,2011-07-27 08:35:00,25
13731.0,219,2,610.59,305.3,36,2011-04-07 10:10:00,2011-05-04 14:33:00,27
13732.0,28,1,491.86,491.86,33,2011-11-11 15:49:00,2011-11-11 15:49:00,1
13735.0,25,4,2885.24,721.31,158,2011-04-19 13:49:00,2011-11-15 11:14:00,209
13736.0,5,2,731.9,365.95,167,2011-03-24 13:04:00,2011-12-04 15:19:00,255
13737.0,200,1,339.6,339.6,29,2011-05-23 16:32:00,2011-05-23 16:32:00,1
13739.0,18,1,216.9,216.9,3,2011-11-21 13:35:00,2011-11-21 13:35:00,1
13740.0,241,1,350.75,350.75,23,2011-04-13 10:32:00,2011-04-13 10:32:00,1
13741.0,72,3,668.43,222.81,34,2011-05-06 13:43:00,2011-09-29 09:19:00,145
13742.0,17,12,3131.02,260.92,200,2011-01-23 14:59:00,2011-11-23 11:07:00,303
13743.0,3,7,1341.6,191.66,9,2011-03-25 14:46:00,2011-12-07 10:09:00,256
13744.0,95,2,1156.36,578.18,54,2011-02-20 14:08:00,2011-09-05 15:19:00,197
13745.0,162,1,300.04,300.04,25,2011-06-30 16:43:00,2011-06-30 16:43:00,1
13747.0,374,1,79.6,79.6,1,2010-12-01 10:37:00,2010-12-01 10:37:00,1
13748.0,96,5,948.25,189.65,24,2010-12-01 09:00:00,2011-09-05 09:45:00,278
13750.0,54,5,1647.26,329.45,20,2011-01-07 11:49:00,2011-10-17 12:16:00,283
13751.0,288,1,296.25,296.25,9,2011-02-24 15:56:00,2011-02-24 15:56:00,1
13752.0,124,6,1186.28,197.71,64,2011-04-07 12:04:00,2011-08-07 14:16:00,122
13753.0,288,1,741.26,741.26,35,2011-02-25 12:48:00,2011-02-25 12:48:00,1
13754.0,152,2,282.6,141.3,11,2011-01-26 14:58:00,2011-07-11 11:51:00,165
13755.0,4,9,2161.35,240.15,231,2011-10-07 15:45:00,2011-12-06 12:26:00,59
13756.0,2,14,5189.52,370.68,66,2010-12-07 11:41:00,2011-12-07 16:44:00,365
13758.0,12,7,3190.55,455.79,104,2010-12-01 12:08:00,2011-11-28 11:11:00,361
13759.0,33,2,659.41,329.7,24,2011-09-29 15:40:00,2011-11-06 14:47:00,37
13760.0,54,2,286.79,143.39,50,2011-03-28 12:52:00,2011-10-16 16:13:00,202
13761.0,50,2,1070.65,535.33,68,2011-06-13 08:43:00,2011-10-20 14:01:00,129
13762.0,219,1,306.72,306.72,7,2011-05-05 09:15:00,2011-05-05 09:15:00,1
13763.0,63,1,1714.96,1714.96,15,2011-10-07 15:13:00,2011-10-07 15:13:00,1
13764.0,71,3,1521.76,507.25,184,2011-01-06 14:53:00,2011-09-30 12:03:00,266
13767.0,2,37,17220.36,465.42,55,2010-12-01 10:47:00,2011-12-07 15:00:00,371
13769.0,2,10,2796.51,279.65,74,2010-12-07 13:28:00,2011-12-07 15:08:00,365
13771.0,64,4,2634.45,658.61,115,2011-04-06 15:47:00,2011-10-06 14:18:00,182
13772.0,34,3,1132.13,377.38,141,2011-04-14 12:31:00,2011-11-06 11:43:00,205
13774.0,82,1,345.0,345.0,22,2011-09-19 12:06:00,2011-09-19 12:06:00,1
13777.0,1,33,25977.16,787.19,36,2010-12-01 16:01:00,2011-12-09 12:25:00,372
13778.0,103,1,178.7,178.7,9,2011-08-28 15:25:00,2011-08-28 15:25:00,1
13780.0,7,2,360.01,180.01,56,2011-06-22 11:43:00,2011-12-02 13:49:00,163
13781.0,251,1,127.84,127.84,17,2011-04-03 12:08:00,2011-04-03 12:08:00,1
13782.0,13,6,912.0,152.0,98,2011-01-16 11:08:00,2011-11-27 11:54:00,315
13784.0,10,11,2462.79,223.89,9,2011-01-11 14:38:00,2011-11-30 09:33:00,322
13786.0,367,1,230.4,230.4,7,2010-12-07 13:53:00,2010-12-07 13:53:00,1
13787.0,76,2,309.04,154.52,24,2010-12-10 14:45:00,2011-09-25 12:06:00,288
13790.0,4,1,348.8,348.8,45,2011-12-05 15:48:00,2011-12-05 15:48:00,1
13791.0,128,2,1516.0,758.0,7,2011-06-24 16:38:00,2011-08-04 11:44:00,40
13792.0,66,2,195.55,97.77,13,2011-02-25 14:03:00,2011-10-04 14:31:00,221
13798.0,1,57,37153.85,651.82,116,2010-12-02 17:24:00,2011-12-08 15:51:00,370
13799.0,117,2,688.86,344.43,32,2011-02-18 14:18:00,2011-08-15 12:07:00,177
13800.0,310,1,558.32,558.32,33,2011-02-03 12:27:00,2011-02-03 12:27:00,1
13801.0,67,1,324.8,324.8,23,2011-10-04 10:15:00,2011-10-04 10:15:00,1
13802.0,139,3,4599.42,1533.14,55,2011-02-01 12:03:00,2011-07-24 10:54:00,172
13803.0,255,1,277.07,277.07,17,2011-03-29 12:57:00,2011-03-29 12:57:00,1
13804.0,31,7,2635.79,376.54,124,2011-02-23 09:09:00,2011-11-09 12:32:00,259
13805.0,52,2,924.6,462.3,10,2011-08-02 15:29:00,2011-10-18 14:50:00,76
13806.0,64,1,256.38,256.38,10,2011-10-07 11:43:00,2011-10-07 11:43:00,1
13807.0,367,1,112.6,112.6,7,2010-12-07 15:48:00,2010-12-07 15:48:00,1
13808.0,6,5,1747.66,349.53,70,2011-09-04 12:07:00,2011-12-04 12:18:00,91
13819.0,302,3,1140.35,380.12,26,2011-01-24 10:38:00,2011-02-11 10:38:00,18
13821.0,145,2,385.64,192.82,51,2011-03-23 11:30:00,2011-07-18 09:49:00,116
13822.0,6,2,632.0,316.0,90,2011-10-30 15:55:00,2011-12-04 12:13:00,34
13823.0,19,2,957.66,478.83,39,2011-09-09 10:42:00,2011-11-21 10:22:00,72
13824.0,33,5,1698.94,339.79,35,2011-02-02 13:07:00,2011-11-07 12:41:00,277
13826.0,176,1,189.5,189.5,10,2011-06-16 13:48:00,2011-06-16 13:48:00,1
13827.0,58,3,412.05,137.35,83,2011-07-19 15:38:00,2011-10-13 12:38:00,85
13828.0,22,1,209.49,209.49,15,2011-11-17 16:02:00,2011-11-17 16:02:00,1
13831.0,16,6,2202.99,367.16,59,2010-12-05 12:13:00,2011-11-23 15:41:00,353
13832.0,19,1,52.2,52.2,3,2011-11-20 15:36:00,2011-11-20 15:36:00,1
13833.0,159,1,384.8,384.8,28,2011-07-03 13:27:00,2011-07-03 13:27:00,1
13835.0,25,4,834.57,208.64,48,2011-05-08 15:22:00,2011-11-14 15:37:00,190
13837.0,212,2,271.24,135.62,17,2011-01-26 12:15:00,2011-05-12 12:10:00,105
13838.0,6,4,691.73,172.93,144,2010-12-05 10:45:00,2011-12-04 11:00:00,364
13841.0,253,1,85.0,85.0,1,2011-04-01 12:10:00,2011-04-01 12:10:00,1
13842.0,59,9,3385.62,376.18,155,2010-12-08 10:39:00,2011-10-12 10:51:00,308
13844.0,11,1,361.62,361.62,20,2011-11-28 13:21:00,2011-11-28 13:21:00,1
13845.0,65,1,312.98,312.98,9,2011-10-06 08:25:00,2011-10-06 08:25:00,1
13846.0,25,3,865.06,288.35,55,2010-12-14 16:07:00,2011-11-15 12:07:00,335
13848.0,92,3,1255.0,418.33,3,2010-12-08 15:10:00,2011-09-08 12:58:00,273
13849.0,52,2,1537.95,768.98,97,2011-06-22 10:11:00,2011-10-19 10:59:00,119
13850.0,129,1,1595.48,1595.48,93,2011-08-02 14:04:00,2011-08-02 14:04:00,1
13851.0,96,3,2651.46,883.82,77,2011-02-24 17:18:00,2011-09-05 12:36:00,192
13853.0,57,1,1090.14,1090.14,23,2011-10-13 14:18:00,2011-10-13 14:18:00,1
13854.0,9,25,8109.52,324.38,39,2010-12-09 10:48:00,2011-12-01 09:06:00,356
13856.0,169,3,388.5,129.5,10,2011-05-20 13:13:00,2011-06-24 10:03:00,34
13858.0,57,1,216.17,216.17,11,2011-10-13 16:17:00,2011-10-13 16:17:00,1
13859.0,326,1,201.16,201.16,27,2011-01-17 16:14:00,2011-01-17 16:14:00,1
13860.0,1,5,1245.9,249.18,58,2011-09-14 09:27:00,2011-12-08 12:57:00,85
13862.0,18,8,2209.36,276.17,98,2011-01-11 15:13:00,2011-11-21 16:24:00,314
13863.0,248,1,305.78,305.78,20,2011-04-06 10:20:00,2011-04-06 10:20:00,1
13865.0,58,4,501.56,125.39,26,2011-02-23 12:04:00,2011-10-12 13:31:00,231
13866.0,74,1,145.67,145.67,7,2011-09-26 14:54:00,2011-09-26 14:54:00,1
13867.0,31,3,1015.29,338.43,51,2011-05-05 17:28:00,2011-11-08 15:48:00,186
13868.0,7,2,3192.54,1596.27,32,2011-11-01 12:45:00,2011-12-02 16:32:00,31
13869.0,123,4,3104.95,776.24,235,2010-12-17 15:14:00,2011-08-08 13:53:00,233
13870.0,2,8,2770.94,346.37,91,2011-02-25 09:09:00,2011-12-07 13:23:00,285
13871.0,23,13,6403.25,492.56,160,2011-02-04 09:30:00,2011-11-17 10:49:00,286
13873.0,120,3,389.6,129.87,21,2011-02-03 09:37:00,2011-08-12 10:08:00,190
13874.0,358,1,540.45,540.45,18,2010-12-16 18:20:00,2010-12-16 18:20:00,1
13875.0,54,5,1786.79,357.36,82,2011-02-11 15:39:00,2011-10-17 09:36:00,247
13876.0,64,1,122.7,122.7,7,2011-10-07 10:22:00,2011-10-07 10:22:00,1
13877.0,86,1,117.24,117.24,3,2011-09-14 15:49:00,2011-09-14 15:49:00,1
13878.0,55,1,1281.53,1281.53,35,2011-10-16 12:19:00,2011-10-16 12:19:00,1
13880.0,21,13,3219.77,247.67,126,2010-12-07 14:00:00,2011-11-18 13:44:00,345
13881.0,3,20,17159.52,857.98,72,2011-02-01 10:14:00,2011-12-06 12:50:00,308
13882.0,3,5,1191.13,238.23,54,2011-10-06 15:28:00,2011-12-07 11:16:00,61
13883.0,11,5,2674.48,534.9,110,2011-03-31 17:17:00,2011-11-29 10:45:00,242
13884.0,7,5,787.6,157.52,47,2011-03-01 13:40:00,2011-12-02 16:30:00,276
13885.0,189,2,506.8,253.4,28,2011-05-23 08:52:00,2011-06-03 15:07:00,11
13886.0,71,1,243.56,243.56,16,2011-09-29 13:17:00,2011-09-29 13:17:00,1
13887.0,204,1,349.55,349.55,19,2011-05-19 17:22:00,2011-05-19 17:22:00,1
13888.0,120,2,605.63,302.82,38,2011-05-05 14:41:00,2011-08-12 10:13:00,98
13889.0,93,1,416.9,416.9,15,2011-09-08 09:13:00,2011-09-08 09:13:00,1
13890.0,1,10,1883.81,188.38,74,2010-12-16 09:31:00,2011-12-08 15:36:00,357
13892.0,27,4,632.97,158.24,26,2011-04-07 12:04:00,2011-11-13 11:50:00,219
13893.0,298,1,821.1,821.1,21,2011-02-15 11:30:00,2011-02-15 11:30:00,1
13894.0,24,3,564.62,188.21,25,2011-02-02 12:54:00,2011-11-16 09:44:00,286
13895.0,28,4,2593.07,648.27,98,2011-06-28 10:17:00,2011-11-11 16:57:00,136
13897.0,50,1,311.16,311.16,17,2011-10-20 14:30:00,2011-10-20 14:30:00,1
13898.0,326,1,155.93,155.93,12,2011-01-18 10:28:00,2011-01-18 10:28:00,1
13899.0,16,2,388.52,194.26,19,2011-03-10 09:30:00,2011-11-23 13:40:00,258
13900.0,183,3,740.95,246.98,42,2011-03-22 10:13:00,2011-06-09 19:26:00,79
13901.0,72,5,2867.2,573.44,144,2011-01-25 09:01:00,2011-09-28 14:48:00,246
13904.0,37,2,332.64,166.32,24,2011-02-18 11:18:00,2011-11-02 13:41:00,257
13908.0,80,4,2369.55,592.39,104,2011-03-08 12:04:00,2011-09-21 11:49:00,196
13911.0,57,9,2580.91,286.77,120,2011-02-04 14:46:00,2011-10-13 15:43:00,251
13914.0,12,2,626.45,313.23,29,2011-11-03 16:28:00,2011-11-28 10:35:00,24
13917.0,50,2,272.04,136.02,16,2011-06-01 12:46:00,2011-10-21 09:56:00,141
13918.0,50,2,1212.84,606.42,30,2011-03-31 18:05:00,2011-10-21 12:25:00,203
13922.0,352,1,172.25,172.25,7,2010-12-23 10:38:00,2010-12-23 10:38:00,1
13923.0,54,1,351.13,351.13,20,2011-10-17 12:33:00,2011-10-17 12:33:00,1
13924.0,2,6,1838.85,306.47,90,2011-09-28 15:07:00,2011-12-08 09:39:00,70
13925.0,93,4,678.25,169.56,28,2011-07-28 12:09:00,2011-09-08 12:47:00,42
13926.0,23,1,223.85,223.85,11,2011-11-16 13:16:00,2011-11-16 13:16:00,1
13927.0,75,1,348.99,348.99,21,2011-09-26 12:00:00,2011-09-26 12:00:00,1
13928.0,11,4,464.57,116.14,23,2011-07-29 15:59:00,2011-11-29 10:33:00,122
13929.0,169,2,842.65,421.32,8,2011-01-17 15:11:00,2011-06-23 15:26:00,157
13930.0,58,2,337.34,168.67,15,2011-07-26 11:00:00,2011-10-13 09:45:00,78
13931.0,96,2,1237.53,618.76,56,2011-03-04 08:43:00,2011-09-05 10:12:00,185
13932.0,295,1,307.4,307.4,16,2011-02-18 12:02:00,2011-02-18 12:02:00,1
13933.0,109,2,608.79,304.39,23,2011-07-14 13:35:00,2011-08-22 14:03:00,39
13934.0,264,1,922.1,922.1,31,2011-03-21 08:39:00,2011-03-21 08:39:00,1
13936.0,180,1,376.58,376.58,26,2011-06-13 08:47:00,2011-06-13 08:47:00,1
13937.0,169,1,158.85,158.85,9,2011-06-23 16:35:00,2011-06-23 16:35:00,1
13938.0,35,1,71.66,71.66,7,2011-11-04 14:37:00,2011-11-04 14:37:00,1
13939.0,23,3,568.55,189.52,43,2011-02-01 11:30:00,2011-11-16 13:33:00,288
13940.0,17,4,839.14,209.78,39,2011-07-18 16:05:00,2011-11-22 15:15:00,126
13941.0,22,5,5112.96,1022.59,25,2010-12-02 10:17:00,2011-11-18 09:43:00,350
13946.0,79,3,561.57,187.19,11,2011-03-17 10:02:00,2011-09-21 13:33:00,188
13947.0,65,1,90.6,90.6,5,2011-10-05 14:42:00,2011-10-05 14:42:00,1
13948.0,361,1,102.0,102.0,3,2010-12-14 10:18:00,2010-12-14 10:18:00,1
13949.0,3,6,2427.32,404.55,124,2011-09-06 11:55:00,2011-12-07 09:35:00,91
13950.0,11,4,745.06,186.26,33,2011-04-07 11:29:00,2011-11-28 14:44:00,235
13951.0,176,3,674.45,224.82,38,2011-02-18 15:21:00,2011-06-16 16:43:00,118
13952.0,218,2,3251.07,1625.54,120,2011-04-15 09:27:00,2011-05-06 09:00:00,20
13953.0,7,7,3515.68,502.24,8,2010-12-22 10:29:00,2011-12-02 16:04:00,345
13954.0,1,2,439.92,219.96,24,2011-09-30 10:52:00,2011-12-08 12:50:00,69
13955.0,154,2,322.96,161.48,33,2011-02-07 12:24:00,2011-07-08 17:19:00,151
13956.0,5,5,1026.42,205.28,123,2011-03-13 12:51:00,2011-12-04 13:20:00,266
13959.0,79,3,598.2,199.4,79,2010-12-12 13:56:00,2011-09-21 15:06:00,283
13960.0,21,2,230.22,115.11,11,2011-09-29 12:39:00,2011-11-18 15:27:00,50
13962.0,22,2,169.55,84.78,11,2011-04-08 11:21:00,2011-11-18 08:47:00,223
13963.0,308,4,664.54,166.14,35,2010-12-07 09:21:00,2011-02-04 14:43:00,59
13967.0,146,1,80.7,80.7,2,2011-07-17 12:02:00,2011-07-17 12:02:00,1
13969.0,7,18,9053.94,503.0,339,2010-12-09 19:32:00,2011-12-02 15:11:00,357
13971.0,19,8,2758.26,344.78,118,2011-02-27 12:27:00,2011-11-21 12:06:00,266
13972.0,71,2,190.25,95.13,15,2011-05-22 11:34:00,2011-09-30 11:54:00,131
13973.0,287,1,264.7,264.7,11,2011-02-25 15:21:00,2011-02-25 15:21:00,1
13974.0,49,1,413.59,413.59,28,2011-10-21 14:41:00,2011-10-21 14:41:00,1
13975.0,31,6,2526.28,421.05,240,2011-03-08 12:19:00,2011-11-08 13:19:00,245
13976.0,207,1,357.98,357.98,10,2011-05-17 09:13:00,2011-05-17 09:13:00,1
13978.0,15,2,196.79,98.4,14,2011-10-25 15:04:00,2011-11-25 11:36:00,30
13979.0,73,1,869.87,869.87,54,2011-09-27 13:32:00,2011-09-27 13:32:00,1
13980.0,60,1,200.14,200.14,11,2011-10-10 13:34:00,2011-10-10 13:34:00,1
13982.0,39,4,1871.81,467.95,72,2010-12-09 13:57:00,2011-10-31 16:24:00,326
13983.0,30,12,2603.43,216.95,92,2010-12-08 10:38:00,2011-11-10 11:06:00,337
13984.0,27,5,920.51,184.1,14,2010-12-08 15:58:00,2011-11-13 12:38:00,339
13985.0,4,15,7060.13,470.68,109,2011-03-20 13:48:00,2011-12-05 17:06:00,260
13986.0,17,1,320.46,320.46,12,2011-11-22 15:00:00,2011-11-22 15:00:00,1
13988.0,20,6,4147.96,691.33,188,2011-03-30 11:48:00,2011-11-20 10:15:00,234
13989.0,66,2,1266.08,633.04,33,2011-04-14 15:39:00,2011-10-05 09:47:00,173
13990.0,213,1,311.3,311.3,16,2011-05-10 15:19:00,2011-05-10 15:19:00,1
13991.0,12,6,855.97,142.66,59,2011-07-19 12:58:00,2011-11-27 16:18:00,131
13992.0,30,1,76.8,76.8,5,2011-11-09 15:23:00,2011-11-09 15:23:00,1
13993.0,43,9,3466.36,385.15,66,2011-01-13 10:43:00,2011-10-28 09:06:00,287
13994.0,4,6,2313.14,385.52,122,2011-07-14 18:28:00,2011-12-06 11:05:00,144
13995.0,15,5,1393.69,278.74,56,2011-04-08 08:20:00,2011-11-24 14:22:00,230
13999.0,10,12,3901.81,325.15,104,2010-12-13 11:23:00,2011-11-29 13:40:00,351
14000.0,211,1,635.66,635.66,15,2011-05-12 16:50:00,2011-05-12 16:50:00,1
14001.0,46,3,2043.08,681.03,34,2010-12-01 12:58:00,2011-10-25 10:31:00,327
14002.0,134,2,529.73,264.86,47,2011-07-06 14:59:00,2011-07-28 15:55:00,22
14004.0,43,7,4582.64,654.66,104,2011-02-24 09:28:00,2011-10-27 14:40:00,245
14005.0,10,5,2874.72,574.94,53,2011-05-08 10:33:00,2011-11-30 12:41:00,206
14006.0,116,3,962.19,320.73,23,2011-01-31 15:11:00,2011-08-16 09:39:00,196
14009.0,198,2,695.61,347.8,42,2011-05-18 13:00:00,2011-05-25 15:47:00,7
14012.0,278,1,328.8,328.8,11,2011-03-07 12:26:00,2011-03-07 12:26:00,1
14013.0,110,3,473.02,157.67,30,2011-03-09 08:59:00,2011-08-21 15:01:00,165
14014.0,77,1,505.18,505.18,39,2011-09-23 13:18:00,2011-09-23 13:18:00,1
14015.0,53,1,917.34,917.34,20,2011-10-18 10:02:00,2011-10-18 10:02:00,1
14019.0,47,3,1421.61,473.87,38,2011-07-24 15:39:00,2011-10-24 10:13:00,91
14020.0,17,2,642.8,321.4,37,2011-09-12 15:32:00,2011-11-23 09:22:00,71
14021.0,155,3,631.9,210.63,22,2011-03-28 15:10:00,2011-07-07 15:46:00,101
14022.0,225,1,440.0,440.0,28,2011-04-28 14:39:00,2011-04-28 14:39:00,1
14023.0,7,2,584.07,292.03,30,2011-04-03 15:50:00,2011-12-02 13:58:00,242
14024.0,122,2,327.7,163.85,16,2011-08-07 13:31:00,2011-08-10 11:30:00,2
14027.0,61,1,104.82,104.82,6,2011-10-10 09:01:00,2011-10-10 09:01:00,1
14029.0,63,2,467.66,233.83,15,2011-07-18 16:57:00,2011-10-07 14:46:00,80
14030.0,18,8,2360.09,295.01,210,2010-12-08 16:11:00,2011-11-21 16:48:00,348
14031.0,7,19,17286.86,909.83,119,2010-12-02 16:34:00,2011-12-02 17:13:00,365
14032.0,2,11,2975.59,270.51,55,2010-12-08 10:53:00,2011-12-07 15:23:00,364
14034.0,22,3,651.82,217.27,82,2011-07-05 13:06:00,2011-11-17 14:02:00,135
14035.0,29,5,1428.02,285.6,42,2011-02-15 12:48:00,2011-11-11 10:03:00,268
14036.0,285,1,626.65,626.65,38,2011-02-28 09:26:00,2011-02-28 09:26:00,1
14037.0,176,2,147.2,73.6,27,2010-12-10 11:39:00,2011-06-16 13:57:00,188
14038.0,78,3,1560.38,520.13,66,2011-05-16 14:05:00,2011-09-22 13:37:00,128
14039.0,33,1,152.2,152.2,6,2011-11-06 13:48:00,2011-11-06 13:48:00,1
14040.0,41,12,3614.92,301.24,149,2011-01-12 14:57:00,2011-10-30 12:42:00,290
14041.0,266,1,141.41,141.41,21,2011-03-18 13:25:00,2011-03-18 13:25:00,1
14044.0,27,4,652.82,163.2,167,2011-02-03 11:39:00,2011-11-13 12:05:00,283
14045.0,109,4,1659.75,414.94,4,2010-12-01 11:32:00,2011-08-22 15:27:00,264
14046.0,284,1,154.99,154.99,14,2011-02-28 14:48:00,2011-02-28 14:48:00,1
14047.0,9,5,1308.61,261.72,22,2010-12-02 10:09:00,2011-12-01 11:43:00,364
14048.0,305,1,409.93,409.93,83,2011-02-07 14:53:00,2011-02-07 14:53:00,1
14049.0,17,4,5681.72,1420.43,349,2011-01-26 11:27:00,2011-11-23 12:20:00,301
14050.0,32,2,746.36,373.18,49,2011-08-25 13:46:00,2011-11-08 10:00:00,74
14051.0,1,23,15610.39,678.71,54,2010-12-08 12:49:00,2011-12-09 10:20:00,365
14052.0,20,1,225.36,225.36,56,2011-11-20 12:30:00,2011-11-20 12:30:00,1
14053.0,124,2,260.25,130.12,2,2011-07-03 12:21:00,2011-08-07 14:27:00,35
14054.0,65,1,92.46,92.46,6,2011-10-05 15:49:00,2011-10-05 15:49:00,1
14055.0,106,1,725.64,725.64,10,2011-08-25 15:04:00,2011-08-25 15:04:00,1
14056.0,1,23,8214.65,357.16,330,2011-02-28 15:19:00,2011-12-08 13:36:00,282
14057.0,24,17,6217.96,365.76,179,2010-12-14 12:11:00,2011-11-16 10:32:00,336
14059.0,267,1,183.6,183.6,8,2011-03-18 10:06:00,2011-03-18 10:06:00,1
14060.0,5,19,6140.42,323.18,87,2010-12-02 12:11:00,2011-12-05 12:29:00,368
14062.0,10,12,10464.85,872.07,62,2010-12-10 15:56:00,2011-11-30 10:04:00,354
14064.0,29,5,1353.74,270.75,59,2011-03-10 12:59:00,2011-11-10 13:14:00,245
14066.0,267,1,152.55,152.55,7,2011-03-18 12:21:00,2011-03-18 12:21:00,1
14067.0,64,2,374.7,187.35,51,2011-09-04 12:00:00,2011-10-07 10:21:00,32
14068.0,320,1,265.85,265.85,22,2011-01-23 16:02:00,2011-01-23 16:02:00,1
14071.0,4,8,1438.82,179.85,271,2011-03-20 11:33:00,2011-12-06 12:27:00,261
14073.0,32,1,151.04,151.04,13,2011-11-07 15:49:00,2011-11-07 15:49:00,1
14075.0,5,3,942.26,314.09,33,2011-03-23 16:35:00,2011-12-05 08:38:00,256
14076.0,129,1,122.47,122.47,43,2011-08-02 15:19:00,2011-08-02 15:19:00,1
14077.0,41,5,499.42,99.88,33,2011-03-10 15:52:00,2011-10-30 12:35:00,233
14078.0,102,6,1049.37,174.9,46,2010-12-01 12:54:00,2011-08-30 12:16:00,271
14079.0,125,1,375.1,375.1,12,2011-08-07 12:10:00,2011-08-07 12:10:00,1
14080.0,33,1,45.6,45.6,4,2011-11-07 11:09:00,2011-11-07 11:09:00,1
14081.0,302,2,934.52,467.26,126,2010-12-05 15:47:00,2011-02-10 16:17:00,67
14082.0,365,1,182.25,182.25,28,2010-12-10 11:02:00,2010-12-10 11:02:00,1
14083.0,4,9,1018.43,113.16,162,2010-12-03 12:24:00,2011-12-05 13:14:00,367
14085.0,2,18,4448.54,247.14,274,2010-12-06 12:39:00,2011-12-07 13:46:00,366
14087.0,3,1,194.42,194.42,61,2011-12-07 12:41:00,2011-12-07 12:41:00,1
14088.0,10,13,50491.81,3883.99,379,2011-01-21 13:07:00,2011-11-29 16:16:00,312
14089.0,57,1,161.0,161.0,13,2011-10-14 10:38:00,2011-10-14 10:38:00,1
14090.0,325,1,76.32,76.32,1,2011-01-19 10:51:00,2011-01-19 10:51:00,1
14092.0,8,14,4076.91,291.21,117,2010-12-16 15:47:00,2011-12-02 12:13:00,350
14093.0,12,1,442.85,442.85,95,2011-11-27 16:27:00,2011-11-27 16:27:00,1
14096.0,4,17,65164.79,3833.22,1129,2011-08-30 10:49:00,2011-12-05 17:17:00,97
14098.0,37,1,147.35,147.35,21,2011-11-03 10:13:00,2011-11-03 10:13:00,1
14099.0,16,11,3104.17,282.2,169,2010-12-20 11:14:00,2011-11-23 13:53:00,338
14100.0,138,1,194.9,194.9,24,2011-07-25 11:01:00,2011-07-25 11:01:00,1
14101.0,74,6,5976.79,996.13,15,2011-01-17 13:09:00,2011-09-27 12:28:00,252
14102.0,5,5,1360.28,272.06,35,2011-10-26 12:46:00,2011-12-04 15:38:00,39
14104.0,154,2,216.21,108.1,21,2011-06-27 12:49:00,2011-07-08 12:50:00,11
14105.0,239,1,1266.23,1266.23,74,2011-04-14 17:58:00,2011-04-14 17:58:00,1
14107.0,52,7,2703.23,386.18,61,2010-12-10 13:29:00,2011-10-19 12:12:00,312
14108.0,31,2,597.91,298.96,33,2011-08-30 11:32:00,2011-11-09 10:41:00,70
14109.0,73,1,144.2,144.2,9,2011-09-28 10:18:00,2011-09-28 10:18:00,1
14110.0,4,12,5683.15,473.6,94,2011-03-18 09:59:00,2011-12-06 12:26:00,263
14111.0,14,4,692.85,173.21,10,2011-04-12 11:36:00,2011-11-25 13:44:00,227
14112.0,23,7,2915.15,416.45,120,2011-03-09 11:28:00,2011-11-17 12:30:00,253
14113.0,4,4,1840.42,460.1,26,2010-12-20 12:14:00,2011-12-06 12:18:00,351
14114.0,274,2,386.53,193.26,15,2011-01-13 11:05:00,2011-03-11 09:42:00,56
14116.0,20,5,1382.74,276.55,61,2011-08-10 12:44:00,2011-11-20 10:29:00,101
14117.0,144,1,90.0,90.0,3,2011-07-19 09:49:00,2011-07-19 09:49:00,1
14121.0,4,4,2780.15,695.04,148,2011-10-11 10:39:00,2011-12-06 12:19:00,56
14124.0,84,1,419.58,419.58,4,2011-09-16 13:32:00,2011-09-16 13:32:00,1
14125.0,11,3,2740.43,913.48,159,2011-09-22 15:40:00,2011-11-29 12:47:00,67
14126.0,8,3,706.13,235.38,14,2011-11-29 12:21:00,2011-12-02 11:45:00,2
14127.0,123,3,709.71,236.57,38,2011-02-02 12:26:00,2011-08-09 10:49:00,187
14128.0,61,2,637.5,318.75,40,2011-03-29 10:49:00,2011-10-10 12:00:00,195
14129.0,2,5,1123.86,224.77,34,2011-03-24 08:44:00,2011-12-08 11:02:00,259
14130.0,319,1,483.86,483.86,66,2011-01-24 16:05:00,2011-01-24 16:05:00,1
14132.0,2,11,3586.03,326.0,99,2011-06-09 12:04:00,2011-12-07 13:35:00,181
14133.0,130,3,605.64,201.88,26,2011-01-28 11:27:00,2011-08-02 11:34:00,186
14135.0,2,15,4690.31,312.69,96,2010-12-02 10:27:00,2011-12-08 11:38:00,371
14138.0,2,2,982.38,491.19,40,2011-10-07 09:38:00,2011-12-08 12:44:00,62
14139.0,46,1,415.82,415.82,26,2011-10-24 13:34:00,2011-10-24 13:34:00,1
14140.0,4,2,935.05,467.52,60,2011-11-08 11:20:00,2011-12-06 09:05:00,27
14141.0,3,4,915.13,228.78,27,2011-08-26 14:40:00,2011-12-07 09:53:00,102
14142.0,373,1,311.81,311.81,22,2010-12-01 16:33:00,2010-12-01 16:33:00,1
14143.0,134,1,115.8,115.8,7,2011-07-29 09:48:00,2011-07-29 09:48:00,1
14145.0,47,4,3742.2,935.55,6,2011-05-06 13:01:00,2011-10-24 12:10:00,170
14146.0,9,5,4191.0,838.2,183,2010-12-17 15:52:00,2011-12-01 10:18:00,348
14147.0,78,2,483.4,241.7,4,2011-02-27 11:42:00,2011-09-22 18:10:00,207
14148.0,234,1,157.2,157.2,3,2011-04-20 12:02:00,2011-04-20 12:02:00,1
14149.0,221,1,446.62,446.62,28,2011-05-03 09:44:00,2011-05-03 09:44:00,1
14150.0,36,2,658.64,329.32,23,2010-12-15 10:04:00,2011-11-04 10:05:00,324
14152.0,75,2,621.29,310.64,47,2011-04-19 15:46:00,2011-09-25 12:54:00,158
14154.0,239,2,1345.62,672.81,52,2011-04-14 15:58:00,2011-04-14 16:26:00,1
14155.0,266,1,118.75,118.75,6,2011-03-18 14:13:00,2011-03-18 14:13:00,1
14157.0,20,2,432.88,216.44,45,2011-02-27 13:04:00,2011-11-20 11:32:00,265
14158.0,40,1,507.66,507.66,41,2011-10-30 15:08:00,2011-10-30 15:08:00,1
14159.0,20,11,4693.01,426.64,507,2010-12-12 11:17:00,2011-11-20 12:36:00,343
14161.0,216,3,1110.52,370.17,87,2010-12-05 13:18:00,2011-05-08 11:41:00,153
14162.0,174,2,289.36,144.68,25,2011-02-20 12:32:00,2011-06-19 11:36:00,118
14163.0,87,4,2445.91,611.48,36,2011-04-14 17:33:00,2011-09-13 15:18:00,151
14164.0,71,2,1631.77,815.89,28,2011-09-20 12:18:00,2011-09-30 12:24:00,10
14165.0,276,1,122.54,122.54,23,2011-03-09 12:39:00,2011-03-09 12:39:00,1
14167.0,39,4,574.84,143.71,27,2011-01-12 15:44:00,2011-10-31 14:29:00,291
14171.0,98,1,363.79,363.79,57,2011-09-02 16:43:00,2011-09-02 16:43:00,1
14173.0,11,4,450.84,112.71,28,2011-05-04 14:03:00,2011-11-29 11:54:00,208
14174.0,33,1,134.46,134.46,26,2011-11-06 13:17:00,2011-11-06 13:17:00,1
14175.0,60,3,3222.3,1074.1,139,2011-01-14 12:22:00,2011-10-11 11:55:00,269
14176.0,297,4,576.9,144.22,28,2010-12-07 11:45:00,2011-02-15 13:12:00,70
14177.0,86,4,559.41,139.85,37,2011-06-13 11:10:00,2011-09-14 15:11:00,93
14178.0,9,7,1620.93,231.56,191,2011-06-10 12:51:00,2011-12-01 12:01:00,173
14179.0,41,2,719.78,359.89,135,2011-10-18 14:00:00,2011-10-30 12:07:00,11
14180.0,11,25,4748.52,189.94,111,2010-12-02 13:08:00,2011-11-29 10:56:00,361
14184.0,67,1,452.89,452.89,24,2011-10-04 12:43:00,2011-10-04 12:43:00,1
14185.0,331,1,197.65,197.65,3,2011-01-12 13:52:00,2011-01-12 13:52:00,1
14188.0,31,6,2054.36,342.39,36,2011-02-02 13:46:00,2011-11-09 12:45:00,279
14189.0,2,15,4654.08,310.27,177,2010-12-06 11:42:00,2011-12-07 15:55:00,366
14191.0,2,13,4684.76,360.37,145,2011-05-03 10:30:00,2011-12-08 09:23:00,218
14193.0,68,2,853.39,426.7,35,2011-03-15 11:38:00,2011-10-03 09:34:00,201
14194.0,5,21,11349.52,540.45,274,2011-02-04 14:51:00,2011-12-05 10:38:00,303
14195.0,202,2,1012.0,506.0,7,2011-04-01 16:50:00,2011-05-22 10:29:00,50
14196.0,107,1,335.52,335.52,6,2011-08-25 10:25:00,2011-08-25 10:25:00,1
14198.0,18,4,701.4,175.35,36,2011-04-14 14:54:00,2011-11-21 16:35:00,221
14199.0,218,1,185.4,185.4,2,2011-05-05 13:44:00,2011-05-05 13:44:00,1
14201.0,60,7,747.44,106.78,32,2010-12-15 13:25:00,2011-10-10 13:27:00,299
14204.0,2,1,161.03,161.03,36,2011-12-07 13:38:00,2011-12-07 13:38:00,1
14205.0,17,2,466.7,233.35,23,2011-03-20 15:07:00,2011-11-23 10:55:00,247
14206.0,239,1,328.16,328.16,20,2011-04-14 16:38:00,2011-04-14 16:38:00,1
14208.0,95,1,151.74,151.74,10,2011-09-06 12:48:00,2011-09-06 12:48:00,1
14209.0,11,6,2073.43,345.57,56,2011-01-11 12:56:00,2011-11-29 10:18:00,321
14210.0,106,6,1905.84,317.64,65,2010-12-03 12:43:00,2011-08-26 12:36:00,265
14211.0,53,9,2241.1,249.01,87,2011-02-17 15:50:00,2011-10-17 13:23:00,241
14212.0,90,1,1070.48,1070.48,9,2011-09-11 12:45:00,2011-09-11 12:45:00,1
14214.0,31,5,1004.38,200.88,64,2011-03-07 12:26:00,2011-11-09 10:31:00,246
14215.0,12,6,1789.72,298.29,98,2010-12-06 15:34:00,2011-11-28 12:19:00,356
14216.0,3,4,1839.3,459.83,47,2011-11-02 10:51:00,2011-12-06 14:56:00,34
14217.0,2,17,2004.98,117.94,78,2010-12-08 13:28:00,2011-12-08 11:53:00,364
14218.0,43,1,169.48,169.48,12,2011-10-28 10:00:00,2011-10-28 10:00:00,1
14219.0,4,1,89.94,89.94,7,2011-12-05 16:23:00,2011-12-05 16:23:00,1
14220.0,247,2,632.4,316.2,21,2010-12-16 18:18:00,2011-04-06 13:23:00,110
14221.0,42,9,3432.8,381.42,123,2011-01-04 15:33:00,2011-10-28 13:42:00,296
14222.0,177,1,683.17,683.17,41,2011-06-15 16:42:00,2011-06-15 16:42:00,1
14223.0,92,3,991.13,330.38,50,2011-03-20 16:02:00,2011-09-08 13:38:00,171
14224.0,110,4,1050.12,262.53,105,2011-01-23 13:58:00,2011-08-21 13:24:00,209
14226.0,29,5,2232.19,446.44,64,2011-03-15 15:36:00,2011-11-11 11:34:00,240
14227.0,26,10,3350.96,335.1,118,2011-02-28 12:27:00,2011-11-13 15:48:00,258
14229.0,52,3,1547.2,515.73,29,2011-01-10 12:03:00,2011-10-19 10:04:00,281
14231.0,184,3,925.71,308.57,47,2011-02-24 11:55:00,2011-06-09 11:05:00,104
14232.0,43,5,2048.07,409.61,81,2011-03-20 12:44:00,2011-10-28 11:09:00,221
14233.0,49,4,1462.72,365.68,30,2011-01-26 12:43:00,2011-10-21 15:54:00,268
14234.0,22,4,775.46,193.87,122,2011-10-13 13:58:00,2011-11-17 17:53:00,35
14235.0,75,5,3144.86,628.97,66,2011-03-24 13:23:00,2011-09-25 14:37:00,185
14236.0,81,2,490.86,245.43,15,2010-12-02 18:49:00,2011-09-20 09:13:00,291
14237.0,373,1,161.0,161.0,9,2010-12-01 13:20:00,2010-12-01 13:20:00,1
14238.0,326,1,146.85,146.85,8,2011-01-17 14:40:00,2011-01-17 14:40:00,1
14239.0,43,11,2380.85,216.44,83,2011-01-27 14:45:00,2011-10-27 14:40:00,272
14240.0,30,2,890.34,445.17,38,2011-04-28 11:40:00,2011-11-09 13:45:00,195
14241.0,184,1,213.7,213.7,10,2011-06-09 11:46:00,2011-06-09 11:46:00,1
14242.0,235,2,280.55,140.28,13,2011-01-18 08:53:00,2011-04-19 11:46:00,91
14243.0,9,10,2588.77,258.88,99,2010-12-09 08:34:00,2011-12-01 11:12:00,357
14245.0,220,2,1693.45,846.72,107,2011-03-21 10:41:00,2011-05-04 08:40:00,43
14246.0,111,3,1474.06,491.35,57,2011-04-08 08:25:00,2011-08-21 11:50:00,135
14247.0,278,1,136.77,136.77,19,2011-03-06 15:21:00,2011-03-06 15:21:00,1
14248.0,318,1,302.58,302.58,8,2011-01-25 14:45:00,2011-01-25 14:45:00,1
14250.0,7,3,1904.05,634.68,94,2011-09-11 13:44:00,2011-12-02 14:30:00,82
14251.0,2,5,2879.7,575.94,37,2011-10-13 12:46:00,2011-12-08 08:32:00,55
14256.0,260,2,969.06,484.53,51,2010-12-10 11:44:00,2011-03-24 13:17:00,104
14257.0,64,5,3099.72,619.94,88,2011-01-25 10:49:00,2011-10-06 16:54:00,254
14258.0,9,9,12669.98,1407.78,59,2011-01-06 12:18:00,2011-11-30 15:27:00,328
14259.0,142,1,120.0,120.0,5,2011-07-21 10:44:00,2011-07-21 10:44:00,1
14261.0,51,2,1163.45,581.72,52,2011-09-22 10:47:00,2011-10-20 10:04:00,27
14262.0,8,8,2618.23,327.28,88,2011-04-13 12:23:00,2011-12-01 14:17:00,232
14264.0,155,2,333.97,166.98,15,2011-04-08 12:20:00,2011-07-08 10:20:00,90
14267.0,163,3,1516.24,505.41,25,2011-03-24 11:38:00,2011-06-30 10:09:00,97
14270.0,332,1,492.65,492.65,29,2011-01-12 09:33:00,2011-01-12 09:33:00,1
14271.0,226,1,112.32,112.32,10,2011-04-28 12:47:00,2011-04-28 12:47:00,1
14272.0,74,2,437.96,218.98,33,2011-03-30 13:57:00,2011-09-27 10:08:00,180
14273.0,51,4,559.97,139.99,22,2011-04-11 13:24:00,2011-10-19 13:20:00,190
14276.0,99,3,1119.74,373.25,55,2011-02-23 09:38:00,2011-09-02 09:45:00,191
14280.0,197,1,134.04,134.04,8,2011-05-27 10:37:00,2011-05-27 10:37:00,1
14282.0,3,15,3729.34,248.62,73,2010-12-07 12:21:00,2011-12-06 17:04:00,364
14284.0,31,2,595.25,297.62,24,2011-09-14 13:04:00,2011-11-09 08:11:00,55
14285.0,21,4,1910.01,477.5,18,2011-06-16 12:36:00,2011-11-18 14:50:00,155
14286.0,24,3,4628.75,1542.92,221,2011-04-11 08:16:00,2011-11-16 10:34:00,219
14287.0,8,3,176.63,58.88,9,2011-05-25 11:41:00,2011-12-01 13:25:00,190
14288.0,213,1,426.6,426.6,16,2011-05-10 13:22:00,2011-05-10 13:22:00,1
14289.0,9,6,911.26,151.88,34,2011-02-23 12:33:00,2011-12-01 11:44:00,280
14290.0,11,5,2314.65,462.93,89,2010-12-13 10:24:00,2011-11-28 14:02:00,350
14291.0,2,11,3883.25,353.02,145,2011-03-09 15:20:00,2011-12-08 10:26:00,273
14292.0,8,9,4871.93,541.33,65,2011-03-02 08:26:00,2011-12-02 11:50:00,275
14293.0,3,4,1046.56,261.64,52,2010-12-06 10:18:00,2011-12-06 15:17:00,365
14295.0,40,1,166.2,166.2,5,2011-10-30 15:50:00,2011-10-30 15:50:00,1
14297.0,18,4,1305.33,326.33,48,2011-03-10 08:31:00,2011-11-22 09:06:00,257
14298.0,8,44,51527.3,1171.07,890,2010-12-14 12:59:00,2011-12-01 13:12:00,352
14299.0,8,9,3965.62,440.62,95,2010-12-09 10:30:00,2011-12-01 16:05:00,357
14300.0,19,1,43.2,43.2,3,2011-11-21 08:57:00,2011-11-21 08:57:00,1
14301.0,117,1,640.14,640.14,13,2011-08-14 15:33:00,2011-08-14 15:33:00,1
14304.0,223,1,383.45,383.45,17,2011-05-01 11:50:00,2011-05-01 11:50:00,1
14305.0,71,3,1858.96,619.65,96,2011-07-27 14:14:00,2011-09-29 15:29:00,64
14306.0,51,2,2093.32,1046.66,33,2011-09-15 10:31:00,2011-10-19 13:23:00,34
14307.0,89,6,2995.72,499.29,150,2010-12-01 11:41:00,2011-09-12 09:38:00,284
14309.0,8,9,2352.53,261.39,74,2010-12-16 13:05:00,2011-12-01 13:33:00,350
14311.0,243,1,310.26,310.26,20,2011-04-11 10:14:00,2011-04-11 10:14:00,1
14312.0,47,6,1611.59,268.6,74,2011-01-06 16:35:00,2011-10-24 09:46:00,290
14314.0,107,1,120.0,120.0,8,2011-08-25 10:39:00,2011-08-25 10:39:00,1
14315.0,45,6,2481.13,413.52,64,2011-03-18 12:59:00,2011-10-26 12:06:00,221
14317.0,65,1,508.58,508.58,24,2011-10-06 10:44:00,2011-10-06 10:44:00,1
14320.0,207,2,477.79,238.9,29,2011-01-11 09:12:00,2011-05-17 09:24:00,126
14321.0,11,5,1530.75,306.15,111,2011-01-10 11:35:00,2011-11-29 09:47:00,322
14323.0,115,2,605.06,302.53,32,2011-04-15 11:44:00,2011-08-17 11:37:00,123
14326.0,242,1,183.85,183.85,8,2011-04-11 15:04:00,2011-04-11 15:04:00,1
14327.0,163,1,311.65,311.65,12,2011-06-29 13:58:00,2011-06-29 13:58:00,1
14329.0,17,7,5014.84,716.41,220,2011-01-14 13:42:00,2011-11-22 15:50:00,312
14331.0,124,2,462.66,231.33,27,2011-07-27 15:14:00,2011-08-07 13:17:00,10
14332.0,23,3,866.31,288.77,22,2011-07-15 10:33:00,2011-11-17 11:54:00,125
14333.0,68,1,415.2,415.2,15,2011-10-03 10:38:00,2011-10-03 10:38:00,1
14334.0,17,8,2552.21,319.03,99,2010-12-16 17:37:00,2011-11-23 10:01:00,341
14336.0,17,4,1614.91,403.73,77,2011-03-08 16:48:00,2011-11-23 11:40:00,259
14338.0,161,2,588.22,294.11,30,2011-05-27 13:30:00,2011-07-01 14:08:00,35
14339.0,243,1,309.52,309.52,14,2011-04-11 11:06:00,2011-04-11 11:06:00,1
14340.0,219,1,134.7,134.7,6,2011-05-05 09:44:00,2011-05-05 09:44:00,1
14341.0,45,8,2182.28,272.79,109,2011-01-25 13:55:00,2011-10-25 15:48:00,273
14342.0,21,4,668.56,167.14,18,2011-05-13 13:50:00,2011-11-18 13:21:00,188
14344.0,127,8,889.93,111.24,56,2010-12-06 11:58:00,2011-08-04 13:51:00,241
14345.0,39,1,108.98,108.98,6,2011-11-01 09:51:00,2011-11-01 09:51:00,1
14346.0,121,2,1021.58,510.79,55,2011-02-15 13:52:00,2011-08-11 09:47:00,176
14348.0,260,1,409.57,409.57,18,2011-03-24 16:23:00,2011-03-24 16:23:00,1
14349.0,10,1,133.5,133.5,31,2011-11-29 15:39:00,2011-11-29 15:39:00,1
14350.0,274,1,282.93,282.93,18,2011-03-10 14:14:00,2011-03-10 14:14:00,1
14351.0,165,1,51.0,51.0,1,2011-06-28 11:56:00,2011-06-28 11:56:00,1
14352.0,157,4,1078.96,269.74,44,2011-03-11 14:58:00,2011-07-05 15:41:00,116
14353.0,215,1,90.6,90.6,6,2011-05-08 16:06:00,2011-05-08 16:06:00,1
14354.0,6,2,163.62,81.81,9,2011-11-09 15:36:00,2011-12-04 11:32:00,24
14355.0,366,1,174.4,174.4,11,2010-12-09 12:16:00,2010-12-09 12:16:00,1
14356.0,80,2,701.23,350.62,33,2011-09-19 14:43:00,2011-09-21 09:18:00,1
14357.0,43,1,225.77,225.77,39,2011-10-27 16:23:00,2011-10-27 16:23:00,1
14359.0,19,3,912.18,304.06,44,2011-09-13 09:03:00,2011-11-20 13:17:00,68
14360.0,32,4,2128.23,532.06,104,2011-09-06 11:58:00,2011-11-08 09:12:00,62
14362.0,22,1,161.2,161.2,37,2011-11-17 15:08:00,2011-11-17 15:08:00,1
14364.0,109,8,3717.35,464.67,62,2011-05-12 12:56:00,2011-08-23 11:01:00,102
14367.0,8,16,9261.52,578.84,272,2011-03-08 14:12:00,2011-12-01 13:19:00,267
14368.0,320,1,155.0,155.0,8,2011-01-24 09:52:00,2011-01-24 09:52:00,1
14371.0,295,1,100.5,100.5,4,2011-02-17 16:35:00,2011-02-17 16:35:00,1
14373.0,358,1,76.55,76.55,4,2010-12-16 15:40:00,2010-12-16 15:40:00,1
14375.0,185,1,257.68,257.68,57,2011-06-07 13:44:00,2011-06-07 13:44:00,1
14377.0,191,2,617.05,308.52,11,2011-03-22 13:38:00,2011-06-01 13:32:00,70
14379.0,44,2,348.1,174.05,40,2011-02-17 15:03:00,2011-10-26 16:43:00,251
14381.0,52,1,202.68,202.68,56,2011-10-18 17:10:00,2011-10-18 17:10:00,1
14382.0,26,1,626.07,626.07,121,2011-11-13 16:18:00,2011-11-13 16:18:00,1
14383.0,38,3,1247.69,415.9,49,2011-06-29 10:18:00,2011-11-01 15:53:00,125
14385.0,9,3,202.11,67.37,13,2011-11-16 11:55:00,2011-11-30 15:36:00,14
14386.0,297,1,142.4,142.4,7,2011-02-16 09:45:00,2011-02-16 09:45:00,1
14387.0,33,3,1770.56,590.19,125,2011-08-22 14:13:00,2011-11-07 12:29:00,76
14388.0,10,8,3212.84,401.6,126,2010-12-02 11:02:00,2011-11-29 13:32:00,362
14389.0,65,2,1043.46,521.73,33,2011-06-02 12:04:00,2011-10-05 15:17:00,125
14390.0,10,9,4652.82,516.98,140,2010-12-02 11:57:00,2011-11-29 13:49:00,362
14393.0,218,1,67.95,67.95,5,2011-05-05 18:16:00,2011-05-05 18:16:00,1
14395.0,2,9,3507.71,389.75,184,2010-12-02 18:15:00,2011-12-07 14:34:00,369
14396.0,65,2,487.99,244.0,71,2010-12-03 15:19:00,2011-10-05 16:09:00,306
14397.0,3,19,2612.96,137.52,18,2011-05-10 12:25:00,2011-12-07 09:22:00,210
14400.0,149,1,574.7,574.7,25,2011-07-13 15:50:00,2011-07-13 15:50:00,1
14401.0,4,13,4051.48,311.65,114,2010-12-15 09:07:00,2011-12-05 13:30:00,355
14403.0,130,4,1475.81,368.95,17,2011-04-06 14:23:00,2011-08-01 12:57:00,116
14404.0,34,6,1474.32,245.72,69,2010-12-05 16:00:00,2011-11-06 12:30:00,335
14406.0,119,1,156.75,156.75,8,2011-08-12 16:54:00,2011-08-12 16:54:00,1
14407.0,107,6,2157.73,359.62,67,2011-03-08 11:59:00,2011-08-24 14:02:00,169
14408.0,11,7,2606.53,372.36,61,2011-03-20 14:41:00,2011-11-29 11:41:00,253
14409.0,71,6,2059.45,343.24,40,2010-12-06 15:03:00,2011-09-29 18:18:00,297
14410.0,92,9,1105.07,122.79,153,2011-02-07 09:36:00,2011-09-08 15:08:00,213
14411.0,311,1,1063.0,1063.0,14,2011-02-02 10:56:00,2011-02-02 10:56:00,1
14412.0,43,2,770.03,385.02,43,2011-09-28 08:48:00,2011-10-28 10:45:00,30
14413.0,362,1,122.7,122.7,22,2010-12-12 13:37:00,2010-12-12 13:37:00,1
14414.0,92,7,1496.98,213.85,79,2010-12-16 11:11:00,2011-09-09 12:09:00,267
14415.0,1,13,5900.28,453.87,288,2010-12-14 13:31:00,2011-12-08 14:38:00,359
14416.0,22,2,490.22,245.11,13,2011-10-28 15:10:00,2011-11-17 15:22:00,20
14418.0,4,3,1937.25,645.75,114,2011-08-23 17:18:00,2011-12-06 11:39:00,104
14419.0,11,6,1058.06,176.34,112,2010-12-10 10:56:00,2011-11-29 11:22:00,354
14420.0,99,1,387.52,387.52,29,2011-09-01 18:07:00,2011-09-01 18:07:00,1
14421.0,57,2,813.11,406.56,25,2011-05-12 10:49:00,2011-10-13 13:24:00,154
14422.0,1,6,4263.64,710.61,188,2011-03-17 17:26:00,2011-12-09 11:26:00,266
14423.0,218,1,265.2,265.2,3,2011-05-05 15:12:00,2011-05-05 15:12:00,1
14424.0,18,1,322.08,322.08,1,2011-11-22 11:48:00,2011-11-22 11:48:00,1
14426.0,24,10,4481.67,448.17,183,2011-01-31 09:51:00,2011-11-16 12:25:00,289
14427.0,50,2,363.34,181.67,16,2011-10-07 09:10:00,2011-10-20 14:23:00,13
14428.0,7,5,1244.83,248.97,108,2011-01-18 16:39:00,2011-12-02 13:17:00,317
14431.0,303,1,470.36,470.36,17,2011-02-10 10:40:00,2011-02-10 10:40:00,1
14432.0,10,6,2255.51,375.92,256,2011-09-11 14:09:00,2011-11-30 08:04:00,79
14434.0,22,6,1372.8,228.8,3,2011-09-28 15:31:00,2011-11-18 08:56:00,50
14436.0,99,1,89.06,89.06,9,2011-09-02 10:13:00,2011-09-02 10:13:00,1
14437.0,366,1,63.0,63.0,5,2010-12-09 09:27:00,2010-12-09 09:27:00,1
14438.0,306,1,131.9,131.9,9,2011-02-06 14:56:00,2011-02-06 14:56:00,1
14440.0,8,5,2357.68,471.54,34,2010-12-09 12:49:00,2011-12-01 15:42:00,357
14441.0,1,4,1712.89,428.22,43,2011-03-29 12:01:00,2011-12-09 09:07:00,254
14443.0,54,4,1420.2,355.05,84,2010-12-06 11:03:00,2011-10-17 10:10:00,314
14446.0,1,4,1039.58,259.9,235,2011-04-07 12:10:00,2011-12-09 11:34:00,245
14447.0,19,5,1163.23,232.65,59,2011-03-04 10:49:00,2011-11-21 08:28:00,261
14448.0,9,2,375.35,187.68,20,2010-12-10 17:26:00,2011-11-30 13:50:00,354
14449.0,19,4,907.1,226.78,203,2010-12-02 14:09:00,2011-11-21 12:06:00,353
14450.0,181,3,483.25,161.08,32,2011-01-23 11:53:00,2011-06-12 10:46:00,139
14451.0,60,2,662.59,331.3,86,2011-05-29 12:35:00,2011-10-10 13:38:00,134
14452.0,11,2,264.44,132.22,55,2011-09-07 11:32:00,2011-11-29 12:06:00,83
14453.0,190,1,119.93,119.93,22,2011-06-02 14:15:00,2011-06-02 14:15:00,1
14456.0,5,9,3062.4,340.27,582,2011-07-20 13:06:00,2011-12-04 13:59:00,137
14457.0,311,1,113.64,113.64,4,2011-02-02 09:39:00,2011-02-02 09:39:00,1
14459.0,155,1,1837.92,1837.92,37,2011-07-07 13:35:00,2011-07-07 13:35:00,1
14460.0,110,3,434.34,144.78,14,2011-02-02 11:55:00,2011-08-21 14:19:00,200
14461.0,148,3,2103.06,701.02,173,2011-03-23 12:15:00,2011-07-14 17:11:00,113
14462.0,66,11,2004.02,182.18,149,2011-01-04 12:45:00,2011-10-04 15:55:00,273
14463.0,98,3,529.62,176.54,6,2011-05-18 14:42:00,2011-09-02 15:20:00,107
14465.0,247,3,1058.62,352.87,107,2011-02-10 12:13:00,2011-04-07 12:38:00,56
14466.0,29,7,2272.4,324.63,37,2010-12-02 13:36:00,2011-11-10 14:07:00,343
14467.0,18,4,598.76,149.69,67,2011-01-31 12:35:00,2011-11-22 12:48:00,295
14470.0,12,2,461.19,230.6,43,2011-02-25 11:56:00,2011-11-28 10:31:00,275
14472.0,104,8,1936.84,242.1,153,2010-12-19 14:03:00,2011-08-28 11:01:00,251
14473.0,74,2,234.34,117.17,7,2011-03-02 13:56:00,2011-09-26 15:10:00,208
14474.0,46,1,547.66,547.66,29,2011-10-24 13:26:00,2011-10-24 13:26:00,1
14475.0,72,3,925.85,308.62,35,2011-02-08 10:12:00,2011-09-29 10:46:00,233
14476.0,257,1,215.7,215.7,17,2011-03-27 15:39:00,2011-03-27 15:39:00,1
14477.0,20,4,1309.6,327.4,7,2011-02-15 15:44:00,2011-11-20 11:11:00,277
14479.0,254,2,316.25,158.12,18,2010-12-09 12:59:00,2011-03-31 09:07:00,111
14480.0,11,1,279.05,279.05,13,2011-11-28 16:35:00,2011-11-28 16:35:00,1
14481.0,165,2,636.51,318.26,25,2011-02-25 13:53:00,2011-06-28 10:38:00,122
14482.0,18,6,2068.15,344.69,110,2011-04-14 16:41:00,2011-11-21 13:14:00,220
14483.0,282,1,137.1,137.1,9,2011-03-03 10:26:00,2011-03-03 10:26:00,1
14484.0,50,1,321.92,321.92,14,2011-10-20 14:11:00,2011-10-20 14:11:00,1
14485.0,39,1,165.75,165.75,44,2011-11-01 12:25:00,2011-11-01 12:25:00,1
14487.0,27,6,1196.33,199.39,112,2010-12-06 13:22:00,2011-11-13 12:17:00,341
14488.0,68,1,1064.28,1064.28,46,2011-10-03 09:30:00,2011-10-03 09:30:00,1
14489.0,207,1,463.38,463.38,30,2011-05-16 14:51:00,2011-05-16 14:51:00,1
14491.0,175,2,340.93,170.46,17,2010-12-02 12:10:00,2011-06-17 15:22:00,197
14493.0,7,5,2383.24,476.65,95,2011-07-07 16:59:00,2011-12-02 16:14:00,147
14494.0,26,1,139.56,139.56,7,2011-11-14 09:21:00,2011-11-14 09:21:00,1
14495.0,51,2,123.8,61.9,6,2011-08-10 14:13:00,2011-10-20 12:28:00,70
14496.0,312,2,538.81,269.41,16,2010-12-01 15:35:00,2011-02-01 09:01:00,61
14497.0,309,1,475.37,475.37,29,2011-02-03 17:01:00,2011-02-03 17:01:00,1
14498.0,43,5,1957.32,391.46,161,2010-12-13 11:29:00,2011-10-28 12:09:00,319
14499.0,26,3,815.32,271.77,147,2011-03-06 11:55:00,2011-11-13 13:01:00,252
14500.0,88,3,356.85,118.95,6,2011-06-03 10:08:00,2011-09-12 16:45:00,101
14501.0,184,2,251.21,125.6,9,2011-01-24 10:43:00,2011-06-09 12:02:00,136
14502.0,20,11,2470.67,224.61,369,2011-01-30 15:52:00,2011-11-20 11:50:00,293
14503.0,3,6,3543.26,590.54,113,2011-06-14 10:00:00,2011-12-06 13:30:00,175
14504.0,47,4,673.26,168.32,85,2011-03-06 14:38:00,2011-10-23 16:00:00,231
14505.0,17,8,5905.64,738.2,543,2010-12-12 16:14:00,2011-11-22 15:45:00,344
14506.0,17,5,2012.17,402.43,205,2010-12-05 14:25:00,2011-11-22 13:02:00,351
14507.0,24,6,1383.18,230.53,79,2011-03-08 17:23:00,2011-11-16 12:21:00,252
14508.0,22,2,276.42,138.21,52,2011-09-11 11:29:00,2011-11-17 19:48:00,67
14511.0,11,5,1314.81,262.96,54,2011-07-29 12:13:00,2011-11-28 17:05:00,122
14512.0,188,2,275.28,137.64,19,2011-04-21 19:05:00,2011-06-05 12:39:00,44
14513.0,101,3,455.59,151.86,11,2011-02-24 09:36:00,2011-08-31 11:25:00,188
14514.0,61,3,1055.35,351.78,65,2011-01-12 15:22:00,2011-10-09 16:05:00,270
14515.0,18,6,2102.09,350.35,69,2011-05-05 12:13:00,2011-11-22 11:37:00,200
14517.0,33,2,330.45,165.23,17,2011-07-21 11:42:00,2011-11-06 14:20:00,108
14518.0,64,1,174.37,174.37,16,2011-10-06 14:43:00,2011-10-06 14:43:00,1
14520.0,2,2,270.6,135.3,3,2011-02-22 09:15:00,2011-12-08 09:46:00,289
14522.0,24,4,974.54,243.64,16,2011-05-25 16:01:00,2011-11-15 13:24:00,173
14523.0,108,1,241.09,241.09,12,2011-08-23 13:13:00,2011-08-23 13:13:00,1
14524.0,32,9,1867.68,207.52,162,2010-12-14 11:01:00,2011-11-08 12:29:00,329
14525.0,20,9,4332.2,481.36,218,2010-12-13 17:40:00,2011-11-20 11:37:00,341
14527.0,3,55,8508.82,154.71,337,2010-12-05 13:17:00,2011-12-07 12:19:00,366
14528.0,37,1,364.22,364.22,18,2011-11-02 17:09:00,2011-11-02 17:09:00,1
14529.0,60,3,620.04,206.68,177,2011-08-21 14:10:00,2011-10-10 15:27:00,50
14530.0,26,6,2925.91,487.65,140,2011-02-16 10:47:00,2011-11-14 10:38:00,270
14532.0,236,4,932.85,233.21,45,2010-12-22 13:48:00,2011-04-17 13:05:00,115
14533.0,25,7,1949.72,278.53,53,2010-12-22 11:07:00,2011-11-15 12:05:00,328
14534.0,3,18,4447.05,247.06,334,2011-01-25 12:33:00,2011-12-07 12:19:00,315
14535.0,60,3,2864.19,954.73,281,2011-04-05 12:50:00,2011-10-10 15:39:00,188
14536.0,260,1,171.8,171.8,18,2011-03-25 12:21:00,2011-03-25 12:21:00,1
14537.0,58,1,355.56,355.56,10,2011-10-13 10:54:00,2011-10-13 10:54:00,1
14538.0,65,2,388.25,194.12,19,2011-03-28 14:57:00,2011-10-06 10:31:00,191
14539.0,16,2,537.48,268.74,31,2011-10-26 12:03:00,2011-11-24 09:50:00,28
14540.0,10,3,996.26,332.09,64,2011-02-03 15:02:00,2011-11-30 10:15:00,299
14541.0,59,8,1461.65,182.71,71,2011-01-24 14:16:00,2011-10-12 10:08:00,260
14542.0,186,1,103.25,103.25,5,2011-06-07 08:19:00,2011-06-07 08:19:00,1
14543.0,29,16,3630.33,226.9,43,2010-12-10 11:51:00,2011-11-11 12:45:00,336
14544.0,24,2,2024.45,1012.22,98,2010-12-13 12:50:00,2011-11-15 15:06:00,337
14546.0,5,5,2578.09,515.62,252,2011-04-05 12:37:00,2011-12-04 13:00:00,243
14547.0,4,8,4007.54,500.94,199,2011-10-16 14:35:00,2011-12-06 11:06:00,50
14548.0,151,2,652.8,326.4,2,2011-01-26 08:38:00,2011-07-12 12:19:00,167
14549.0,311,1,289.24,289.24,56,2011-02-01 13:47:00,2011-02-01 13:47:00,1
14550.0,11,2,765.62,382.81,38,2011-10-26 12:14:00,2011-11-29 12:12:00,33
14551.0,18,2,186.23,93.12,9,2011-05-19 18:21:00,2011-11-21 13:36:00,185
14552.0,152,1,165.07,165.07,57,2011-07-11 12:49:00,2011-07-11 12:49:00,1
14553.0,19,5,859.27,171.85,105,2011-01-04 15:40:00,2011-11-20 13:20:00,319
14554.0,10,4,2381.04,595.26,147,2011-10-18 13:04:00,2011-11-29 16:44:00,42
14555.0,57,2,324.14,162.07,18,2011-02-10 17:19:00,2011-10-13 16:24:00,244
14557.0,85,1,788.38,788.38,16,2011-09-15 15:48:00,2011-09-15 15:48:00,1
14560.0,7,22,2237.77,101.72,40,2010-12-17 09:22:00,2011-12-02 15:22:00,350
14561.0,76,3,1080.76,360.25,67,2011-06-08 13:26:00,2011-09-25 12:39:00,108
14562.0,4,18,5074.77,281.93,190,2011-02-08 14:45:00,2011-12-06 11:05:00,300
14565.0,96,4,3099.12,774.78,111,2010-12-13 13:25:00,2011-09-05 09:07:00,265
14567.0,57,2,1530.36,765.18,33,2011-08-01 13:48:00,2011-10-14 10:21:00,73
14569.0,1,1,227.39,227.39,10,2011-12-08 14:58:00,2011-12-08 14:58:00,1
14570.0,281,2,218.06,109.03,29,2011-03-04 10:39:00,2011-03-04 10:58:00,1
14572.0,3,7,2832.84,404.69,190,2011-01-19 17:23:00,2011-12-06 14:40:00,320
14573.0,180,9,1653.42,183.71,127,2010-12-02 19:59:00,2011-06-13 11:15:00,192
14576.0,372,1,35.4,35.4,1,2010-12-02 17:51:00,2010-12-02 17:51:00,1
14577.0,13,4,859.71,214.93,88,2010-12-12 11:26:00,2011-11-27 12:47:00,350
14578.0,3,1,168.63,168.63,24,2011-12-06 17:18:00,2011-12-06 17:18:00,1
14581.0,17,1,138.6,138.6,16,2011-11-23 12:39:00,2011-11-23 12:39:00,1
14582.0,41,1,114.11,114.11,6,2011-10-30 11:56:00,2011-10-30 11:56:00,1
14583.0,6,5,1052.55,210.51,244,2011-05-18 11:28:00,2011-12-04 12:32:00,200
14584.0,169,4,1042.26,260.57,68,2011-05-25 17:31:00,2011-06-23 18:33:00,29
14585.0,50,1,157.05,157.05,29,2011-10-20 14:33:00,2011-10-20 14:33:00,1
14586.0,277,1,237.36,237.36,19,2011-03-08 10:04:00,2011-03-08 10:04:00,1
14587.0,19,9,1601.14,177.9,175,2011-01-12 13:16:00,2011-11-21 11:34:00,312
14589.0,372,1,39.75,39.75,3,2010-12-03 11:42:00,2010-12-03 11:42:00,1
14591.0,15,4,1447.14,361.78,139,2011-05-10 14:09:00,2011-11-24 13:57:00,197
14592.0,35,3,570.46,190.15,132,2011-10-06 18:08:00,2011-11-04 16:35:00,28
14593.0,22,3,617.99,206.0,129,2011-05-25 11:14:00,2011-11-18 12:48:00,177
14594.0,7,2,379.83,189.91,48,2010-12-01 13:54:00,2011-12-02 13:28:00,365
14595.0,20,6,1740.6,290.1,94,2011-01-30 13:36:00,2011-11-20 12:12:00,293
14597.0,11,2,883.15,441.58,45,2011-06-01 12:33:00,2011-11-28 13:13:00,180
14598.0,44,1,221.97,221.97,49,2011-10-26 13:19:00,2011-10-26 13:19:00,1
14600.0,306,1,393.33,393.33,25,2011-02-07 09:48:00,2011-02-07 09:48:00,1
14601.0,11,1,213.96,213.96,7,2011-11-29 09:48:00,2011-11-29 09:48:00,1
14603.0,275,1,660.0,660.0,2,2011-03-10 10:27:00,2011-03-10 10:27:00,1
14606.0,1,93,12156.65,130.72,825,2010-12-01 16:57:00,2011-12-08 19:28:00,372
14607.0,16,14,16569.5,1183.54,38,2011-03-23 15:22:00,2011-11-24 10:35:00,245
14608.0,4,4,1785.15,446.29,8,2010-12-12 14:49:00,2011-12-05 16:52:00,358
14609.0,72,4,601.56,150.39,2,2011-02-16 12:10:00,2011-09-28 12:54:00,224
14616.0,243,3,406.08,135.36,2,2011-01-26 12:42:00,2011-04-11 09:54:00,74
14618.0,9,3,553.44,184.48,10,2011-01-06 11:59:00,2011-11-30 13:45:00,328
14619.0,246,1,394.44,394.44,20,2011-04-08 07:37:00,2011-04-08 07:37:00,1
14620.0,206,2,412.78,206.39,26,2011-03-01 08:30:00,2011-05-18 11:58:00,78
14621.0,1,5,1788.36,357.67,80,2010-12-16 13:00:00,2011-12-08 16:22:00,357
14622.0,185,1,320.58,320.58,21,2011-06-08 12:42:00,2011-06-08 12:42:00,1
14623.0,32,5,889.25,177.85,106,2011-04-18 13:54:00,2011-11-07 13:56:00,203
14624.0,57,2,225.85,112.92,13,2011-10-11 14:39:00,2011-10-13 13:44:00,1
14625.0,196,2,899.63,449.82,51,2010-12-13 15:36:00,2011-05-27 15:32:00,164
14626.0,24,4,2791.27,697.82,108,2011-04-20 13:18:00,2011-11-16 10:37:00,209
14628.0,91,2,671.96,335.98,22,2011-04-11 14:43:00,2011-09-09 14:58:00,151
14629.0,4,2,959.01,479.5,133,2011-10-23 16:13:00,2011-12-05 16:55:00,43
14631.0,51,3,1006.98,335.66,38,2011-02-14 09:31:00,2011-10-20 11:17:00,248
14632.0,263,1,114.56,114.56,8,2011-03-22 08:49:00,2011-03-22 08:49:00,1
14633.0,266,1,344.9,344.9,20,2011-03-18 17:07:00,2011-03-18 17:07:00,1
14636.0,36,2,609.85,304.93,27,2011-03-16 09:52:00,2011-11-03 16:12:00,232
14638.0,51,1,443.6,443.6,16,2011-10-20 10:10:00,2011-10-20 10:10:00,1
14639.0,52,6,2984.49,497.42,140,2010-12-13 13:50:00,2011-10-18 15:06:00,309
14640.0,24,6,2125.08,354.18,87,2011-04-26 12:31:00,2011-11-15 13:07:00,203
14641.0,22,1,110.46,110.46,7,2011-11-18 10:42:00,2011-11-18 10:42:00,1
14642.0,59,1,96.12,96.12,2,2011-10-12 11:08:00,2011-10-12 11:08:00,1
14643.0,170,2,693.81,346.9,29,2010-12-16 17:53:00,2011-06-22 14:41:00,187
14644.0,68,2,830.76,415.38,26,2011-02-14 14:14:00,2011-10-03 08:30:00,230
14645.0,157,2,597.09,298.54,28,2011-03-09 09:52:00,2011-07-06 09:15:00,118
14647.0,201,1,243.22,243.22,24,2011-05-22 13:40:00,2011-05-22 13:40:00,1
14649.0,5,4,1417.29,354.32,149,2011-05-11 14:37:00,2011-12-05 12:30:00,207
14651.0,67,2,654.6,327.3,95,2011-05-12 16:29:00,2011-10-03 15:52:00,143
14652.0,77,1,114.18,114.18,29,2011-09-23 14:21:00,2011-09-23 14:21:00,1
14653.0,1,7,1947.55,278.22,156,2011-01-05 13:40:00,2011-12-08 13:45:00,337
14655.0,8,4,1932.23,483.06,35,2011-05-01 14:59:00,2011-12-01 16:28:00,214
14656.0,169,2,291.05,145.52,73,2011-03-01 13:19:00,2011-06-23 13:51:00,114
14657.0,18,4,848.22,212.06,102,2011-01-17 15:19:00,2011-11-22 12:47:00,308
14658.0,5,2,247.15,123.57,28,2011-08-14 15:42:00,2011-12-04 15:35:00,111
14659.0,9,9,2529.93,281.1,152,2011-01-28 12:43:00,2011-12-01 12:17:00,306
14660.0,87,2,285.74,142.87,24,2011-08-31 10:40:00,2011-09-14 11:34:00,14
14661.0,27,1,107.95,107.95,4,2011-11-13 11:51:00,2011-11-13 11:51:00,1
14662.0,29,4,771.17,192.79,143,2011-01-27 17:41:00,2011-11-11 12:13:00,287
14664.0,20,2,637.89,318.95,78,2011-11-06 14:56:00,2011-11-20 10:59:00,13
14665.0,61,5,1835.7,367.14,63,2011-02-02 09:08:00,2011-10-10 09:14:00,250
14666.0,24,1,195.25,195.25,14,2011-11-15 12:57:00,2011-11-15 12:57:00,1
14667.0,11,25,9241.2,369.65,356,2010-12-06 13:13:00,2011-11-29 11:30:00,357
14669.0,242,3,1269.99,423.33,158,2011-01-11 12:30:00,2011-04-12 11:43:00,90
14670.0,280,2,411.53,205.76,107,2011-03-04 13:58:00,2011-03-04 14:13:00,1
14672.0,235,2,765.55,382.78,58,2011-01-07 15:48:00,2011-04-19 10:19:00,101
14673.0,3,5,1736.4,347.28,39,2010-12-07 12:49:00,2011-12-06 14:31:00,364
14675.0,16,1,604.75,604.75,93,2011-11-23 12:58:00,2011-11-23 12:58:00,1
14676.0,31,6,2548.24,424.71,29,2011-03-01 14:26:00,2011-11-08 13:29:00,251
14680.0,25,16,28754.11,1797.13,78,2010-12-03 12:05:00,2011-11-14 16:59:00,346
14681.0,71,3,498.95,166.32,6,2011-05-12 10:45:00,2011-09-29 15:52:00,140
14682.0,188,2,52.0,26.0,1,2011-05-22 12:51:00,2011-06-05 12:12:00,13
14684.0,26,5,1236.28,247.26,230,2010-12-12 12:44:00,2011-11-14 11:33:00,336
14687.0,107,1,628.38,628.38,15,2011-08-25 11:59:00,2011-08-25 11:59:00,1
14688.0,8,21,5630.87,268.14,151,2010-12-01 09:37:00,2011-12-02 12:26:00,366
14689.0,209,1,112.8,112.8,13,2011-05-15 11:22:00,2011-05-15 11:22:00,1
14690.0,44,2,371.7,185.85,40,2011-07-11 11:58:00,2011-10-26 15:39:00,107
14691.0,31,5,2114.33,422.87,52,2011-05-11 09:55:00,2011-11-09 12:30:00,182
14692.0,137,4,591.55,147.89,54,2011-01-21 13:47:00,2011-07-25 15:08:00,185
14693.0,264,1,172.9,172.9,8,2011-03-20 12:50:00,2011-03-20 12:50:00,1
14696.0,4,7,2078.95,296.99,117,2010-12-01 15:37:00,2011-12-05 13:43:00,368
14697.0,218,2,188.61,94.3,22,2011-05-05 15:29:00,2011-05-05 15:39:00,1
14698.0,2,5,1250.76,250.15,148,2011-10-19 12:54:00,2011-12-08 12:26:00,49
14699.0,214,1,109.13,109.13,8,2011-05-09 14:54:00,2011-05-09 14:54:00,1
14700.0,32,3,2235.3,745.1,80,2011-04-15 13:16:00,2011-11-07 14:40:00,206
14701.0,11,9,2549.37,283.26,269,2011-01-27 12:40:00,2011-11-29 12:38:00,305
14702.0,1,17,3292.14,193.66,197,2010-12-09 19:23:00,2011-12-08 19:29:00,364
14703.0,15,1,318.17,318.17,22,2011-11-25 09:23:00,2011-11-25 09:23:00,1
14704.0,11,9,1546.91,171.88,288,2011-06-12 13:59:00,2011-11-28 12:51:00,168
14705.0,199,1,179.0,179.0,1,2011-05-25 12:39:00,2011-05-25 12:39:00,1
14708.0,3,3,1126.37,375.46,25,2010-12-06 12:23:00,2011-12-07 08:21:00,365
14709.0,15,13,4921.04,378.54,72,2010-12-16 13:43:00,2011-11-24 15:41:00,343
14710.0,14,4,606.13,151.53,124,2011-10-11 13:49:00,2011-11-25 14:53:00,45
14711.0,10,11,2868.8,260.8,222,2011-03-22 13:32:00,2011-11-29 14:58:00,252
14712.0,29,3,917.07,305.69,21,2011-08-19 13:33:00,2011-11-10 12:59:00,82
14713.0,9,11,2666.36,242.4,148,2010-12-09 18:58:00,2011-11-30 16:26:00,355
14714.0,24,1,160.19,160.19,10,2011-11-15 13:07:00,2011-11-15 13:07:00,1
14715.0,25,4,867.38,216.85,60,2011-01-12 13:27:00,2011-11-15 12:10:00,306
14716.0,43,2,329.68,164.84,45,2011-07-14 12:42:00,2011-10-27 17:29:00,105
14719.0,2,5,1602.13,320.43,177,2011-04-04 14:17:00,2011-12-08 12:43:00,247
14720.0,6,3,663.81,221.27,33,2011-08-05 12:06:00,2011-12-04 12:02:00,120
14722.0,147,1,187.92,187.92,28,2011-07-15 14:58:00,2011-07-15 14:58:00,1
14723.0,10,6,1158.3,193.05,193,2010-12-03 14:18:00,2011-11-29 15:23:00,361
14725.0,25,1,718.08,718.08,45,2011-11-15 12:42:00,2011-11-15 12:42:00,1
14727.0,274,1,268.58,268.58,10,2011-03-10 14:45:00,2011-03-10 14:45:00,1
14729.0,374,1,313.49,313.49,69,2010-12-01 12:43:00,2010-12-01 12:43:00,1
14730.0,1,8,2005.06,250.63,317,2011-03-08 12:49:00,2011-12-08 14:39:00,275
14731.0,47,3,380.02,126.67,38,2011-05-11 13:06:00,2011-10-23 15:54:00,165
14732.0,8,8,2702.49,337.81,105,2011-01-04 14:40:00,2011-12-01 14:34:00,330
14733.0,16,12,9585.91,798.83,102,2010-12-07 11:30:00,2011-11-23 15:39:00,351
14735.0,4,32,6065.69,189.55,104,2010-12-16 16:05:00,2011-12-06 12:09:00,354
14737.0,4,3,1164.55,388.18,15,2010-12-21 13:49:00,2011-12-06 10:16:00,349
14738.0,43,7,1314.45,187.78,39,2011-01-27 14:10:00,2011-10-28 08:56:00,273
14739.0,4,7,3902.28,557.47,47,2010-12-07 14:58:00,2011-12-05 16:54:00,363
14740.0,197,3,1448.21,482.74,85,2011-03-01 08:35:00,2011-05-26 18:17:00,86
14741.0,12,6,1400.34,233.39,35,2010-12-02 08:43:00,2011-11-28 08:48:00,361
14744.0,16,7,1099.98,157.14,21,2010-12-08 10:21:00,2011-11-23 12:51:00,350
14745.0,113,5,1220.26,244.05,46,2011-02-27 15:25:00,2011-08-19 10:05:00,172
14747.0,249,1,328.2,328.2,18,2011-04-04 14:09:00,2011-04-04 14:09:00,1
14748.0,29,5,1415.75,283.15,87,2010-12-06 10:19:00,2011-11-10 18:33:00,339
14752.0,44,1,389.64,389.64,5,2011-10-27 11:55:00,2011-10-27 11:55:00,1
14753.0,87,1,563.15,563.15,30,2011-09-13 14:50:00,2011-09-13 14:50:00,1
14754.0,45,2,638.05,319.02,38,2011-02-17 12:21:00,2011-10-26 12:01:00,250
14755.0,10,11,5010.28,455.48,129,2011-01-09 14:02:00,2011-11-30 11:24:00,324
14756.0,15,1,738.96,738.96,38,2011-11-24 18:13:00,2011-11-24 18:13:00,1
14757.0,75,1,420.5,420.5,19,2011-09-25 14:36:00,2011-09-25 14:36:00,1
14758.0,145,4,1484.06,371.02,54,2011-03-25 12:10:00,2011-07-18 08:21:00,114
14759.0,5,3,1625.97,541.99,92,2011-04-21 10:55:00,2011-12-05 12:03:00,228
14760.0,297,1,89.2,89.2,5,2011-02-15 16:27:00,2011-02-15 16:27:00,1
14761.0,59,2,255.9,127.95,11,2011-01-09 12:03:00,2011-10-12 12:10:00,276
14762.0,264,1,300.52,300.52,21,2011-03-21 08:20:00,2011-03-21 08:20:00,1
14764.0,47,1,278.3,278.3,6,2011-10-24 11:54:00,2011-10-24 11:54:00,1
14765.0,29,3,254.11,84.7,38,2011-06-16 19:49:00,2011-11-10 19:53:00,147
14766.0,8,6,2473.37,412.23,112,2010-12-08 15:33:00,2011-12-01 16:05:00,358
14768.0,17,2,192.6,96.3,4,2011-08-04 13:25:00,2011-11-22 12:54:00,109
14769.0,3,8,10674.75,1334.34,723,2010-12-17 11:40:00,2011-12-07 10:24:00,354
14770.0,232,2,876.42,438.21,49,2011-01-20 15:00:00,2011-04-21 14:21:00,90
14772.0,112,1,139.26,139.26,9,2011-08-19 15:04:00,2011-08-19 15:04:00,1
14775.0,58,3,1011.9,337.3,57,2010-12-02 16:38:00,2011-10-12 15:27:00,313
14776.0,51,11,2538.3,230.75,44,2011-01-31 13:17:00,2011-10-19 15:34:00,261
14778.0,127,2,730.86,365.43,34,2011-02-04 11:43:00,2011-08-04 15:23:00,181
14779.0,281,3,386.15,128.72,39,2011-01-20 12:04:00,2011-03-04 12:42:00,43
14780.0,55,2,447.68,223.84,26,2011-09-21 15:15:00,2011-10-16 12:46:00,24
14782.0,320,1,200.1,200.1,6,2011-01-24 11:12:00,2011-01-24 11:12:00,1
14784.0,26,2,289.99,145.0,15,2011-01-20 09:25:00,2011-11-13 13:30:00,297
14785.0,10,2,77.4,38.7,2,2011-11-24 13:40:00,2011-11-29 13:21:00,4
14788.0,7,2,679.44,339.72,26,2011-11-13 15:52:00,2011-12-02 17:06:00,19
14789.0,29,1,197.64,197.64,6,2011-11-11 08:59:00,2011-11-11 08:59:00,1
14790.0,17,4,745.06,186.26,30,2011-03-31 11:49:00,2011-11-23 09:28:00,236
14792.0,64,1,6.2,6.2,2,2011-10-07 09:19:00,2011-10-07 09:19:00,1
14793.0,21,1,228.99,228.99,14,2011-11-18 14:50:00,2011-11-18 14:50:00,1
14794.0,3,7,1319.91,188.56,68,2011-01-09 16:11:00,2011-12-07 10:11:00,331
14795.0,166,1,131.45,131.45,6,2011-06-26 13:04:00,2011-06-26 13:04:00,1
14796.0,1,17,8022.49,471.91,407,2010-12-08 10:40:00,2011-12-08 15:31:00,365
14798.0,53,3,173.74,57.91,11,2011-02-02 15:26:00,2011-10-18 10:58:00,257
14799.0,51,1,157.7,157.7,13,2011-10-19 16:16:00,2011-10-19 16:16:00,1
14800.0,48,12,4339.74,361.64,248,2010-12-05 11:10:00,2011-10-23 12:46:00,322
14801.0,61,1,193.14,193.14,56,2011-10-09 15:24:00,2011-10-09 15:24:00,1
14803.0,162,3,845.55,281.85,35,2011-02-20 13:21:00,2011-06-30 13:58:00,130
14804.0,9,1,353.27,353.27,12,2011-12-01 11:20:00,2011-12-01 11:20:00,1
14805.0,15,4,554.65,138.66,30,2011-01-30 10:43:00,2011-11-24 16:20:00,298
14806.0,75,1,193.39,193.39,11,2011-09-25 15:32:00,2011-09-25 15:32:00,1
14808.0,40,8,2741.17,342.65,176,2011-06-20 12:53:00,2011-10-31 12:21:00,132
14810.0,41,11,2087.88,189.81,109,2010-12-05 12:08:00,2011-10-30 11:19:00,328
14813.0,370,2,155.43,77.71,25,2010-12-05 11:54:00,2010-12-05 11:57:00,1
14815.0,37,2,778.5,389.25,53,2011-10-03 11:36:00,2011-11-03 11:36:00,31
14816.0,197,1,271.85,271.85,4,2011-05-26 13:16:00,2011-05-26 13:16:00,1
14817.0,200,2,1110.34,555.17,52,2011-03-07 13:51:00,2011-05-23 13:35:00,76
14818.0,74,3,657.8,219.27,41,2011-03-31 12:28:00,2011-09-27 11:01:00,179
14819.0,64,2,272.07,136.04,13,2011-05-31 13:50:00,2011-10-06 13:41:00,127
14820.0,21,4,507.29,126.82,24,2011-06-19 14:56:00,2011-11-18 15:41:00,152
14821.0,367,1,48.8,48.8,2,2010-12-08 08:43:00,2010-12-08 08:43:00,1
14823.0,180,3,321.43,107.14,56,2011-05-29 12:48:00,2011-06-12 13:12:00,14
14824.0,10,4,1127.71,281.93,19,2011-09-09 14:12:00,2011-11-29 14:20:00,81
14825.0,4,12,2226.91,185.58,83,2010-12-06 12:30:00,2011-12-06 11:38:00,364
14828.0,197,3,2139.76,713.25,17,2011-01-07 09:50:00,2011-05-27 10:16:00,140
14829.0,29,4,697.55,174.39,39,2010-12-02 16:12:00,2011-11-10 16:16:00,343
14830.0,53,1,197.13,197.13,39,2011-10-17 14:29:00,2011-10-17 14:29:00,1
14834.0,18,6,1720.3,286.72,43,2011-04-13 15:00:00,2011-11-22 10:30:00,222
14836.0,10,3,102.45,34.15,5,2011-11-09 13:26:00,2011-11-29 16:45:00,20
14837.0,90,4,1649.5,412.38,96,2011-05-22 12:49:00,2011-09-11 10:58:00,111
14840.0,268,1,62.85,62.85,4,2011-03-17 12:00:00,2011-03-17 12:00:00,1
14841.0,53,6,3295.76,549.29,104,2010-12-16 10:28:00,2011-10-17 15:03:00,305
14842.0,44,4,2824.69,706.17,129,2011-02-04 15:32:00,2011-10-27 12:37:00,264
14844.0,64,4,3189.81,797.45,87,2011-04-12 13:10:00,2011-10-07 10:41:00,177
14847.0,149,1,309.4,309.4,13,2011-07-14 10:52:00,2011-07-14 10:52:00,1
14849.0,22,25,7930.54,317.22,163,2010-12-01 12:22:00,2011-11-18 10:58:00,351
14850.0,312,1,325.75,325.75,21,2011-02-01 11:21:00,2011-02-01 11:21:00,1
14851.0,23,2,511.35,255.67,28,2011-03-28 14:59:00,2011-11-16 14:20:00,232
14852.0,58,6,2836.69,472.78,96,2011-04-01 13:22:00,2011-10-12 13:20:00,193
14853.0,24,2,475.8,237.9,8,2011-05-12 15:17:00,2011-11-15 16:56:00,187
14854.0,78,7,2759.83,394.26,110,2011-03-10 12:22:00,2011-09-22 17:00:00,196
14855.0,119,2,645.65,322.82,13,2011-07-28 12:06:00,2011-08-12 14:02:00,15
14856.0,36,3,1311.38,437.13,65,2011-10-14 09:35:00,2011-11-03 14:53:00,20
14857.0,60,2,1173.12,586.56,58,2011-07-14 15:03:00,2011-10-11 09:23:00,88
14859.0,13,4,1353.74,338.44,48,2011-05-19 14:42:00,2011-11-27 11:18:00,191
14860.0,19,1,170.32,170.32,11,2011-11-20 14:17:00,2011-11-20 14:17:00,1
14861.0,52,1,125.79,125.79,6,2011-10-18 12:54:00,2011-10-18 12:54:00,1
14862.0,26,2,841.2,420.6,47,2011-07-14 11:20:00,2011-11-14 10:01:00,122
14863.0,29,1,266.76,266.76,11,2011-11-10 15:04:00,2011-11-10 15:04:00,1
14865.0,7,2,52.2,26.1,4,2010-12-02 18:23:00,2011-12-02 16:25:00,364
14866.0,11,12,14389.9,1199.16,30,2010-12-08 14:58:00,2011-11-29 11:45:00,355
14867.0,186,3,710.28,236.76,31,2011-01-07 16:34:00,2011-06-07 11:39:00,150
14868.0,3,8,2953.59,369.2,97,2011-04-20 13:36:00,2011-12-06 14:49:00,230
14869.0,9,2,725.7,362.85,66,2011-08-28 16:09:00,2011-12-01 12:36:00,94
14870.0,262,1,327.25,327.25,13,2011-03-23 10:51:00,2011-03-23 10:51:00,1
14871.0,3,4,522.38,130.6,69,2010-12-14 12:18:00,2011-12-06 13:42:00,357
14873.0,210,1,519.68,519.68,28,2011-05-13 13:52:00,2011-05-13 13:52:00,1
14875.0,108,2,1465.32,732.66,46,2011-03-22 11:53:00,2011-08-24 12:20:00,155
14878.0,13,9,1485.54,165.06,62,2010-12-16 12:11:00,2011-11-27 11:15:00,345
14880.0,77,3,706.19,235.4,45,2011-02-24 12:27:00,2011-09-23 13:42:00,211
14881.0,20,1,255.4,255.4,17,2011-11-20 11:06:00,2011-11-20 11:06:00,1
14882.0,27,2,589.7,294.85,6,2011-11-06 10:15:00,2011-11-13 12:47:00,7
14883.0,19,6,761.59,126.93,40,2011-05-12 09:49:00,2011-11-21 10:23:00,193
14885.0,132,1,765.32,765.32,15,2011-07-31 12:05:00,2011-07-31 12:05:00,1
14886.0,253,1,364.8,364.8,18,2011-04-01 08:56:00,2011-04-01 08:56:00,1
14887.0,79,1,1862.0,1862.0,6,2011-09-21 15:32:00,2011-09-21 15:32:00,1
14888.0,207,1,369.2,369.2,20,2011-05-16 14:58:00,2011-05-16 14:58:00,1
14889.0,336,1,135.9,135.9,10,2011-01-07 15:19:00,2011-01-07 15:19:00,1
14890.0,254,1,125.65,125.65,7,2011-03-31 11:57:00,2011-03-31 11:57:00,1
14891.0,148,2,554.38,277.19,30,2011-06-05 10:58:00,2011-07-14 18:08:00,39
14893.0,10,2,1237.85,618.93,72,2011-11-28 10:49:00,2011-11-30 12:31:00,2
14894.0,85,1,655.75,655.75,23,2011-09-15 13:51:00,2011-09-15 13:51:00,1
14895.0,8,20,11138.71,556.94,281,2011-02-22 13:08:00,2011-12-02 09:23:00,282
14896.0,205,2,468.77,234.39,43,2010-12-09 12:24:00,2011-05-19 10:20:00,160
14897.0,8,4,1366.38,341.6,43,2011-02-16 08:37:00,2011-12-02 10:32:00,289
14898.0,23,6,1303.52,217.25,87,2010-12-03 15:25:00,2011-11-16 14:54:00,347
14901.0,11,9,1421.29,157.92,73,2010-12-02 11:20:00,2011-11-28 17:09:00,361
14902.0,26,1,332.66,332.66,20,2011-11-14 10:34:00,2011-11-14 10:34:00,1
14903.0,21,5,2810.63,562.13,229,2011-03-06 11:50:00,2011-11-18 16:07:00,257
14904.0,2,2,1025.44,512.72,66,2011-11-14 09:13:00,2011-12-07 12:55:00,23
14905.0,158,2,616.15,308.08,14,2011-04-20 10:48:00,2011-07-05 12:41:00,76
14907.0,3,7,3501.1,500.16,126,2010-12-07 10:14:00,2011-12-06 14:14:00,364
14908.0,74,1,277.8,277.8,9,2011-09-26 12:56:00,2011-09-26 12:56:00,1
14910.0,3,4,434.35,108.59,25,2011-10-16 11:06:00,2011-12-07 10:06:00,51
14913.0,36,4,1227.43,306.86,75,2010-12-15 14:35:00,2011-11-04 08:29:00,323
14915.0,91,2,307.48,153.74,12,2011-03-07 09:39:00,2011-09-09 13:34:00,186
14916.0,71,4,1268.98,317.24,71,2011-01-19 15:30:00,2011-09-30 09:20:00,253
14918.0,116,2,1610.15,805.07,39,2011-07-08 12:50:00,2011-08-16 11:50:00,38
14920.0,213,2,977.77,488.88,57,2011-05-11 10:31:00,2011-05-11 10:32:00,1
14921.0,30,2,1316.07,658.04,78,2011-05-22 12:51:00,2011-11-09 13:17:00,171
14923.0,51,1,749.1,749.1,44,2011-10-20 11:51:00,2011-10-20 11:51:00,1
14924.0,246,1,310.05,310.05,10,2011-04-08 09:25:00,2011-04-08 09:25:00,1
14929.0,32,1,223.88,223.88,11,2011-11-07 17:21:00,2011-11-07 17:21:00,1
14944.0,30,12,5900.25,491.69,101,2011-02-16 12:47:00,2011-11-10 09:10:00,266
14946.0,14,1,100.9,100.9,2,2011-11-25 13:33:00,2011-11-25 13:33:00,1
14947.0,72,2,290.82,145.41,14,2011-08-01 09:31:00,2011-09-28 15:48:00,58
14948.0,23,6,1101.97,183.66,56,2011-05-04 14:52:00,2011-11-16 17:16:00,196
14950.0,19,1,371.2,371.2,19,2011-11-20 13:48:00,2011-11-20 13:48:00,1
14951.0,79,1,311.69,311.69,20,2011-09-21 15:15:00,2011-09-21 15:15:00,1
14952.0,60,11,8099.49,736.32,117,2010-12-10 12:48:00,2011-10-11 10:33:00,304
14953.0,25,1,289.82,289.82,54,2011-11-14 14:59:00,2011-11-14 14:59:00,1
14954.0,12,1,336.17,336.17,75,2011-11-27 14:30:00,2011-11-27 14:30:00,1
14957.0,253,1,58.49,58.49,12,2011-03-31 17:59:00,2011-03-31 17:59:00,1
14958.0,147,3,499.68,166.56,33,2011-04-08 11:28:00,2011-07-15 14:20:00,98
14959.0,64,4,695.42,173.85,37,2011-02-16 13:00:00,2011-10-06 18:23:00,232
14960.0,8,2,221.27,110.64,23,2011-06-21 13:38:00,2011-12-01 12:54:00,162
14961.0,11,9,7044.68,782.74,195,2010-12-14 11:38:00,2011-11-29 09:42:00,349
14962.0,271,1,126.7,126.7,5,2011-03-14 09:42:00,2011-03-14 09:42:00,1
14963.0,10,5,1487.8,297.56,150,2011-06-09 12:30:00,2011-11-30 12:16:00,173
14964.0,247,1,206.21,206.21,13,2011-04-06 14:13:00,2011-04-06 14:13:00,1
14965.0,96,2,599.0,299.5,80,2011-09-04 13:15:00,2011-09-04 13:20:00,1
14966.0,15,1,191.32,191.32,35,2011-11-25 12:20:00,2011-11-25 12:20:00,1
14967.0,50,1,463.8,463.8,6,2011-10-21 11:06:00,2011-10-21 11:06:00,1
14968.0,30,1,147.59,147.59,37,2011-11-09 13:58:00,2011-11-09 13:58:00,1
14970.0,68,4,1592.06,398.02,24,2011-01-27 12:23:00,2011-10-02 13:44:00,248
14971.0,35,3,1116.57,372.19,144,2011-10-27 13:33:00,2011-11-04 17:07:00,8
14972.0,128,1,114.77,114.77,18,2011-08-03 14:54:00,2011-08-03 14:54:00,1
14973.0,107,3,1314.45,438.15,29,2011-04-28 12:22:00,2011-08-24 15:51:00,118
14974.0,37,1,114.39,114.39,17,2011-11-02 13:01:00,2011-11-02 13:01:00,1
14975.0,57,1,279.94,279.94,11,2011-10-13 14:08:00,2011-10-13 14:08:00,1
14976.0,57,7,790.86,112.98,47,2011-01-17 11:09:00,2011-10-13 16:37:00,269
14978.0,72,5,1931.42,386.28,136,2011-01-13 12:03:00,2011-09-28 13:07:00,258
14981.0,246,1,102.12,102.12,8,2011-04-07 13:45:00,2011-04-07 13:45:00,1
14984.0,19,2,213.27,106.64,37,2011-06-12 11:04:00,2011-11-20 14:28:00,161
14985.0,198,2,296.75,148.38,78,2010-12-16 19:51:00,2011-05-25 14:29:00,159
14987.0,16,2,326.4,163.2,2,2010-12-09 12:13:00,2011-11-24 09:59:00,349
14988.0,212,1,334.54,334.54,40,2011-05-12 12:05:00,2011-05-12 12:05:00,1
14995.0,39,2,233.23,116.62,53,2011-03-04 13:14:00,2011-11-01 11:39:00,241
14997.0,46,3,546.2,182.07,25,2011-06-14 16:52:00,2011-10-24 13:28:00,131
14998.0,170,2,429.87,214.94,70,2011-04-12 16:28:00,2011-06-22 17:30:00,71
15000.0,48,1,490.52,490.52,76,2011-10-23 11:42:00,2011-10-23 11:42:00,1
15002.0,116,4,1641.76,410.44,94,2010-12-07 13:16:00,2011-08-16 10:44:00,251
15004.0,147,1,1246.32,1246.32,154,2011-07-15 14:05:00,2011-07-15 14:05:00,1
15005.0,16,28,6316.57,225.59,366,2010-12-08 14:36:00,2011-11-24 12:25:00,350
15006.0,51,1,502.09,502.09,121,2011-10-19 15:08:00,2011-10-19 15:08:00,1
15007.0,159,1,156.91,156.91,12,2011-07-03 16:00:00,2011-07-03 16:00:00,1
15009.0,12,3,1261.78,420.59,148,2011-11-14 17:40:00,2011-11-27 13:35:00,12
15010.0,36,1,308.94,308.94,20,2011-11-04 12:42:00,2011-11-04 12:42:00,1
15012.0,54,2,423.04,211.52,111,2010-12-01 12:49:00,2011-10-17 12:22:00,319
15014.0,43,2,260.17,130.08,29,2011-06-16 19:40:00,2011-10-27 20:07:00,133
15016.0,173,1,170.04,170.04,20,2011-06-20 12:06:00,2011-06-20 12:06:00,1
15017.0,34,1,125.58,125.58,20,2011-11-06 10:33:00,2011-11-06 10:33:00,1
15018.0,39,3,496.21,165.4,30,2010-12-07 10:47:00,2011-11-01 12:47:00,329
15019.0,267,1,266.0,266.0,64,2011-03-18 12:35:00,2011-03-18 12:35:00,1
15021.0,9,9,1914.82,212.76,288,2010-12-08 12:17:00,2011-12-01 11:53:00,357
15022.0,12,4,905.04,226.26,96,2011-10-23 15:47:00,2011-11-28 12:35:00,35
15023.0,3,11,6802.76,618.43,348,2010-12-05 13:49:00,2011-12-06 17:23:00,366
15024.0,10,10,1661.33,166.13,105,2010-12-07 13:20:00,2011-11-30 12:06:00,357
15025.0,33,1,377.01,377.01,66,2011-11-06 15:20:00,2011-11-06 15:20:00,1
15026.0,80,3,469.0,156.33,57,2011-03-07 13:45:00,2011-09-20 13:52:00,197
15027.0,31,4,1066.15,266.54,30,2011-04-15 14:14:00,2011-11-09 10:16:00,207
15028.0,8,4,627.13,156.78,35,2010-12-06 12:47:00,2011-12-01 14:06:00,360
15030.0,72,2,518.28,259.14,7,2011-03-16 15:34:00,2011-09-29 10:50:00,196
15031.0,4,4,668.14,167.04,74,2011-03-02 14:46:00,2011-12-05 14:19:00,277
15032.0,256,3,4959.1,1653.03,31,2010-12-08 12:57:00,2011-03-28 15:03:00,110
15033.0,5,10,2586.67,258.67,314,2011-01-14 13:28:00,2011-12-05 12:40:00,324
15034.0,16,8,4308.61,538.58,301,2010-12-21 09:47:00,2011-11-24 12:11:00,338
15035.0,90,1,252.73,252.73,26,2011-09-11 11:08:00,2011-09-11 11:08:00,1
15036.0,72,3,465.55,155.18,107,2011-06-13 12:19:00,2011-09-28 15:42:00,107
15038.0,59,6,705.49,117.58,105,2010-12-05 10:54:00,2011-10-12 11:33:00,311
15039.0,10,47,19914.44,423.71,417,2010-12-06 11:26:00,2011-11-30 11:31:00,359
15041.0,170,1,180.35,180.35,65,2011-06-22 16:16:00,2011-06-22 16:16:00,1
15042.0,199,1,135.93,135.93,5,2011-05-24 16:25:00,2011-05-24 16:25:00,1
15043.0,31,1,537.0,537.0,3,2011-11-08 14:26:00,2011-11-08 14:26:00,1
15044.0,19,17,7700.23,452.95,235,2010-12-12 14:27:00,2011-11-20 13:20:00,342
15045.0,152,2,735.66,367.83,11,2011-03-27 11:44:00,2011-07-11 11:33:00,105
15046.0,9,15,5213.77,347.58,147,2011-01-05 15:30:00,2011-11-30 15:50:00,329
15047.0,270,1,343.62,343.62,22,2011-03-15 10:49:00,2011-03-15 10:49:00,1
15048.0,65,4,384.05,96.01,86,2010-12-06 12:15:00,2011-10-05 14:55:00,303
15049.0,274,1,121.17,121.17,3,2011-03-11 12:13:00,2011-03-11 12:13:00,1
15050.0,25,3,1782.09,594.03,68,2011-09-29 13:22:00,2011-11-14 16:17:00,46
15051.0,23,3,1391.61,463.87,130,2011-07-12 15:29:00,2011-11-16 15:38:00,127
15052.0,319,1,215.78,215.78,27,2011-01-24 15:52:00,2011-01-24 15:52:00,1
15053.0,5,3,697.79,232.6,49,2011-03-03 12:06:00,2011-12-05 12:08:00,277
15054.0,12,2,302.1,151.05,104,2011-10-30 14:33:00,2011-11-27 15:02:00,28
15057.0,275,2,1489.5,744.75,25,2011-01-28 09:09:00,2011-03-09 15:17:00,40
15058.0,25,11,2124.99,193.18,199,2011-01-31 15:35:00,2011-11-14 14:57:00,286
15059.0,41,9,1337.72,148.64,161,2011-01-09 11:54:00,2011-10-30 11:35:00,293
15060.0,8,4,303.09,75.77,81,2011-11-30 14:03:00,2011-12-01 13:47:00,1
15061.0,4,48,54534.14,1136.13,72,2010-12-02 15:19:00,2011-12-06 12:06:00,368
15062.0,71,4,987.86,246.96,47,2010-12-15 15:37:00,2011-09-29 16:51:00,288
15063.0,213,1,370.8,370.8,5,2011-05-10 13:25:00,2011-05-10 13:25:00,1
15065.0,38,4,3158.13,789.53,148,2011-02-21 12:54:00,2011-11-02 09:45:00,253
15066.0,53,1,893.59,893.59,42,2011-10-17 13:25:00,2011-10-17 13:25:00,1
15067.0,78,3,1744.76,581.59,82,2011-03-02 12:10:00,2011-09-22 13:20:00,204
15068.0,46,2,553.36,276.68,96,2011-03-28 14:27:00,2011-10-24 14:47:00,210
15069.0,179,1,1109.53,1109.53,70,2011-06-13 14:16:00,2011-06-13 14:16:00,1
15070.0,373,1,106.2,106.2,1,2010-12-02 11:23:00,2010-12-02 11:23:00,1
15071.0,94,2,982.07,491.04,25,2011-03-09 10:19:00,2011-09-07 11:43:00,182
15073.0,10,3,1043.41,347.8,31,2011-06-06 09:59:00,2011-11-30 10:44:00,177
15074.0,105,1,748.87,748.87,41,2011-08-26 14:45:00,2011-08-26 14:45:00,1
15075.0,78,1,773.03,773.03,27,2011-09-23 12:27:00,2011-09-23 12:27:00,1
15076.0,173,1,880.85,880.85,49,2011-06-20 08:23:00,2011-06-20 08:23:00,1
15078.0,7,32,9743.11,304.47,107,2010-12-06 12:38:00,2011-12-02 15:41:00,361
15079.0,213,4,895.61,223.9,46,2010-12-09 09:25:00,2011-05-11 12:45:00,153
15081.0,22,5,504.8,100.96,26,2010-12-07 16:20:00,2011-11-17 17:08:00,345
15083.0,257,1,88.2,88.2,5,2011-03-28 12:18:00,2011-03-28 12:18:00,1
15087.0,282,1,306.94,306.94,15,2011-03-03 10:34:00,2011-03-03 10:34:00,1
15088.0,21,2,1160.07,580.03,53,2011-10-03 14:05:00,2011-11-18 13:14:00,45
15089.0,10,6,2420.84,403.47,139,2011-08-03 14:14:00,2011-11-29 16:31:00,118
15090.0,308,1,381.32,381.32,23,2011-02-04 14:03:00,2011-02-04 14:03:00,1
15091.0,68,1,480.71,480.71,30,2011-10-03 12:47:00,2011-10-03 12:47:00,1
15092.0,215,2,457.81,228.9,23,2011-03-01 12:24:00,2011-05-08 14:10:00,68
15093.0,18,6,4597.02,766.17,52,2010-12-02 18:25:00,2011-11-21 13:09:00,353
15095.0,104,4,1370.6,342.65,30,2011-05-20 14:27:00,2011-08-28 12:01:00,99
15096.0,43,1,219.39,219.39,11,2011-10-28 10:27:00,2011-10-28 10:27:00,1
15097.0,4,1,248.08,248.08,25,2011-12-05 14:03:00,2011-12-05 14:03:00,1
15098.0,182,3,39916.5,13305.5,2,2011-06-10 15:22:00,2011-06-10 15:33:00,1
15099.0,84,1,410.48,410.48,23,2011-09-16 13:13:00,2011-09-16 13:13:00,1
15100.0,334,3,876.0,292.0,1,2010-12-01 09:09:00,2011-01-10 10:35:00,40
15101.0,9,2,317.53,158.76,8,2010-12-15 12:54:00,2011-12-01 10:18:00,350
15103.0,31,2,703.36,351.68,35,2011-09-14 13:54:00,2011-11-08 14:53:00,55
15104.0,197,2,1027.44,513.72,66,2011-03-02 14:16:00,2011-05-27 12:29:00,85
15105.0,18,7,2298.93,328.42,90,2011-07-28 10:09:00,2011-11-21 16:54:00,116
15106.0,18,5,1422.52,284.5,90,2011-03-15 12:52:00,2011-11-22 09:16:00,251
15107.0,311,6,319.5,53.25,12,2010-12-02 13:45:00,2011-02-01 14:46:00,61
15109.0,246,1,484.95,484.95,28,2011-04-08 09:58:00,2011-04-08 09:58:00,1
15110.0,24,4,996.1,249.02,18,2011-01-25 11:41:00,2011-11-16 11:16:00,294
15111.0,29,3,1567.48,522.49,70,2010-12-02 11:45:00,2011-11-10 16:58:00,343
15113.0,10,3,3609.33,1203.11,77,2011-10-16 15:27:00,2011-11-30 08:23:00,44
15114.0,30,10,2760.56,276.06,136,2011-02-11 08:45:00,2011-11-09 15:05:00,271
15115.0,18,1,340.11,340.11,21,2011-11-21 14:59:00,2011-11-21 14:59:00,1
15116.0,18,4,1352.75,338.19,37,2011-05-19 08:50:00,2011-11-22 12:25:00,187
15117.0,15,5,1551.78,310.36,66,2011-05-08 12:38:00,2011-11-25 08:12:00,200
15118.0,134,1,244.8,244.8,1,2011-07-28 14:54:00,2011-07-28 14:54:00,1
15119.0,246,1,266.4,266.4,14,2011-04-08 09:08:00,2011-04-08 09:08:00,1
15120.0,134,1,358.82,358.82,21,2011-07-29 09:48:00,2011-07-29 09:48:00,1
15121.0,50,2,457.72,228.86,28,2011-02-24 12:41:00,2011-10-20 14:51:00,238
15122.0,114,3,1633.78,544.59,65,2011-02-15 09:59:00,2011-08-17 16:48:00,183
15123.0,7,2,2199.31,1099.66,93,2011-05-17 14:57:00,2011-12-02 13:12:00,198
15124.0,23,2,184.19,92.1,14,2011-06-01 09:06:00,2011-11-17 10:09:00,169
15125.0,25,15,11528.48,768.57,103,2011-03-14 09:59:00,2011-11-14 13:57:00,245
15127.0,66,1,406.53,406.53,16,2011-10-05 10:30:00,2011-10-05 10:30:00,1
15128.0,60,4,1471.0,367.75,74,2011-05-04 12:32:00,2011-10-10 13:54:00,159
15129.0,50,11,3447.4,313.4,54,2011-02-21 09:09:00,2011-10-20 14:40:00,241
15130.0,170,1,330.11,330.11,22,2011-06-23 10:15:00,2011-06-23 10:15:00,1
15132.0,18,5,977.93,195.59,49,2011-03-22 12:02:00,2011-11-21 17:10:00,244
15133.0,128,3,982.42,327.47,27,2011-02-11 10:38:00,2011-08-04 10:44:00,174
15134.0,15,8,1387.99,173.5,46,2011-04-13 11:05:00,2011-11-25 08:55:00,225
15135.0,239,1,139.05,139.05,9,2011-04-14 19:16:00,2011-04-14 19:16:00,1
15136.0,3,4,1286.7,321.68,61,2011-09-04 16:05:00,2011-12-07 12:26:00,93
15139.0,240,2,178.96,89.48,13,2011-01-07 12:44:00,2011-04-14 11:39:00,96
15140.0,52,7,2354.25,336.32,74,2011-03-20 14:37:00,2011-10-18 14:07:00,211
15142.0,46,1,498.74,498.74,26,2011-10-24 12:51:00,2011-10-24 12:51:00,1
15143.0,226,1,259.45,259.45,14,2011-04-28 12:03:00,2011-04-28 12:03:00,1
15144.0,8,17,6580.44,387.08,133,2011-01-31 13:17:00,2011-12-01 15:12:00,304
15145.0,4,4,1194.73,298.68,54,2011-04-05 15:20:00,2011-12-05 17:21:00,244
15146.0,165,2,1327.16,663.58,90,2011-02-21 13:07:00,2011-06-28 12:09:00,126
15147.0,240,1,623.5,623.5,28,2011-04-13 15:57:00,2011-04-13 15:57:00,1
15148.0,11,1,301.29,301.29,20,2011-11-29 08:21:00,2011-11-29 08:21:00,1
15149.0,134,1,520.8,520.8,23,2011-07-29 10:58:00,2011-07-29 10:58:00,1
15150.0,17,10,5314.47,531.45,283,2011-03-15 14:21:00,2011-11-22 12:52:00,251
15152.0,10,13,4745.69,365.05,196,2011-06-05 15:36:00,2011-11-30 12:32:00,177
15153.0,31,1,329.25,329.25,22,2011-11-08 17:09:00,2011-11-08 17:09:00,1
15154.0,75,1,296.42,296.42,66,2011-09-25 16:05:00,2011-09-25 16:05:00,1
15156.0,1,3,961.49,320.5,51,2011-11-06 12:41:00,2011-12-08 18:22:00,32
15157.0,4,3,1936.07,645.36,125,2010-12-16 13:44:00,2011-12-06 11:28:00,354
15158.0,45,1,401.4,401.4,7,2011-10-25 13:53:00,2011-10-25 13:53:00,1
15159.0,2,30,18641.01,621.37,368,2010-12-13 15:44:00,2011-12-08 12:05:00,359
15160.0,357,1,158.16,158.16,4,2010-12-17 14:15:00,2010-12-17 14:15:00,1
15163.0,18,2,304.47,152.23,29,2011-05-31 15:22:00,2011-11-21 13:10:00,173
15164.0,69,3,843.05,281.02,79,2011-01-04 14:21:00,2011-10-02 12:05:00,270
15165.0,373,1,487.75,487.75,27,2010-12-01 14:03:00,2010-12-01 14:03:00,1
15167.0,321,1,163.0,163.0,39,2011-01-23 12:41:00,2011-01-23 12:41:00,1
15168.0,26,1,106.56,106.56,5,2011-11-14 11:26:00,2011-11-14 11:26:00,1
15171.0,331,1,1289.5,1289.5,5,2011-01-12 15:36:00,2011-01-12 15:36:00,1
15172.0,9,5,1624.05,324.81,106,2011-04-17 11:56:00,2011-12-01 11:51:00,227
15174.0,323,1,135.75,135.75,11,2011-01-21 09:06:00,2011-01-21 09:06:00,1
15175.0,72,1,224.14,224.14,23,2011-09-29 11:31:00,2011-09-29 11:31:00,1
15178.0,260,1,40.5,40.5,3,2011-03-24 15:12:00,2011-03-24 15:12:00,1
15179.0,18,5,2206.95,441.39,91,2011-01-24 13:48:00,2011-11-21 12:53:00,300
15180.0,367,1,87.5,87.5,6,2010-12-07 14:57:00,2010-12-07 14:57:00,1
15181.0,66,3,689.48,229.83,11,2011-03-15 12:03:00,2011-10-04 13:58:00,203
15182.0,154,2,622.85,311.42,24,2011-03-16 12:42:00,2011-07-08 13:37:00,114
15184.0,29,2,406.76,203.38,58,2011-06-02 12:06:00,2011-11-10 13:41:00,161
15185.0,70,1,310.62,310.62,21,2011-09-30 14:06:00,2011-09-30 14:06:00,1
15186.0,14,2,411.41,205.7,17,2011-06-24 14:54:00,2011-11-25 14:58:00,154
15187.0,2,16,4777.18,298.57,64,2011-05-11 13:49:00,2011-12-08 11:56:00,210
15189.0,1,41,16225.39,395.74,82,2011-01-11 12:29:00,2011-12-08 13:22:00,331
15192.0,120,3,1044.32,348.11,36,2010-12-09 14:56:00,2011-08-12 11:41:00,245
15193.0,61,1,499.32,499.32,19,2011-10-10 08:23:00,2011-10-10 08:23:00,1
15194.0,3,15,7616.53,507.77,209,2010-12-06 15:00:00,2011-12-06 15:10:00,365
15195.0,3,1,3861.0,3861.0,1,2011-12-07 12:20:00,2011-12-07 12:20:00,1
15197.0,11,3,1079.61,359.87,30,2010-12-16 18:01:00,2011-11-29 10:00:00,347
15198.0,92,2,193.64,96.82,10,2011-08-07 15:16:00,2011-09-08 14:42:00,31
15199.0,59,4,1268.7,317.17,5,2011-02-04 14:04:00,2011-10-11 15:12:00,249
15201.0,87,5,1236.54,247.31,35,2011-04-06 14:02:00,2011-09-13 14:53:00,160
15203.0,26,6,1827.8,304.63,84,2011-02-01 12:29:00,2011-11-14 08:16:00,285
15204.0,357,1,316.58,316.58,9,2010-12-17 13:49:00,2010-12-17 13:49:00,1
15205.0,85,2,653.24,326.62,37,2011-08-04 16:07:00,2011-09-15 19:36:00,42
15206.0,10,4,420.3,105.08,3,2011-03-09 08:59:00,2011-11-29 13:41:00,265
15208.0,1,5,870.12,174.02,25,2010-12-21 13:03:00,2011-12-08 17:24:00,352
15210.0,225,1,331.18,331.18,20,2011-04-28 16:11:00,2011-04-28 16:11:00,1
15211.0,60,2,894.41,447.2,52,2010-12-09 16:08:00,2011-10-10 13:31:00,304
15212.0,241,1,101.8,101.8,5,2011-04-12 13:45:00,2011-04-12 13:45:00,1
15213.0,319,2,328.35,164.18,22,2011-01-14 11:05:00,2011-01-25 12:21:00,11
15214.0,2,8,1661.44,207.68,109,2011-04-11 09:46:00,2011-12-08 12:07:00,241
15215.0,47,3,734.94,244.98,33,2011-09-04 12:24:00,2011-10-24 11:41:00,49
15216.0,88,1,96.6,96.6,2,2011-09-13 11:41:00,2011-09-13 11:41:00,1
15218.0,11,11,5756.89,523.35,78,2011-01-25 11:20:00,2011-11-29 11:48:00,308
15219.0,176,1,305.75,305.75,9,2011-06-16 16:57:00,2011-06-16 16:57:00,1
15220.0,52,6,1778.96,296.49,110,2011-03-04 10:24:00,2011-10-19 12:39:00,229
15221.0,366,1,403.25,403.25,5,2010-12-08 13:08:00,2010-12-08 13:08:00,1
15222.0,319,1,585.0,585.0,5,2011-01-25 08:03:00,2011-01-25 08:03:00,1
15223.0,226,2,755.75,377.88,14,2011-04-04 12:17:00,2011-04-28 11:31:00,23
15224.0,358,2,322.08,161.04,13,2010-12-12 12:34:00,2010-12-16 15:02:00,4
15225.0,234,1,409.4,409.4,23,2011-04-19 14:51:00,2011-04-19 14:51:00,1
15226.0,311,1,154.41,154.41,8,2011-02-02 11:41:00,2011-02-02 11:41:00,1
15227.0,37,5,1219.4,243.88,43,2011-01-26 15:31:00,2011-11-03 11:59:00,280
15228.0,66,4,3386.71,846.68,110,2011-02-18 09:04:00,2011-10-04 13:56:00,228
15230.0,239,2,429.6,214.8,23,2011-04-13 11:04:00,2011-04-14 14:39:00,1
15232.0,113,2,612.06,306.03,26,2011-07-22 12:21:00,2011-08-18 16:27:00,27
15234.0,277,1,197.0,197.0,14,2011-03-08 08:53:00,2011-03-08 08:53:00,1
15235.0,218,12,2247.51,187.29,130,2010-12-01 17:22:00,2011-05-06 09:44:00,155
15236.0,299,1,321.05,321.05,15,2011-02-14 10:52:00,2011-02-14 10:52:00,1
15237.0,2,4,1412.32,353.08,94,2011-04-26 15:04:00,2011-12-08 09:46:00,225
15238.0,29,3,1071.99,357.33,49,2011-06-08 16:00:00,2011-11-10 14:28:00,154
15239.0,10,2,780.59,390.3,48,2011-09-22 09:53:00,2011-11-29 14:14:00,68
15240.0,45,5,1706.57,341.31,58,2011-02-01 08:23:00,2011-10-26 09:50:00,267
15241.0,67,8,1756.44,219.56,82,2011-03-01 11:02:00,2011-10-04 09:05:00,216
15243.0,74,1,316.68,316.68,22,2011-09-26 14:12:00,2011-09-26 14:12:00,1
15244.0,65,2,631.57,315.78,31,2011-04-05 15:12:00,2011-10-05 13:19:00,182
15245.0,134,3,2515.84,838.61,55,2011-03-23 13:42:00,2011-07-28 18:56:00,127
15246.0,238,2,514.15,257.08,32,2010-12-16 09:46:00,2011-04-15 14:45:00,120
15247.0,122,1,356.0,356.0,6,2011-08-09 12:52:00,2011-08-09 12:52:00,1
15249.0,32,13,6688.46,514.5,212,2011-03-28 12:49:00,2011-11-08 11:45:00,224
15251.0,9,11,10484.99,953.18,97,2011-04-12 10:38:00,2011-11-30 15:02:00,232
15252.0,36,2,740.78,370.39,44,2011-06-09 14:15:00,2011-11-03 13:30:00,146
15253.0,16,5,918.2,183.64,52,2011-06-23 12:19:00,2011-11-23 16:22:00,153
15254.0,127,1,300.36,300.36,18,2011-08-04 15:04:00,2011-08-04 15:04:00,1
15255.0,67,1,890.85,890.85,47,2011-10-04 12:43:00,2011-10-04 12:43:00,1
15256.0,149,1,98.45,98.45,6,2011-07-14 11:47:00,2011-07-14 11:47:00,1
15257.0,283,1,317.15,317.15,7,2011-03-01 12:58:00,2011-03-01 12:58:00,1
15258.0,169,2,623.16,311.58,32,2011-05-06 14:16:00,2011-06-24 12:30:00,48
15260.0,100,7,1810.77,258.68,62,2010-12-02 12:09:00,2011-08-31 13:55:00,272
15261.0,135,1,254.82,254.82,19,2011-07-27 15:20:00,2011-07-27 15:20:00,1
15262.0,324,1,178.95,178.95,10,2011-01-20 12:16:00,2011-01-20 12:16:00,1
15263.0,107,1,156.51,156.51,12,2011-08-25 10:26:00,2011-08-25 10:26:00,1
15264.0,64,1,393.74,393.74,23,2011-10-06 13:49:00,2011-10-06 13:49:00,1
15265.0,151,2,1506.12,753.06,76,2011-04-18 12:16:00,2011-07-11 14:46:00,84
15266.0,338,1,119.3,119.3,6,2011-01-05 13:40:00,2011-01-05 13:40:00,1
15267.0,22,5,1717.36,343.47,8,2011-06-10 10:24:00,2011-11-17 15:59:00,160
15269.0,24,1,408.8,408.8,2,2011-11-16 09:32:00,2011-11-16 09:32:00,1
15270.0,16,7,2379.49,339.93,22,2011-02-02 13:25:00,2011-11-24 09:24:00,294
15271.0,7,15,2507.07,167.14,185,2010-12-09 13:47:00,2011-12-02 14:11:00,358
15272.0,57,2,721.94,360.97,63,2011-09-14 16:36:00,2011-10-13 12:59:00,28
15274.0,4,2,716.57,358.28,44,2011-11-21 14:17:00,2011-12-05 16:57:00,14
15275.0,38,1,615.14,615.14,41,2011-11-02 11:20:00,2011-11-02 11:20:00,1
15276.0,66,1,135.31,135.31,49,2011-10-04 16:39:00,2011-10-04 16:39:00,1
15277.0,47,1,255.9,255.9,12,2011-10-24 10:08:00,2011-10-24 10:08:00,1
15279.0,355,1,290.51,290.51,19,2010-12-20 10:48:00,2010-12-20 10:48:00,1
15280.0,172,1,113.12,113.12,16,2011-06-20 17:14:00,2011-06-20 17:14:00,1
15281.0,59,9,2332.15,259.13,121,2011-01-10 15:51:00,2011-10-12 09:10:00,274
15286.0,50,1,240.55,240.55,3,2011-10-21 11:08:00,2011-10-21 11:08:00,1
15287.0,22,2,486.69,243.34,17,2011-09-30 12:30:00,2011-11-17 15:34:00,48
15288.0,43,5,2306.52,461.3,80,2010-12-09 13:59:00,2011-10-27 16:58:00,322
15289.0,29,3,939.78,313.26,43,2011-04-04 12:44:00,2011-11-10 13:49:00,220
15290.0,5,18,7943.22,441.29,94,2010-12-15 16:03:00,2011-12-05 11:39:00,354
15291.0,26,15,4668.3,311.22,62,2010-12-01 09:32:00,2011-11-14 11:02:00,348
15292.0,201,1,180.94,180.94,23,2011-05-22 15:00:00,2011-05-22 15:00:00,1
15296.0,51,6,3672.86,612.14,138,2011-01-17 11:57:00,2011-10-20 11:47:00,275
15297.0,10,3,641.94,213.98,30,2011-10-07 09:42:00,2011-11-29 16:32:00,53
15298.0,2,12,4799.9,399.99,118,2010-12-08 13:55:00,2011-12-07 17:17:00,364
15299.0,67,7,4507.01,643.86,7,2010-12-02 16:48:00,2011-10-03 14:19:00,304
15300.0,64,1,496.44,496.44,28,2011-10-06 17:08:00,2011-10-06 17:08:00,1
15301.0,51,12,5070.35,422.53,167,2010-12-06 12:21:00,2011-10-20 09:57:00,317
15303.0,290,1,574.02,574.02,31,2011-02-22 13:59:00,2011-02-22 13:59:00,1
15304.0,61,8,694.4,86.8,8,2010-12-06 11:42:00,2011-10-10 10:23:00,307
15306.0,64,3,1174.35,391.45,57,2011-07-14 15:22:00,2011-10-06 12:56:00,83
15307.0,96,1,205.3,205.3,12,2011-09-05 11:38:00,2011-09-05 11:38:00,1
15308.0,274,1,310.47,310.47,19,2011-03-10 13:08:00,2011-03-10 13:08:00,1
15311.0,1,91,60767.9,667.78,576,2010-12-01 09:41:00,2011-12-09 12:00:00,373
15312.0,75,4,924.85,231.21,42,2010-12-20 12:51:00,2011-09-25 13:10:00,279
15313.0,110,1,52.0,52.0,1,2011-08-21 16:02:00,2011-08-21 16:02:00,1
15314.0,199,1,327.97,327.97,24,2011-05-24 14:39:00,2011-05-24 14:39:00,1
15315.0,64,2,570.5,285.25,35,2011-08-15 15:17:00,2011-10-06 12:51:00,51
15316.0,327,1,165.0,165.0,1,2011-01-17 11:34:00,2011-01-17 11:34:00,1
15318.0,4,1,312.62,312.62,33,2011-12-06 11:30:00,2011-12-06 11:30:00,1
15319.0,284,1,204.5,204.5,16,2011-03-01 12:48:00,2011-03-01 12:48:00,1
15320.0,44,1,267.13,267.13,36,2011-10-26 13:27:00,2011-10-26 13:27:00,1
15321.0,71,3,2748.31,916.1,84,2011-02-21 11:10:00,2011-09-30 09:40:00,220
15322.0,86,1,679.68,679.68,42,2011-09-15 09:34:00,2011-09-15 09:34:00,1
15325.0,104,1,162.29,162.29,47,2011-08-28 11:55:00,2011-08-28 11:55:00,1
15326.0,334,1,311.71,311.71,29,2011-01-10 11:38:00,2011-01-10 11:38:00,1
15327.0,53,1,208.75,208.75,10,2011-10-18 11:55:00,2011-10-18 11:55:00,1
15329.0,39,3,1049.7,349.9,52,2011-06-21 10:37:00,2011-10-31 15:36:00,132
15330.0,32,2,714.96,357.48,10,2011-10-10 12:30:00,2011-11-07 17:50:00,28
15333.0,208,1,1028.56,1028.56,16,2011-05-15 13:27:00,2011-05-15 13:27:00,1
15334.0,157,3,351.67,117.22,67,2011-06-19 13:51:00,2011-07-06 11:22:00,16
15335.0,53,1,173.97,173.97,34,2011-10-17 12:50:00,2011-10-17 12:50:00,1
15339.0,66,2,574.07,287.03,77,2011-01-25 13:15:00,2011-10-04 12:51:00,251
15341.0,81,1,2020.52,2020.52,17,2011-09-20 09:40:00,2011-09-20 09:40:00,1
15342.0,130,1,406.09,406.09,24,2011-08-02 10:19:00,2011-08-02 10:19:00,1
15343.0,87,1,364.5,364.5,21,2011-09-13 13:55:00,2011-09-13 13:55:00,1
15344.0,1,3,563.94,187.98,21,2011-09-26 14:48:00,2011-12-09 10:45:00,73
15345.0,46,1,393.54,393.54,20,2011-10-25 11:28:00,2011-10-25 11:28:00,1
15346.0,333,1,252.42,252.42,17,2011-01-11 11:18:00,2011-01-11 11:18:00,1
15347.0,366,1,201.6,201.6,5,2010-12-08 15:25:00,2010-12-08 15:25:00,1
15348.0,72,1,158.04,158.04,9,2011-09-28 13:17:00,2011-09-28 13:17:00,1
15349.0,158,2,473.81,236.9,66,2011-06-05 15:46:00,2011-07-04 16:06:00,29
15350.0,373,1,115.65,115.65,5,2010-12-01 13:33:00,2010-12-01 13:33:00,1
15351.0,12,7,1960.11,280.02,160,2010-12-05 11:49:00,2011-11-27 12:52:00,357
15353.0,255,2,777.02,388.51,59,2010-12-07 11:49:00,2011-03-30 12:15:00,113
15355.0,29,2,277.05,138.53,9,2011-10-17 15:22:00,2011-11-10 13:44:00,23
15356.0,31,10,2766.5,276.65,217,2010-12-06 14:05:00,2011-11-08 13:11:00,336
15358.0,5,22,8347.2,379.42,302,2010-12-09 10:04:00,2011-12-05 09:04:00,360
15360.0,40,1,427.93,427.93,13,2011-10-31 09:35:00,2011-10-31 09:35:00,1
15361.0,362,1,418.92,418.92,7,2010-12-13 09:52:00,2010-12-13 09:52:00,1
15363.0,373,1,326.0,326.0,16,2010-12-02 12:28:00,2010-12-02 12:28:00,1
15364.0,96,2,913.19,456.6,29,2011-03-30 13:39:00,2011-09-05 09:46:00,158
15365.0,26,7,2314.32,330.62,65,2011-01-28 13:08:00,2011-11-14 08:29:00,289
15366.0,75,2,602.51,301.26,37,2010-12-16 15:59:00,2011-09-25 15:01:00,282
15367.0,57,4,1877.59,469.4,91,2011-03-09 13:53:00,2011-10-13 14:13:00,218
15368.0,21,1,446.94,446.94,4,2011-11-18 14:42:00,2011-11-18 14:42:00,1
15370.0,41,7,2386.05,340.86,64,2011-01-11 11:32:00,2011-10-30 10:58:00,291
15372.0,137,1,2007.4,2007.4,27,2011-07-25 16:39:00,2011-07-25 16:39:00,1
15373.0,8,12,2415.91,201.33,75,2010-12-03 14:40:00,2011-12-01 15:05:00,363
15374.0,129,1,168.0,168.0,3,2011-08-03 09:59:00,2011-08-03 09:59:00,1
15376.0,40,3,1233.36,411.12,100,2011-05-01 13:45:00,2011-10-30 15:04:00,182
15379.0,169,7,3703.29,529.04,146,2010-12-16 13:02:00,2011-06-23 13:13:00,189
15380.0,9,5,1690.26,338.05,22,2010-12-09 15:01:00,2011-12-01 12:13:00,356
15381.0,214,2,596.85,298.42,8,2011-03-16 13:44:00,2011-05-10 11:55:00,54
15382.0,15,6,5955.71,992.62,200,2011-02-17 12:01:00,2011-11-25 10:58:00,280
15384.0,170,2,642.41,321.2,34,2010-12-15 11:34:00,2011-06-23 10:57:00,189
15385.0,40,1,316.88,316.88,12,2011-10-30 15:11:00,2011-10-30 15:11:00,1
15386.0,186,1,394.14,394.14,31,2011-06-06 13:47:00,2011-06-06 13:47:00,1
15389.0,172,1,500.0,500.0,1,2011-06-20 16:18:00,2011-06-20 16:18:00,1
15392.0,5,4,1535.53,383.88,74,2010-12-14 15:50:00,2011-12-05 11:01:00,355
15393.0,16,2,231.86,115.93,10,2011-03-03 16:58:00,2011-11-23 16:48:00,264
15394.0,10,4,2183.54,545.89,56,2010-12-16 12:46:00,2011-11-30 11:49:00,348
15395.0,326,1,107.45,107.45,7,2011-01-18 12:40:00,2011-01-18 12:40:00,1
15396.0,113,1,288.18,288.18,14,2011-08-19 10:56:00,2011-08-19 10:56:00,1
15397.0,290,1,94.0,94.0,6,2011-02-23 09:25:00,2011-02-23 09:25:00,1
15398.0,16,2,1345.53,672.77,60,2011-09-22 14:56:00,2011-11-23 16:47:00,62
15399.0,1,3,815.77,271.92,45,2011-09-21 15:57:00,2011-12-08 13:04:00,77
15400.0,92,5,716.2,143.24,10,2011-03-06 11:27:00,2011-09-08 13:57:00,186
15402.0,149,2,626.77,313.38,35,2011-05-27 13:32:00,2011-07-14 12:17:00,47
15405.0,189,1,349.1,349.1,8,2011-06-03 14:44:00,2011-06-03 14:44:00,1
15406.0,31,2,510.71,255.36,51,2011-02-11 16:19:00,2011-11-08 13:22:00,269
15407.0,34,4,1056.44,264.11,142,2011-02-07 13:18:00,2011-11-06 11:55:00,271
15408.0,264,1,267.18,267.18,34,2011-03-20 15:02:00,2011-03-20 15:02:00,1
15410.0,84,8,3450.84,431.36,48,2011-03-23 10:15:00,2011-09-16 14:47:00,177
15411.0,26,4,1358.88,339.72,86,2011-06-10 12:30:00,2011-11-13 15:19:00,156
15412.0,171,1,190.53,190.53,10,2011-06-21 15:24:00,2011-06-21 15:24:00,1
15414.0,10,3,774.9,258.3,37,2011-04-11 13:45:00,2011-11-30 09:50:00,232
15415.0,313,1,572.81,572.81,46,2011-01-30 14:13:00,2011-01-30 14:13:00,1
15416.0,65,4,3984.32,996.08,165,2011-03-02 08:41:00,2011-10-06 09:38:00,218
15417.0,85,1,508.8,508.8,28,2011-09-15 15:26:00,2011-09-15 15:26:00,1
15419.0,25,1,135.86,135.86,8,2011-11-15 09:23:00,2011-11-15 09:23:00,1
15421.0,59,4,950.36,237.59,42,2011-02-02 14:36:00,2011-10-12 09:20:00,251
15422.0,323,2,97.7,48.85,6,2011-01-20 14:17:00,2011-01-20 16:17:00,1
15423.0,38,1,43.5,43.5,2,2011-11-01 14:01:00,2011-11-01 14:01:00,1
15424.0,254,2,383.34,191.67,17,2011-03-30 13:00:00,2011-03-30 13:02:00,1
15426.0,19,5,1447.39,289.48,219,2010-12-05 13:55:00,2011-11-20 15:36:00,350
15427.0,33,3,1483.14,494.38,233,2011-10-23 14:47:00,2011-11-06 14:29:00,13
15428.0,15,1,93.78,93.78,6,2011-11-24 16:54:00,2011-11-24 16:54:00,1
15429.0,27,2,397.35,198.68,77,2011-09-25 13:42:00,2011-11-13 12:28:00,48
15432.0,23,1,171.19,171.19,10,2011-11-16 16:30:00,2011-11-16 16:30:00,1
15433.0,214,2,533.3,266.65,40,2011-03-17 14:12:00,2011-05-10 10:45:00,53
15434.0,8,5,1041.48,208.3,40,2011-05-23 14:18:00,2011-12-01 13:33:00,191
15435.0,22,1,149.29,149.29,29,2011-11-17 16:39:00,2011-11-17 16:39:00,1
15436.0,12,3,1122.53,374.18,244,2011-04-19 16:52:00,2011-11-27 16:05:00,221
15437.0,262,1,200.16,200.16,44,2011-03-22 13:11:00,2011-03-22 13:11:00,1
15438.0,131,1,156.58,156.58,25,2011-07-31 14:19:00,2011-07-31 14:19:00,1
15440.0,55,3,383.68,127.89,50,2011-05-15 11:30:00,2011-10-16 12:16:00,154
15442.0,249,1,594.0,594.0,2,2011-04-05 12:24:00,2011-04-05 12:24:00,1
15443.0,2,7,3236.91,462.42,238,2011-01-23 13:25:00,2011-12-08 10:40:00,318
15444.0,9,2,1418.26,709.13,190,2011-10-30 16:12:00,2011-11-30 17:37:00,31
15445.0,264,1,113.5,113.5,5,2011-03-20 15:06:00,2011-03-20 15:06:00,1
15447.0,331,1,155.17,155.17,9,2011-01-13 11:26:00,2011-01-13 11:26:00,1
15448.0,313,1,494.64,494.64,28,2011-01-31 10:42:00,2011-01-31 10:42:00,1
15449.0,26,3,974.52,324.84,47,2011-03-23 10:43:00,2011-11-13 15:02:00,235
15450.0,30,1,429.84,429.84,30,2011-11-09 17:11:00,2011-11-09 17:11:00,1
15452.0,30,3,538.73,179.58,46,2011-03-20 15:21:00,2011-11-10 12:13:00,234
15453.0,2,7,1388.37,198.34,170,2011-06-05 12:37:00,2011-12-08 10:59:00,185
15454.0,362,1,179.1,179.1,23,2010-12-12 14:21:00,2010-12-12 14:21:00,1
15456.0,283,3,447.22,149.07,48,2010-12-15 15:34:00,2011-03-01 13:51:00,75
15457.0,262,1,237.07,237.07,56,2011-03-22 15:31:00,2011-03-22 15:31:00,1
15458.0,25,1,161.64,161.64,7,2011-11-14 13:08:00,2011-11-14 13:08:00,1
15460.0,354,1,216.76,216.76,53,2010-12-20 16:08:00,2010-12-20 16:08:00,1
15462.0,94,3,234.6,78.2,9,2011-06-05 15:36:00,2011-09-06 13:11:00,92
15463.0,29,1,126.14,126.14,7,2011-11-10 12:57:00,2011-11-10 12:57:00,1
15464.0,338,1,1048.85,1048.85,153,2011-01-05 15:56:00,2011-01-05 15:56:00,1
15465.0,20,18,7354.62,408.59,43,2010-12-05 10:12:00,2011-11-20 10:11:00,349
15466.0,85,1,334.53,334.53,56,2011-09-15 14:08:00,2011-09-15 14:08:00,1
15467.0,9,3,524.88,174.96,41,2011-07-10 14:42:00,2011-11-30 14:17:00,142
15468.0,51,2,467.51,233.76,24,2011-10-19 13:38:00,2011-10-19 13:49:00,1
15469.0,50,2,538.55,269.28,24,2011-08-11 16:54:00,2011-10-20 16:21:00,69
15471.0,2,1,469.48,469.48,67,2011-12-07 14:12:00,2011-12-07 14:12:00,1
15472.0,113,1,371.56,371.56,76,2011-08-18 15:17:00,2011-08-18 15:17:00,1
15473.0,14,7,1771.2,253.03,4,2011-10-10 11:12:00,2011-11-25 15:15:00,46
15475.0,77,1,454.11,454.11,29,2011-09-23 15:20:00,2011-09-23 15:20:00,1
15478.0,40,2,1441.42,720.71,34,2011-10-14 11:09:00,2011-10-30 14:19:00,16
15482.0,16,12,11054.96,921.25,47,2010-12-16 10:08:00,2011-11-24 10:46:00,343
15483.0,161,4,233.81,58.45,74,2011-03-18 12:26:00,2011-07-01 13:07:00,105
15484.0,1,4,3594.31,898.58,135,2011-09-22 13:31:00,2011-12-08 15:03:00,77
15485.0,30,3,2575.0,858.33,59,2010-12-01 13:23:00,2011-11-09 14:31:00,343
15488.0,93,1,91.32,91.32,2,2011-09-08 10:11:00,2011-09-08 10:11:00,1
15489.0,23,3,1134.28,378.09,47,2011-05-12 12:54:00,2011-11-17 08:53:00,188
15491.0,95,6,3100.09,516.68,109,2011-04-18 10:04:00,2011-09-05 15:56:00,140
15492.0,28,2,659.46,329.73,32,2011-09-26 14:02:00,2011-11-11 14:53:00,46
15493.0,33,5,2001.8,400.36,175,2011-03-14 11:44:00,2011-11-07 12:04:00,238
15494.0,21,2,1299.23,649.62,120,2011-08-10 15:29:00,2011-11-18 14:51:00,99
15497.0,18,2,1262.2,631.1,14,2011-01-24 10:01:00,2011-11-22 11:51:00,302
15498.0,3,27,13316.4,493.2,362,2010-12-08 12:29:00,2011-12-07 12:48:00,364
15500.0,8,4,1131.56,282.89,63,2011-09-19 13:47:00,2011-12-01 13:47:00,73
15502.0,16,12,10384.93,865.41,167,2010-12-05 15:40:00,2011-11-24 12:48:00,353
15503.0,363,1,147.09,147.09,66,2010-12-12 10:57:00,2010-12-12 10:57:00,1
15504.0,81,1,52.83,52.83,13,2011-09-19 13:45:00,2011-09-19 13:45:00,1
15505.0,53,5,3610.96,722.19,90,2011-07-07 13:33:00,2011-10-18 07:56:00,102
15506.0,23,3,979.26,326.42,121,2011-07-24 11:45:00,2011-11-17 12:11:00,116
15507.0,172,1,492.36,492.36,41,2011-06-21 11:19:00,2011-06-21 11:19:00,1
15508.0,189,6,1000.27,166.71,78,2011-04-18 15:31:00,2011-06-03 15:43:00,46
15510.0,331,1,250.0,250.0,1,2011-01-13 12:10:00,2011-01-13 12:10:00,1
15511.0,12,5,909.23,181.85,117,2011-09-15 15:05:00,2011-11-28 09:43:00,73
15512.0,156,2,121.0,60.5,7,2010-12-15 12:01:00,2011-07-07 10:20:00,203
15513.0,33,19,14758.22,776.75,190,2010-12-01 11:22:00,2011-11-06 14:36:00,340
15514.0,12,11,4139.46,376.31,96,2010-12-10 13:50:00,2011-11-27 14:40:00,352
15516.0,45,3,62.43,20.81,15,2011-10-24 11:33:00,2011-10-26 10:51:00,1
15517.0,233,1,267.03,267.03,27,2011-04-20 14:02:00,2011-04-20 14:02:00,1
15518.0,64,8,1942.45,242.81,136,2011-01-11 12:55:00,2011-10-06 13:05:00,268
15520.0,2,1,343.5,343.5,18,2011-12-08 10:58:00,2011-12-08 10:58:00,1
15521.0,40,8,3000.2,375.02,119,2011-03-30 09:15:00,2011-10-30 13:42:00,214
15522.0,33,2,398.84,199.42,47,2011-09-13 12:26:00,2011-11-07 11:26:00,54
15523.0,84,1,412.01,412.01,10,2011-09-16 16:29:00,2011-09-16 16:29:00,1
15524.0,25,1,440.0,440.0,1,2011-11-15 12:09:00,2011-11-15 12:09:00,1
15525.0,2,3,825.92,275.31,133,2010-12-01 13:17:00,2011-12-07 14:43:00,371
15526.0,33,2,148.44,74.22,4,2011-11-06 15:01:00,2011-11-06 15:04:00,1
15527.0,19,8,2429.78,303.72,129,2010-12-20 14:15:00,2011-11-21 12:17:00,335
15528.0,254,1,229.33,229.33,26,2011-03-30 16:14:00,2011-03-30 16:14:00,1
15529.0,23,11,3995.23,363.2,422,2010-12-08 12:24:00,2011-11-17 11:29:00,343
15530.0,22,4,1502.35,375.59,90,2011-04-07 11:16:00,2011-11-18 12:25:00,225
15531.0,8,2,2007.44,1003.72,196,2011-11-09 17:47:00,2011-12-01 18:43:00,22
15532.0,25,4,1580.93,395.23,208,2010-12-16 16:45:00,2011-11-14 14:51:00,332
15533.0,19,3,807.57,269.19,73,2011-09-11 15:41:00,2011-11-20 15:35:00,69
15535.0,173,4,536.4,134.1,55,2011-01-16 12:35:00,2011-06-19 16:02:00,154
15537.0,163,1,110.92,110.92,24,2011-06-29 13:10:00,2011-06-29 13:10:00,1
15539.0,7,1,538.46,538.46,41,2011-12-02 13:36:00,2011-12-02 13:36:00,1
15540.0,11,1,213.3,213.3,15,2011-11-28 13:51:00,2011-11-28 13:51:00,1
15541.0,114,1,85.13,85.13,29,2011-08-17 14:58:00,2011-08-17 14:58:00,1
15543.0,288,1,127.86,127.86,26,2011-02-24 15:26:00,2011-02-24 15:26:00,1
15544.0,9,9,3546.71,394.08,127,2010-12-02 12:47:00,2011-11-30 16:43:00,363
15545.0,54,2,292.72,146.36,78,2010-12-03 17:28:00,2011-10-16 13:24:00,316
15547.0,7,14,4954.84,353.92,440,2010-12-12 13:26:00,2011-12-02 12:52:00,354
15549.0,77,3,1693.26,564.42,104,2011-01-27 15:38:00,2011-09-23 16:22:00,239
15550.0,4,4,575.63,143.91,44,2011-02-11 12:49:00,2011-12-05 15:38:00,297
15551.0,37,1,436.06,436.06,29,2011-11-03 12:37:00,2011-11-03 12:37:00,1
15552.0,217,1,90.12,90.12,16,2011-05-06 14:47:00,2011-05-06 14:47:00,1
15553.0,60,1,437.23,437.23,51,2011-10-10 14:02:00,2011-10-10 14:02:00,1
15554.0,278,1,217.2,217.2,14,2011-03-07 09:00:00,2011-03-07 09:00:00,1
15555.0,12,16,4805.17,300.32,406,2010-12-05 14:45:00,2011-11-27 16:19:00,357
15556.0,24,1,279.77,279.77,31,2011-11-15 16:08:00,2011-11-15 16:08:00,1
15557.0,29,1,473.65,473.65,16,2011-11-11 12:46:00,2011-11-11 12:46:00,1
15561.0,12,4,800.59,200.15,27,2011-05-08 11:38:00,2011-11-28 11:07:00,203
15562.0,352,1,134.55,134.55,1,2010-12-23 09:55:00,2010-12-23 09:55:00,1
15563.0,22,4,1400.44,350.11,88,2010-12-16 11:27:00,2011-11-17 14:50:00,336
15565.0,50,2,173.16,86.58,8,2011-09-30 10:44:00,2011-10-20 14:33:00,20
15567.0,19,1,186.01,186.01,7,2011-11-21 10:48:00,2011-11-21 10:48:00,1
15568.0,3,3,758.29,252.76,27,2011-09-27 14:37:00,2011-12-07 11:27:00,70
15569.0,104,5,1375.71,275.14,27,2011-01-11 13:26:00,2011-08-28 10:15:00,228
15570.0,7,12,4165.52,347.13,233,2010-12-05 12:57:00,2011-12-02 14:47:00,362
15571.0,12,4,650.43,162.61,47,2011-09-22 13:15:00,2011-11-28 10:02:00,66
15572.0,5,7,2552.86,364.69,166,2011-03-06 14:44:00,2011-12-05 10:09:00,273
15573.0,32,2,607.45,303.73,88,2011-09-15 12:16:00,2011-11-08 11:38:00,53
15574.0,178,4,702.25,175.56,131,2010-12-02 15:46:00,2011-06-15 12:01:00,194
15576.0,38,1,940.67,940.67,43,2011-11-02 12:03:00,2011-11-02 12:03:00,1
15577.0,151,3,258.88,86.29,39,2011-02-07 13:32:00,2011-07-11 17:03:00,154
15578.0,162,1,127.1,127.1,13,2011-06-30 13:03:00,2011-06-30 13:03:00,1
15579.0,69,2,348.6,174.3,45,2011-01-30 12:09:00,2011-10-02 12:45:00,245
15581.0,121,13,3679.97,283.07,134,2010-12-08 14:38:00,2011-08-11 09:38:00,245
15582.0,25,3,682.91,227.64,39,2011-05-03 13:36:00,2011-11-15 09:55:00,195
15584.0,24,4,725.11,181.28,88,2011-06-30 16:39:00,2011-11-16 10:55:00,138
15585.0,177,1,455.3,455.3,31,2011-06-16 08:38:00,2011-06-16 08:38:00,1
15587.0,50,4,913.68,228.42,3,2010-12-23 09:59:00,2011-10-20 13:37:00,301
15589.0,256,3,478.53,159.51,28,2011-02-02 10:46:00,2011-03-29 09:54:00,54
15592.0,47,1,388.58,388.58,24,2011-10-24 08:59:00,2011-10-24 08:59:00,1
15593.0,71,1,199.8,199.8,5,2011-09-30 11:46:00,2011-09-30 11:46:00,1
15594.0,16,5,1771.78,354.36,85,2011-04-19 10:08:00,2011-11-24 08:53:00,218
15596.0,101,5,1406.59,281.32,51,2010-12-09 16:10:00,2011-08-31 10:55:00,264
15597.0,35,1,324.57,324.57,22,2011-11-04 13:26:00,2011-11-04 13:26:00,1
15598.0,53,1,240.68,240.68,14,2011-10-17 16:04:00,2011-10-17 16:04:00,1
15599.0,27,2,761.74,380.87,50,2011-05-19 13:05:00,2011-11-13 11:44:00,177
15601.0,11,14,6776.56,484.04,230,2010-12-02 10:39:00,2011-11-28 15:15:00,361
15602.0,8,9,1297.87,144.21,31,2010-12-06 15:35:00,2011-12-01 14:14:00,359
15603.0,79,1,48.48,48.48,2,2011-09-22 10:04:00,2011-09-22 10:04:00,1
15604.0,52,1,216.39,216.39,17,2011-10-18 14:47:00,2011-10-18 14:47:00,1
15605.0,36,5,1198.23,239.65,61,2010-12-01 13:38:00,2011-11-03 14:17:00,337
15606.0,61,9,2920.16,324.46,48,2011-01-19 12:07:00,2011-10-09 15:47:00,263
15607.0,337,1,104.76,104.76,13,2011-01-07 12:44:00,2011-01-07 12:44:00,1
15608.0,28,4,1093.68,273.42,59,2011-08-11 09:56:00,2011-11-11 13:20:00,92
15609.0,184,1,298.48,298.48,16,2011-06-08 13:00:00,2011-06-08 13:00:00,1
15610.0,52,1,112.46,112.46,6,2011-10-19 10:36:00,2011-10-19 10:36:00,1
15611.0,10,13,1591.45,122.42,23,2011-01-09 11:32:00,2011-11-30 12:36:00,325
15612.0,36,2,195.15,97.58,4,2011-10-09 12:49:00,2011-11-03 14:52:00,25
15615.0,10,23,10399.74,452.16,187,2010-12-15 16:21:00,2011-11-29 14:42:00,348
15618.0,33,4,776.85,194.21,39,2011-07-26 10:13:00,2011-11-07 08:34:00,103
15619.0,11,1,336.4,336.4,3,2011-11-29 08:14:00,2011-11-29 08:14:00,1
15620.0,57,3,1553.18,517.73,92,2010-12-16 14:34:00,2011-10-14 12:41:00,301
15621.0,4,4,1293.03,323.26,12,2011-11-18 11:49:00,2011-12-05 14:01:00,17
15622.0,43,9,3709.56,412.17,169,2011-03-02 13:42:00,2011-10-27 16:44:00,239
15623.0,141,1,301.03,301.03,19,2011-07-21 17:26:00,2011-07-21 17:26:00,1
15624.0,117,4,588.13,147.03,26,2011-03-28 13:32:00,2011-08-15 11:38:00,139
15625.0,104,4,1534.26,383.56,44,2011-04-18 14:01:00,2011-08-28 10:21:00,131
15626.0,75,2,675.8,337.9,49,2011-01-14 10:10:00,2011-09-26 10:03:00,254
15628.0,5,9,2870.24,318.92,85,2010-12-08 09:51:00,2011-12-05 10:24:00,362
15630.0,45,2,1186.35,593.17,57,2011-05-19 10:16:00,2011-10-25 15:36:00,159
15632.0,16,8,3285.31,410.66,107,2011-03-10 08:29:00,2011-11-24 09:51:00,259
15634.0,17,1,243.55,243.55,15,2011-11-22 16:28:00,2011-11-22 16:28:00,1
15636.0,90,2,724.76,362.38,21,2011-03-02 14:50:00,2011-09-11 11:17:00,192
15637.0,53,1,223.36,223.36,15,2011-10-18 08:28:00,2011-10-18 08:28:00,1
15639.0,134,1,425.32,425.32,25,2011-07-28 14:30:00,2011-07-28 14:30:00,1
15640.0,4,15,12515.66,834.38,242,2010-12-02 15:40:00,2011-12-05 14:35:00,367
15641.0,105,4,1887.2,471.8,101,2010-12-15 14:45:00,2011-08-26 14:04:00,253
15643.0,192,3,664.0,221.33,31,2011-03-02 14:34:00,2011-06-01 07:38:00,90
15644.0,166,4,813.0,203.25,166,2011-03-23 15:37:00,2011-06-26 14:54:00,94
15645.0,19,1,612.01,612.01,50,2011-11-21 11:55:00,2011-11-21 11:55:00,1
15646.0,158,3,447.64,149.21,35,2010-12-02 16:59:00,2011-07-05 09:53:00,214
15648.0,204,2,657.35,328.68,23,2011-03-17 18:59:00,2011-05-19 15:53:00,62
15649.0,336,2,816.0,408.0,1,2010-12-07 10:06:00,2011-01-07 13:34:00,31
15651.0,37,3,646.3,215.43,27,2011-03-24 08:56:00,2011-11-03 08:41:00,223
15652.0,91,1,337.74,337.74,21,2011-09-09 14:22:00,2011-09-09 14:22:00,1
15653.0,93,2,877.44,438.72,4,2011-08-16 09:50:00,2011-09-08 10:49:00,23
15654.0,9,2,922.53,461.27,15,2011-11-13 15:15:00,2011-11-30 13:08:00,16
15655.0,243,1,560.67,560.67,34,2011-04-10 15:25:00,2011-04-10 15:25:00,1
15656.0,45,4,748.5,187.12,46,2011-02-28 15:32:00,2011-10-25 14:56:00,238
15657.0,23,1,30.0,30.0,1,2011-11-17 12:19:00,2011-11-17 12:19:00,1
15658.0,190,5,1024.1,204.82,40,2010-12-02 10:53:00,2011-06-02 15:22:00,182
15659.0,44,1,306.45,306.45,11,2011-10-27 09:23:00,2011-10-27 09:23:00,1
15660.0,25,9,1600.86,177.87,58,2010-12-09 09:49:00,2011-11-14 16:58:00,340
15661.0,317,2,309.8,154.9,4,2011-01-05 12:32:00,2011-01-26 13:56:00,21
15663.0,106,1,138.14,138.14,9,2011-08-25 15:50:00,2011-08-25 15:50:00,1
15664.0,51,1,386.43,386.43,17,2011-10-20 10:57:00,2011-10-20 10:57:00,1
15665.0,168,2,2242.01,1121.01,92,2011-04-10 15:09:00,2011-06-24 14:57:00,74
15667.0,40,1,301.32,301.32,13,2011-10-31 10:56:00,2011-10-31 10:56:00,1
15668.0,218,1,76.32,76.32,1,2011-05-06 10:39:00,2011-05-06 10:39:00,1
15669.0,40,4,684.34,171.08,31,2011-03-21 09:13:00,2011-10-30 16:03:00,223
15670.0,297,1,173.05,173.05,12,2011-02-16 10:50:00,2011-02-16 10:50:00,1
15671.0,19,7,2657.13,379.59,52,2011-03-14 09:37:00,2011-11-21 12:43:00,252
15673.0,88,4,2881.02,720.26,108,2011-01-16 16:25:00,2011-09-12 16:12:00,238
15674.0,73,5,2446.6,489.32,88,2011-03-30 09:19:00,2011-09-27 15:17:00,181
15675.0,81,3,323.69,107.9,20,2011-03-04 14:21:00,2011-09-19 13:48:00,198
15676.0,19,3,3435.76,1145.25,189,2011-03-01 10:19:00,2011-11-21 12:40:00,265
15677.0,49,1,657.23,657.23,33,2011-10-21 15:36:00,2011-10-21 15:36:00,1
15678.0,53,1,352.7,352.7,12,2011-10-18 09:25:00,2011-10-18 09:25:00,1
15679.0,24,4,781.28,195.32,98,2011-06-10 08:24:00,2011-11-15 16:19:00,158
15680.0,9,3,1333.68,444.56,62,2010-12-08 14:43:00,2011-11-30 13:46:00,356
15681.0,25,5,1426.16,285.23,32,2011-03-04 13:46:00,2011-11-14 16:30:00,255
15683.0,117,1,193.75,193.75,10,2011-08-14 12:56:00,2011-08-14 12:56:00,1
15687.0,9,9,2993.1,332.57,120,2011-01-13 15:13:00,2011-12-01 08:33:00,321
15689.0,120,2,254.1,127.05,8,2010-12-13 09:57:00,2011-08-12 09:37:00,241
15690.0,4,2,239.76,119.88,19,2011-08-31 11:40:00,2011-12-05 15:59:00,96
15691.0,252,1,136.8,136.8,2,2011-04-01 15:13:00,2011-04-01 15:13:00,1
15692.0,28,1,191.04,191.04,12,2011-11-11 14:12:00,2011-11-11 14:12:00,1
15694.0,1,14,6479.4,462.81,42,2010-12-02 07:49:00,2011-12-09 09:44:00,372
15695.0,267,2,409.98,204.99,22,2011-03-18 08:31:00,2011-03-18 08:32:00,1
15696.0,33,8,2736.46,342.06,141,2011-01-17 11:24:00,2011-11-06 14:02:00,293
15699.0,18,1,309.65,309.65,18,2011-11-22 08:26:00,2011-11-22 08:26:00,1
15700.0,172,2,696.68,348.34,85,2011-06-19 15:36:00,2011-06-20 16:53:00,1
15701.0,2,4,1542.14,385.54,193,2011-08-21 12:36:00,2011-12-07 14:39:00,108
15703.0,265,1,211.5,211.5,5,2011-03-20 10:51:00,2011-03-20 10:51:00,1
15704.0,140,4,2293.62,573.4,79,2011-05-08 12:42:00,2011-07-22 13:35:00,75
15705.0,201,1,143.1,143.1,6,2011-05-22 15:37:00,2011-05-22 15:37:00,1
15706.0,64,4,1060.56,265.14,50,2011-08-15 14:32:00,2011-10-07 10:09:00,52
15707.0,35,4,945.58,236.39,127,2011-09-14 14:19:00,2011-11-04 14:35:00,51
15708.0,41,7,3364.24,480.61,125,2010-12-05 11:12:00,2011-10-30 10:54:00,328
15709.0,284,1,133.25,133.25,6,2011-03-01 10:38:00,2011-03-01 10:38:00,1
15712.0,9,5,1072.36,214.47,41,2011-02-25 11:32:00,2011-11-30 14:09:00,278
15713.0,143,2,356.7,178.35,18,2010-12-08 15:16:00,2011-07-19 13:34:00,222
15714.0,12,2,330.88,165.44,34,2011-09-23 11:25:00,2011-11-28 11:26:00,66
15716.0,146,4,1118.81,279.7,101,2010-12-05 12:26:00,2011-07-17 11:59:00,223
15717.0,234,1,150.3,150.3,7,2011-04-19 13:21:00,2011-04-19 13:21:00,1
15719.0,33,13,5045.61,388.12,307,2011-01-06 12:31:00,2011-11-07 12:29:00,304
15720.0,24,1,598.73,598.73,128,2011-11-15 14:48:00,2011-11-15 14:48:00,1
15721.0,12,1,507.08,507.08,80,2011-11-28 12:14:00,2011-11-28 12:14:00,1
15722.0,36,5,2222.56,444.51,45,2011-02-22 12:24:00,2011-11-04 11:43:00,254
15723.0,365,1,203.1,203.1,37,2010-12-10 11:12:00,2010-12-10 11:12:00,1
15724.0,201,2,218.25,109.12,11,2011-02-28 10:40:00,2011-05-22 14:40:00,83
15725.0,15,1,415.25,415.25,32,2011-11-24 14:51:00,2011-11-24 14:51:00,1
15727.0,17,7,5178.96,739.85,216,2010-12-15 15:47:00,2011-11-23 12:36:00,342
15729.0,213,1,85.0,85.0,5,2011-05-11 12:36:00,2011-05-11 12:36:00,1
15730.0,66,3,1120.88,373.63,68,2011-05-17 12:43:00,2011-10-05 12:31:00,140
15732.0,212,2,294.12,147.06,13,2010-12-02 15:00:00,2011-05-11 14:24:00,159
15733.0,283,1,162.3,162.3,10,2011-03-02 09:05:00,2011-03-02 09:05:00,1
15734.0,115,2,1339.45,669.72,25,2011-05-23 14:59:00,2011-08-17 10:50:00,85
15737.0,15,8,1205.12,150.64,60,2011-04-11 10:01:00,2011-11-25 11:21:00,228
15738.0,19,16,4812.42,300.78,48,2010-12-02 12:50:00,2011-11-21 08:26:00,353
15739.0,66,1,449.12,449.12,8,2011-10-04 13:42:00,2011-10-04 13:42:00,1
15740.0,49,1,154.88,154.88,9,2011-10-21 14:29:00,2011-10-21 14:29:00,1
15743.0,16,4,784.46,196.12,59,2011-06-08 10:14:00,2011-11-23 17:19:00,168
15744.0,78,1,34.8,34.8,3,2011-09-23 09:52:00,2011-09-23 09:52:00,1
15745.0,19,4,1094.59,273.65,57,2011-04-17 13:04:00,2011-11-20 13:45:00,217
15746.0,134,1,196.88,196.88,28,2011-07-28 15:21:00,2011-07-28 15:21:00,1
15747.0,13,3,974.04,324.68,53,2011-06-20 11:30:00,2011-11-27 12:26:00,160
15748.0,40,1,149.31,149.31,19,2011-10-30 12:51:00,2011-10-30 12:51:00,1
15749.0,235,3,44534.3,14844.77,5,2011-01-11 12:55:00,2011-04-18 13:20:00,97
15750.0,3,8,2465.48,308.18,215,2010-12-08 10:36:00,2011-12-07 12:34:00,364
15752.0,40,7,2637.38,376.77,236,2010-12-02 09:43:00,2011-10-31 11:37:00,333
15753.0,305,1,79.2,79.2,1,2011-02-08 12:41:00,2011-02-08 12:41:00,1
15754.0,51,3,458.57,152.86,24,2011-04-07 12:24:00,2011-10-19 14:40:00,195
15755.0,10,6,2364.25,394.04,127,2011-02-18 11:53:00,2011-11-29 14:57:00,284
15756.0,61,4,532.96,133.24,160,2011-04-04 14:00:00,2011-10-09 13:30:00,187
15757.0,66,2,714.42,357.21,43,2011-05-06 11:40:00,2011-10-05 12:14:00,152
15758.0,25,1,205.25,205.25,9,2011-11-15 10:48:00,2011-11-15 10:48:00,1
15759.0,218,3,253.04,84.35,5,2010-12-16 15:29:00,2011-05-05 15:13:00,139
15762.0,65,2,583.75,291.88,37,2011-09-23 15:17:00,2011-10-05 16:15:00,12
15763.0,32,2,1086.92,543.46,58,2011-09-23 12:10:00,2011-11-08 09:44:00,45
15764.0,88,6,3279.97,546.66,150,2011-03-08 09:23:00,2011-09-12 17:58:00,188
15766.0,64,1,315.06,315.06,11,2011-10-06 17:03:00,2011-10-06 17:03:00,1
15768.0,116,3,621.83,207.28,23,2011-04-28 09:20:00,2011-08-16 10:48:00,110
15769.0,7,26,56252.72,2163.57,29,2010-12-03 15:16:00,2011-12-02 13:52:00,363
15773.0,6,1,635.68,635.68,10,2011-12-04 12:48:00,2011-12-04 12:48:00,1
15774.0,69,1,270.8,270.8,25,2011-10-02 12:04:00,2011-10-02 12:04:00,1
15775.0,245,1,104.9,104.9,7,2011-04-08 12:56:00,2011-04-08 12:56:00,1
15776.0,133,1,241.62,241.62,18,2011-07-29 13:46:00,2011-07-29 13:46:00,1
15777.0,241,4,1047.11,261.78,18,2010-12-13 16:38:00,2011-04-12 16:43:00,120
15780.0,184,3,475.28,158.43,26,2010-12-17 11:43:00,2011-06-09 12:01:00,174
15781.0,25,3,345.46,115.15,20,2011-02-07 09:15:00,2011-11-14 14:57:00,280
15782.0,10,3,2614.74,871.58,34,2011-09-11 14:29:00,2011-11-30 10:49:00,79
15783.0,11,1,246.3,246.3,14,2011-11-29 09:50:00,2011-11-29 09:50:00,1
15785.0,33,5,2328.97,465.79,60,2011-02-17 14:17:00,2011-11-07 11:33:00,262
15786.0,46,3,4932.2,1644.07,257,2011-08-17 13:33:00,2011-10-24 14:13:00,68
15787.0,26,3,948.05,316.02,157,2011-10-09 13:11:00,2011-11-13 14:55:00,35
15789.0,358,1,351.3,351.3,25,2010-12-16 14:35:00,2010-12-16 14:35:00,1
15790.0,10,1,220.85,220.85,34,2011-11-29 14:53:00,2011-11-29 14:53:00,1
15791.0,44,2,1612.69,806.34,67,2011-05-19 15:15:00,2011-10-27 10:14:00,160
15793.0,15,3,965.61,321.87,7,2011-03-16 10:45:00,2011-11-25 09:31:00,253
15795.0,150,1,610.01,610.01,42,2011-07-13 10:43:00,2011-07-13 10:43:00,1
15796.0,1,8,2711.56,338.94,70,2011-02-10 15:40:00,2011-12-08 19:55:00,301
15797.0,113,4,2207.4,551.85,8,2011-01-24 15:47:00,2011-08-18 17:04:00,206
15799.0,76,3,884.14,294.71,94,2011-01-09 15:13:00,2011-09-25 12:46:00,258
15800.0,107,2,699.08,349.54,116,2011-04-07 12:39:00,2011-08-24 14:23:00,139
15801.0,46,3,1063.95,354.65,61,2011-08-22 09:53:00,2011-10-24 13:52:00,63
15802.0,143,1,451.42,451.42,1,2011-07-20 11:38:00,2011-07-20 11:38:00,1
15803.0,51,1,415.82,415.82,8,2011-10-19 14:56:00,2011-10-19 14:56:00,1
15804.0,1,13,4206.39,323.57,170,2011-05-25 10:12:00,2011-12-09 12:31:00,198
15805.0,23,17,5528.48,325.2,221,2010-12-10 09:33:00,2011-11-16 16:32:00,341
15806.0,46,3,784.58,261.53,24,2011-03-08 09:24:00,2011-10-24 14:35:00,230
15807.0,50,3,903.9,301.3,48,2011-09-23 14:43:00,2011-10-20 14:10:00,26
15808.0,306,4,3734.97,933.74,142,2010-12-05 13:05:00,2011-02-06 14:33:00,63
15809.0,36,5,515.77,103.15,31,2011-02-10 11:16:00,2011-11-03 16:40:00,266
15810.0,79,4,1391.98,348.0,69,2011-02-16 09:11:00,2011-09-22 09:38:00,218
15811.0,22,6,2218.62,369.77,117,2010-12-09 15:29:00,2011-11-17 15:31:00,343
15812.0,107,5,1801.14,360.23,37,2011-01-26 12:12:00,2011-08-24 14:19:00,210
15813.0,208,2,1303.91,651.95,40,2011-04-14 09:09:00,2011-05-16 08:13:00,31
15814.0,17,4,1945.33,486.33,63,2011-10-20 09:04:00,2011-11-23 08:17:00,33
15815.0,64,5,2100.6,420.12,33,2011-03-25 08:43:00,2011-10-07 12:42:00,196
15819.0,49,4,1905.45,476.36,96,2011-03-08 09:45:00,2011-10-21 14:50:00,227
15820.0,320,1,206.98,206.98,17,2011-01-24 12:00:00,2011-01-24 12:00:00,1
15821.0,44,2,570.96,285.48,57,2011-10-09 13:28:00,2011-10-26 15:48:00,17
15822.0,3,2,885.47,442.73,28,2010-12-15 13:38:00,2011-12-06 14:50:00,356
15823.0,372,1,15.0,15.0,1,2010-12-02 15:08:00,2010-12-02 15:08:00,1
15825.0,172,1,532.94,532.94,20,2011-06-20 13:27:00,2011-06-20 13:27:00,1
15826.0,56,3,1654.31,551.44,64,2011-05-13 10:44:00,2011-10-14 16:05:00,154
15827.0,73,14,1836.09,131.15,73,2010-12-02 13:06:00,2011-09-27 15:35:00,299
15829.0,99,2,636.14,318.07,44,2011-07-22 10:23:00,2011-09-01 16:45:00,41
15830.0,38,1,576.0,576.0,39,2011-11-02 10:40:00,2011-11-02 10:40:00,1
15831.0,58,3,801.76,267.25,63,2011-01-19 14:52:00,2011-10-12 13:14:00,265
15832.0,254,1,836.79,836.79,54,2011-03-30 15:29:00,2011-03-30 15:29:00,1
15834.0,70,4,2233.75,558.44,242,2011-03-07 17:52:00,2011-09-30 14:41:00,206
15835.0,44,4,954.09,238.52,47,2011-01-13 10:35:00,2011-10-26 15:47:00,286
15836.0,50,1,137.37,137.37,10,2011-10-20 17:13:00,2011-10-20 17:13:00,1
15837.0,65,1,391.98,391.98,24,2011-10-06 09:01:00,2011-10-06 09:01:00,1
15838.0,11,19,33643.08,1770.69,54,2010-12-07 11:26:00,2011-11-28 14:00:00,356
15839.0,33,3,1048.49,349.5,56,2011-07-14 16:35:00,2011-11-06 13:54:00,114
15840.0,59,2,355.56,177.78,26,2011-06-20 11:42:00,2011-10-12 09:08:00,113
15841.0,73,4,1224.06,306.02,36,2011-01-05 11:25:00,2011-09-28 12:15:00,266
15843.0,304,1,118.95,118.95,8,2011-02-09 10:19:00,2011-02-09 10:19:00,1
15844.0,46,1,130.74,130.74,11,2011-10-24 15:19:00,2011-10-24 15:19:00,1
15845.0,18,8,3711.77,463.97,98,2011-01-06 17:19:00,2011-11-22 09:42:00,319
15847.0,38,2,389.27,194.63,22,2011-02-24 16:46:00,2011-11-01 14:41:00,249
15850.0,19,2,238.85,119.42,87,2011-06-24 14:16:00,2011-11-20 14:14:00,148
15852.0,187,2,160.71,80.35,22,2011-05-26 13:26:00,2011-06-06 11:22:00,10
15853.0,52,1,110.8,110.8,29,2011-10-19 10:38:00,2011-10-19 10:38:00,1
15854.0,4,12,2974.65,247.89,105,2010-12-13 11:47:00,2011-12-05 13:39:00,357
15855.0,137,5,712.24,142.45,59,2011-03-21 12:32:00,2011-07-26 10:20:00,126
15856.0,4,27,16387.57,606.95,300,2010-12-09 13:34:00,2011-12-05 17:09:00,361
15857.0,19,1,297.0,297.0,14,2011-11-21 12:18:00,2011-11-21 12:18:00,1
15858.0,16,5,1438.85,287.77,145,2010-12-07 14:31:00,2011-11-24 12:48:00,351
15860.0,41,8,977.21,122.15,106,2010-12-06 11:38:00,2011-10-30 11:25:00,327
15861.0,12,8,3165.36,395.67,343,2011-03-17 20:12:00,2011-11-27 15:59:00,254
15862.0,8,4,832.88,208.22,142,2010-12-01 11:21:00,2011-12-01 13:28:00,365
15863.0,26,2,68.84,34.42,18,2011-05-31 11:36:00,2011-11-14 12:49:00,167
15864.0,22,6,1936.32,322.72,16,2011-01-27 16:43:00,2011-11-17 13:32:00,293
15865.0,41,3,895.13,298.38,37,2011-05-10 11:44:00,2011-10-30 12:43:00,173
15866.0,101,1,230.53,230.53,43,2011-08-30 14:09:00,2011-08-30 14:09:00,1
15867.0,5,15,3812.64,254.18,303,2010-12-05 14:17:00,2011-12-04 13:32:00,363
15869.0,277,2,149.64,74.82,13,2011-03-07 17:19:00,2011-03-07 17:23:00,1
15870.0,33,1,354.09,354.09,68,2011-11-07 10:58:00,2011-11-07 10:58:00,1
15872.0,15,2,360.93,180.46,101,2011-11-25 11:54:00,2011-11-25 11:55:00,1
15874.0,64,7,4405.88,629.41,110,2011-02-28 13:28:00,2011-10-07 12:31:00,220
15877.0,2,2,493.28,246.64,122,2011-11-22 11:18:00,2011-12-08 11:53:00,16
15880.0,369,1,343.28,343.28,95,2010-12-05 13:00:00,2010-12-05 13:00:00,1
15881.0,312,5,501.39,100.28,26,2010-12-10 13:32:00,2011-01-31 16:59:00,52
15882.0,199,4,516.36,129.09,23,2010-12-06 13:01:00,2011-05-25 11:35:00,169
15883.0,2,2,396.48,198.24,42,2011-11-06 14:50:00,2011-12-07 17:05:00,31
15885.0,93,3,379.35,126.45,18,2011-02-03 15:28:00,2011-09-08 10:43:00,216
15886.0,60,1,181.09,181.09,12,2011-10-10 14:25:00,2011-10-10 14:25:00,1
15888.0,81,1,168.31,168.31,11,2011-09-20 12:30:00,2011-09-20 12:30:00,1
15889.0,157,2,446.87,223.44,79,2010-12-05 15:12:00,2011-07-06 11:10:00,212
15891.0,227,1,524.52,524.52,60,2011-04-27 12:35:00,2011-04-27 12:35:00,1
15894.0,253,2,263.55,131.78,35,2010-12-05 14:06:00,2011-03-31 13:50:00,115
15895.0,150,1,179.17,179.17,11,2011-07-13 10:27:00,2011-07-13 10:27:00,1
15897.0,194,2,222.05,111.02,17,2011-05-29 13:32:00,2011-05-29 13:50:00,1
15898.0,1,5,1388.88,277.78,70,2010-12-06 11:01:00,2011-12-08 15:23:00,367
15899.0,369,1,56.25,56.25,4,2010-12-06 10:36:00,2010-12-06 10:36:00,1
15900.0,24,1,351.11,351.11,44,2011-11-16 12:19:00,2011-11-16 12:19:00,1
15901.0,17,3,363.88,121.29,102,2011-07-08 12:18:00,2011-11-23 12:43:00,138
15903.0,10,7,5126.76,732.39,46,2011-02-17 14:04:00,2011-11-30 08:08:00,285
15904.0,8,1,164.68,164.68,30,2011-12-01 14:50:00,2011-12-01 14:50:00,1
15906.0,20,7,1567.69,223.96,113,2011-03-29 13:28:00,2011-11-20 12:24:00,235
15907.0,4,3,967.45,322.48,176,2011-05-13 13:01:00,2011-12-06 12:21:00,206
15909.0,174,1,191.94,191.94,7,2011-06-19 10:38:00,2011-06-19 10:38:00,1
15910.0,1,8,1232.18,154.02,216,2011-01-27 11:55:00,2011-12-09 10:51:00,315
15912.0,178,2,264.62,132.31,19,2011-04-20 17:10:00,2011-06-14 14:29:00,54
15916.0,16,8,1528.09,191.01,124,2010-12-08 13:07:00,2011-11-23 13:46:00,350
15917.0,248,1,123.1,123.1,12,2011-04-06 10:40:00,2011-04-06 10:40:00,1
15918.0,191,2,334.23,167.12,33,2011-03-13 15:55:00,2011-06-02 11:42:00,80
15919.0,20,2,639.89,319.95,104,2010-12-06 11:26:00,2011-11-20 11:28:00,349
15920.0,154,4,167.5,41.88,53,2011-07-08 15:16:00,2011-07-08 15:31:00,1
15921.0,173,1,336.03,336.03,24,2011-06-20 11:03:00,2011-06-20 11:03:00,1
15922.0,373,1,369.5,369.5,11,2010-12-01 13:51:00,2010-12-01 13:51:00,1
15923.0,373,1,127.08,127.08,21,2010-12-02 12:16:00,2010-12-02 12:16:00,1
15925.0,194,1,207.15,207.15,12,2011-05-29 15:35:00,2011-05-29 15:35:00,1
15930.0,67,1,426.63,426.63,21,2011-10-03 14:52:00,2011-10-03 14:52:00,1
15932.0,4,8,2495.87,311.98,91,2011-02-23 14:50:00,2011-12-05 17:13:00,285
15933.0,21,3,1107.46,369.15,63,2011-09-14 12:05:00,2011-11-18 13:14:00,65
15935.0,239,2,416.86,208.43,12,2011-04-12 09:35:00,2011-04-14 13:27:00,2
15937.0,64,1,145.35,145.35,7,2011-10-06 15:48:00,2011-10-06 15:48:00,1
15938.0,112,5,404.58,80.92,13,2011-01-20 10:11:00,2011-08-19 12:56:00,211
15939.0,90,15,6115.01,407.67,29,2011-01-12 12:43:00,2011-09-11 11:30:00,241
15940.0,311,1,35.8,35.8,1,2011-02-01 16:18:00,2011-02-01 16:18:00,1
15942.0,134,1,337.44,337.44,14,2011-07-29 09:01:00,2011-07-29 09:01:00,1
15944.0,277,1,325.1,325.1,6,2011-03-08 10:33:00,2011-03-08 10:33:00,1
15945.0,365,1,181.0,181.0,2,2010-12-09 13:14:00,2010-12-09 13:14:00,1
15947.0,83,1,1708.24,1708.24,29,2011-09-18 10:46:00,2011-09-18 10:46:00,1
15948.0,8,2,955.24,477.62,51,2011-10-27 08:35:00,2011-12-01 15:32:00,35
15949.0,17,2,364.72,182.36,12,2011-09-29 17:34:00,2011-11-23 09:09:00,54
15950.0,32,4,1765.51,441.38,87,2010-12-15 11:56:00,2011-11-08 11:09:00,327
15951.0,9,2,708.22,354.11,36,2011-02-27 11:57:00,2011-12-01 08:34:00,276
15952.0,34,4,806.57,201.64,66,2011-04-28 12:55:00,2011-11-06 11:18:00,191
15953.0,15,8,1659.38,207.42,63,2010-12-05 15:15:00,2011-11-24 15:32:00,354
15955.0,24,14,4416.26,315.45,137,2010-12-02 11:22:00,2011-11-15 14:15:00,348
15957.0,32,1,428.89,428.89,40,2011-11-08 12:14:00,2011-11-08 12:14:00,1
15958.0,74,1,104.35,104.35,7,2011-09-26 13:41:00,2011-09-26 13:41:00,1
15963.0,20,2,470.76,235.38,26,2011-10-25 13:05:00,2011-11-20 11:33:00,25
15965.0,17,4,845.64,211.41,88,2010-12-07 13:18:00,2011-11-22 16:44:00,350
15967.0,23,2,418.83,209.42,73,2011-01-25 11:57:00,2011-11-16 15:41:00,295
15969.0,3,3,666.1,222.03,20,2011-06-07 12:19:00,2011-12-07 11:06:00,182
15970.0,304,1,314.1,314.1,11,2011-02-09 12:08:00,2011-02-09 12:08:00,1
15971.0,17,12,4199.85,349.99,10,2011-02-01 16:47:00,2011-11-22 12:50:00,293
15973.0,367,1,307.82,307.82,4,2010-12-08 11:42:00,2010-12-08 11:42:00,1
15974.0,39,7,3442.15,491.74,141,2011-02-24 10:10:00,2011-10-31 13:13:00,249
15975.0,84,1,371.01,371.01,24,2011-09-16 13:33:00,2011-09-16 13:33:00,1
15976.0,165,2,430.94,215.47,83,2011-05-03 17:12:00,2011-06-27 13:00:00,54
15977.0,17,2,1054.73,527.36,48,2011-10-31 16:24:00,2011-11-22 13:29:00,21
15978.0,77,1,1098.78,1098.78,49,2011-09-23 15:21:00,2011-09-23 15:21:00,1
15980.0,89,3,2398.86,799.62,40,2011-03-30 15:05:00,2011-09-12 09:41:00,165
15981.0,25,8,3408.48,426.06,56,2011-02-01 13:50:00,2011-11-15 08:00:00,286
15983.0,22,4,1475.02,368.76,82,2010-12-01 12:15:00,2011-11-17 17:34:00,351
15984.0,3,10,2837.67,283.77,218,2010-12-06 13:21:00,2011-12-07 12:16:00,365
15985.0,123,2,1142.42,571.21,29,2011-04-17 11:04:00,2011-08-08 16:31:00,113
15986.0,30,1,168.12,168.12,14,2011-11-09 15:17:00,2011-11-09 15:17:00,1
15987.0,12,7,1451.28,207.33,110,2010-12-06 08:34:00,2011-11-27 15:38:00,356
15988.0,19,1,158.03,158.03,26,2011-11-20 13:23:00,2011-11-20 13:23:00,1
15990.0,44,2,792.11,396.06,52,2011-02-25 15:35:00,2011-10-26 15:58:00,243
15992.0,4,1,41.99,41.99,3,2011-12-06 11:00:00,2011-12-06 11:00:00,1
15993.0,9,7,2797.57,399.65,335,2011-10-26 16:21:00,2011-12-01 10:45:00,35
15994.0,55,1,427.07,427.07,31,2011-10-16 12:28:00,2011-10-16 12:28:00,1
15996.0,88,6,1060.68,176.78,103,2010-12-08 15:59:00,2011-09-12 15:14:00,277
15998.0,37,5,3089.97,617.99,373,2010-12-12 13:32:00,2011-11-03 12:45:00,325
16000.0,3,3,12393.7,4131.23,9,2011-12-07 12:14:00,2011-12-07 12:17:00,1
16003.0,30,5,2735.37,547.07,82,2010-12-15 12:09:00,2011-11-10 09:57:00,329
16005.0,12,4,615.39,153.85,173,2011-03-14 11:46:00,2011-11-27 13:47:00,258
16006.0,211,1,101.4,101.4,8,2011-05-12 13:12:00,2011-05-12 13:12:00,1
16007.0,48,4,1701.94,425.48,224,2011-05-08 13:32:00,2011-10-23 11:05:00,167
16008.0,24,3,478.78,159.59,29,2011-05-19 10:54:00,2011-11-16 10:32:00,180
16009.0,22,4,992.71,248.18,68,2011-07-03 11:26:00,2011-11-17 16:51:00,137
16010.0,246,3,407.5,135.83,60,2010-12-12 12:18:00,2011-04-08 10:14:00,116
16011.0,8,16,3362.71,210.17,100,2010-12-08 16:34:00,2011-12-01 16:31:00,357
16012.0,35,3,1415.29,471.76,87,2011-07-07 18:02:00,2011-11-04 13:25:00,119
16013.0,4,47,37130.6,790.01,31,2010-12-03 13:09:00,2011-12-06 10:36:00,367
16014.0,38,3,662.38,220.79,123,2011-02-21 17:42:00,2011-11-02 12:04:00,253
16015.0,4,3,705.39,235.13,146,2011-10-21 12:56:00,2011-12-06 10:58:00,45
16016.0,3,8,1508.76,188.6,157,2010-12-08 12:36:00,2011-12-06 14:35:00,363
16017.0,47,1,211.88,211.88,26,2011-10-23 12:56:00,2011-10-23 12:56:00,1
16018.0,39,2,408.9,204.45,26,2011-06-12 13:52:00,2011-10-31 14:13:00,141
16019.0,47,9,3786.24,420.69,134,2010-12-10 12:29:00,2011-10-24 11:51:00,317
16020.0,17,3,851.01,283.67,42,2011-10-05 13:54:00,2011-11-23 11:18:00,48
16022.0,260,1,628.28,628.28,68,2011-03-24 13:16:00,2011-03-24 13:16:00,1
16023.0,46,3,719.81,239.94,90,2011-03-18 13:32:00,2011-10-24 16:34:00,220
16024.0,12,1,251.24,251.24,61,2011-11-27 13:26:00,2011-11-27 13:26:00,1
16025.0,30,1,439.66,439.66,28,2011-11-10 11:45:00,2011-11-10 11:45:00,1
16026.0,43,1,236.09,236.09,30,2011-10-27 13:53:00,2011-10-27 13:53:00,1
16027.0,92,6,934.62,155.77,11,2011-02-10 12:19:00,2011-09-09 10:47:00,210
16029.0,39,63,81024.84,1286.11,45,2010-12-01 09:57:00,2011-11-01 10:27:00,335
16030.0,310,1,331.24,331.24,28,2011-02-03 11:28:00,2011-02-03 11:28:00,1
16031.0,92,2,548.94,274.47,91,2011-04-06 14:23:00,2011-09-08 13:07:00,154
16033.0,6,20,8816.4,440.82,540,2010-12-05 10:36:00,2011-12-04 12:44:00,364
16034.0,196,3,437.7,145.9,18,2011-01-11 11:54:00,2011-05-27 16:17:00,136
16036.0,87,2,758.92,379.46,55,2011-03-21 13:01:00,2011-09-13 14:53:00,176
16037.0,270,3,855.02,285.01,37,2010-12-16 10:18:00,2011-03-15 09:13:00,88
16038.0,8,3,471.78,157.26,24,2011-05-22 11:29:00,2011-12-02 12:40:00,194
16040.0,65,3,1313.55,437.85,57,2011-03-16 09:58:00,2011-10-05 13:47:00,203
16041.0,31,3,3166.4,1055.47,6,2011-07-21 16:27:00,2011-11-09 12:25:00,110
16042.0,22,5,1197.27,239.45,68,2011-01-11 13:25:00,2011-11-17 17:50:00,310
16043.0,37,4,773.99,193.5,30,2011-01-26 11:14:00,2011-11-02 12:50:00,280
16045.0,120,4,1340.7,335.18,71,2011-02-22 14:55:00,2011-08-12 12:41:00,170
16048.0,373,2,256.44,128.22,8,2010-12-01 15:27:00,2010-12-01 15:28:00,1
16049.0,40,3,1111.79,370.6,248,2011-09-25 14:33:00,2011-10-30 13:19:00,34
16050.0,174,1,137.9,137.9,10,2011-06-19 11:44:00,2011-06-19 11:44:00,1
16052.0,54,1,362.06,362.06,34,2011-10-16 15:13:00,2011-10-16 15:13:00,1
16053.0,33,2,1511.95,755.98,81,2011-08-09 14:57:00,2011-11-07 11:21:00,89
16054.0,145,1,783.9,783.9,70,2011-07-17 13:08:00,2011-07-17 13:08:00,1
16055.0,221,1,134.8,134.8,8,2011-05-03 09:26:00,2011-05-03 09:26:00,1
16056.0,45,1,664.85,664.85,66,2011-10-25 15:19:00,2011-10-25 15:19:00,1
16057.0,16,7,2263.12,323.3,109,2011-02-28 10:35:00,2011-11-23 15:23:00,268
16059.0,66,6,1459.86,243.31,126,2010-12-07 10:36:00,2011-10-05 09:56:00,301
16062.0,10,4,1153.62,288.4,51,2010-12-10 12:00:00,2011-11-30 12:15:00,355
16063.0,260,1,335.32,335.32,23,2011-03-24 14:55:00,2011-03-24 14:56:00,1
16065.0,365,1,372.09,372.09,71,2010-12-09 13:03:00,2010-12-09 13:03:00,1
16066.0,17,5,1521.87,304.37,77,2011-08-07 14:33:00,2011-11-23 11:54:00,107
16070.0,22,2,852.15,426.08,32,2011-11-07 16:36:00,2011-11-17 15:50:00,9
16071.0,45,1,326.24,326.24,21,2011-10-26 11:14:00,2011-10-26 11:14:00,1
16072.0,288,1,584.32,584.32,23,2011-02-24 14:32:00,2011-02-24 14:32:00,1
16073.0,297,1,122.4,122.4,1,2011-02-15 15:41:00,2011-02-15 15:41:00,1
16076.0,3,10,2234.73,223.47,71,2011-05-15 12:31:00,2011-12-06 14:59:00,205
16078.0,284,1,79.2,79.2,1,2011-03-01 09:47:00,2011-03-01 09:47:00,1
16079.0,17,3,1352.0,450.67,18,2011-10-30 13:06:00,2011-11-23 12:48:00,23
16080.0,82,2,217.16,108.58,10,2011-03-10 14:44:00,2011-09-19 10:42:00,192
16081.0,56,5,2806.9,561.38,176,2010-12-08 11:16:00,2011-10-14 13:06:00,310
16083.0,101,2,1317.62,658.81,31,2010-12-14 11:51:00,2011-08-31 10:47:00,259
16084.0,299,1,436.18,436.18,38,2011-02-13 16:05:00,2011-02-13 16:05:00,1
16085.0,23,5,981.51,196.3,123,2011-01-23 12:07:00,2011-11-16 13:24:00,297
16086.0,59,5,1121.39,224.28,24,2010-12-07 13:45:00,2011-10-11 13:09:00,307
16091.0,155,2,315.06,157.53,16,2011-05-25 09:18:00,2011-07-08 08:45:00,43
16092.0,115,3,817.86,272.62,37,2011-03-30 15:38:00,2011-08-17 10:46:00,139
16093.0,107,1,17.0,17.0,1,2011-08-25 11:09:00,2011-08-25 11:09:00,1
16094.0,12,4,1078.23,269.56,48,2011-05-04 13:57:00,2011-11-28 12:45:00,207
16096.0,264,1,320.62,320.62,12,2011-03-20 13:38:00,2011-03-20 13:38:00,1
16097.0,240,1,185.05,185.05,10,2011-04-13 13:47:00,2011-04-13 13:47:00,1
16098.0,88,7,2005.63,286.52,34,2010-12-01 09:45:00,2011-09-13 09:59:00,286
16099.0,50,3,731.9,243.97,29,2011-04-28 08:34:00,2011-10-20 13:13:00,175
16101.0,71,1,1290.7,1290.7,76,2011-09-30 10:18:00,2011-09-30 10:18:00,1
16102.0,42,3,1842.14,614.05,41,2011-08-03 12:50:00,2011-10-28 13:19:00,86
16103.0,7,6,1429.64,238.27,30,2011-04-20 12:28:00,2011-12-02 14:16:00,226
16104.0,62,1,302.36,302.36,28,2011-10-09 10:23:00,2011-10-09 10:23:00,1
16105.0,249,1,336.96,336.96,13,2011-04-05 10:13:00,2011-04-05 10:13:00,1
16106.0,66,1,108.38,108.38,6,2011-10-05 10:37:00,2011-10-05 10:37:00,1
16107.0,18,7,3204.16,457.74,16,2011-06-09 18:42:00,2011-11-22 09:40:00,165
16108.0,85,1,842.5,842.5,48,2011-09-16 11:48:00,2011-09-16 11:48:00,1
16109.0,219,2,611.88,305.94,18,2011-02-04 12:37:00,2011-05-05 09:17:00,89
16110.0,45,3,1337.48,445.83,282,2011-02-01 14:01:00,2011-10-25 14:35:00,266
16112.0,143,4,195.74,48.94,15,2011-01-05 11:47:00,2011-07-19 14:28:00,195
16113.0,183,1,161.38,161.38,30,2011-06-09 16:16:00,2011-06-09 16:16:00,1
16114.0,171,1,135.75,135.75,8,2011-06-22 10:13:00,2011-06-22 10:13:00,1
16115.0,10,8,1667.97,208.5,171,2011-02-20 12:14:00,2011-11-30 11:32:00,282
16116.0,212,1,612.78,612.78,34,2011-05-12 12:01:00,2011-05-12 12:01:00,1
16117.0,190,1,232.21,232.21,30,2011-06-03 11:42:00,2011-06-03 11:42:00,1
16119.0,8,2,423.36,211.68,14,2011-09-28 10:15:00,2011-12-01 15:11:00,64
16120.0,59,4,1309.14,327.29,26,2011-10-11 14:10:00,2011-10-11 14:22:00,1
16121.0,57,2,867.11,433.55,171,2011-05-08 11:52:00,2011-10-13 12:59:00,158
16122.0,73,4,684.42,171.1,25,2010-12-08 11:41:00,2011-09-27 15:34:00,293
16123.0,52,1,307.78,307.78,16,2011-10-19 09:18:00,2011-10-19 09:18:00,1
16124.0,317,1,249.0,249.0,11,2011-01-26 14:45:00,2011-01-26 14:45:00,1
16125.0,367,1,289.35,289.35,13,2010-12-07 15:48:00,2010-12-07 15:48:00,1
16126.0,29,4,6287.77,1571.94,58,2011-02-16 11:18:00,2011-11-10 16:03:00,267
16127.0,39,1,656.25,656.25,40,2011-10-31 13:58:00,2011-10-31 13:58:00,1
16128.0,18,5,1880.22,376.04,76,2011-03-02 12:21:00,2011-11-22 11:14:00,264
16131.0,52,6,3506.54,584.42,55,2011-04-14 08:32:00,2011-10-19 11:53:00,188
16133.0,4,33,14589.04,442.09,218,2011-01-25 15:55:00,2011-12-06 11:24:00,314
16134.0,22,2,618.09,309.04,34,2010-12-15 14:00:00,2011-11-18 10:05:00,337
16135.0,263,1,517.55,517.55,21,2011-03-22 12:30:00,2011-03-22 12:30:00,1
16136.0,60,3,709.38,236.46,35,2011-03-07 09:52:00,2011-10-11 09:10:00,217
16139.0,19,3,635.41,211.8,25,2011-05-17 10:23:00,2011-11-21 08:37:00,187
16140.0,66,2,725.18,362.59,32,2010-12-03 14:40:00,2011-10-05 12:15:00,305
16141.0,88,1,620.4,620.4,30,2011-09-12 13:11:00,2011-09-12 13:11:00,1
16142.0,250,1,535.34,535.34,37,2011-04-04 10:16:00,2011-04-04 10:16:00,1
16143.0,3,6,2424.94,404.16,77,2010-12-05 15:18:00,2011-12-06 14:13:00,365
16144.0,247,1,175.2,175.2,1,2011-04-07 10:09:00,2011-04-07 10:09:00,1
16145.0,9,11,3799.49,345.41,135,2010-12-15 09:09:00,2011-12-01 10:33:00,351
16146.0,157,3,734.13,244.71,26,2011-04-21 15:25:00,2011-07-05 14:20:00,74
16147.0,134,1,375.0,375.0,22,2011-07-29 09:57:00,2011-07-29 09:57:00,1
16148.0,296,1,76.32,76.32,1,2011-02-16 14:01:00,2011-02-16 14:01:00,1
16149.0,5,2,280.52,140.26,18,2011-07-20 14:54:00,2011-12-05 11:29:00,137
16150.0,43,5,2053.02,410.6,91,2010-12-02 18:27:00,2011-10-28 12:39:00,329
16152.0,269,1,1829.04,1829.04,29,2011-03-16 09:47:00,2011-03-16 09:47:00,1
16153.0,50,5,1824.23,364.85,78,2010-12-20 09:22:00,2011-10-21 10:50:00,305
16156.0,9,9,3122.04,346.89,108,2011-02-02 12:02:00,2011-12-01 12:42:00,302
16157.0,16,3,656.69,218.9,12,2011-09-28 11:48:00,2011-11-24 11:41:00,56
16159.0,282,1,348.2,348.2,14,2011-03-03 12:27:00,2011-03-03 12:27:00,1
16160.0,65,2,1025.44,512.72,20,2011-09-15 10:53:00,2011-10-05 14:19:00,20
16161.0,2,19,5575.56,293.45,290,2010-12-06 10:03:00,2011-12-08 12:10:00,367
16162.0,252,1,37.4,37.4,2,2011-04-01 15:03:00,2011-04-01 15:03:00,1
16163.0,232,2,856.6,428.3,5,2010-12-09 16:28:00,2011-04-21 15:15:00,132
16164.0,17,3,822.48,274.16,27,2011-10-28 09:12:00,2011-11-22 15:04:00,25
16168.0,11,27,3787.6,140.28,57,2010-12-05 11:38:00,2011-11-29 12:45:00,359
16169.0,8,4,1822.97,455.74,71,2011-09-25 11:33:00,2011-12-01 15:28:00,67
16170.0,51,6,1885.05,314.18,106,2011-04-05 13:42:00,2011-10-20 08:21:00,197
16171.0,59,1,73.2,73.2,3,2011-10-11 14:51:00,2011-10-11 14:51:00,1
16172.0,95,5,1140.21,228.04,52,2011-04-12 12:02:00,2011-09-05 13:22:00,146
16173.0,16,6,1418.32,236.39,70,2011-09-02 15:23:00,2011-11-24 10:53:00,82
16174.0,126,3,1009.55,336.52,19,2011-07-11 09:23:00,2011-08-05 13:26:00,25
16175.0,94,4,1037.59,259.4,45,2011-04-13 14:38:00,2011-09-06 14:32:00,145
16177.0,50,1,331.95,331.95,15,2011-10-20 12:57:00,2011-10-20 12:57:00,1
16178.0,138,1,197.9,197.9,8,2011-07-24 16:05:00,2011-07-24 16:05:00,1
16179.0,61,1,215.83,215.83,11,2011-10-10 09:41:00,2011-10-10 09:41:00,1
16180.0,100,8,10254.18,1281.77,92,2011-04-01 10:23:00,2011-08-31 16:28:00,152
16181.0,73,1,305.54,305.54,11,2011-09-27 13:38:00,2011-09-27 13:38:00,1
16182.0,72,4,6617.65,1654.41,18,2011-02-18 10:11:00,2011-09-28 13:23:00,222
16183.0,67,1,338.71,338.71,15,2011-10-03 14:59:00,2011-10-03 14:59:00,1
16184.0,64,6,1158.79,193.13,26,2011-05-12 13:33:00,2011-10-06 17:43:00,147
16185.0,17,2,529.41,264.71,31,2011-04-21 11:59:00,2011-11-23 09:41:00,215
16186.0,23,12,4006.94,333.91,92,2010-12-02 14:40:00,2011-11-17 12:43:00,349
16187.0,32,15,6911.44,460.76,160,2011-02-28 13:34:00,2011-11-08 09:50:00,252
16188.0,45,4,981.86,245.46,65,2011-04-11 09:44:00,2011-10-26 12:19:00,198
16189.0,16,2,215.48,107.74,9,2011-09-15 15:21:00,2011-11-24 11:47:00,69
16190.0,40,1,215.08,215.08,6,2011-10-30 15:59:00,2011-10-30 15:59:00,1
16191.0,3,13,5180.52,398.5,66,2010-12-14 12:38:00,2011-12-07 11:26:00,357
16193.0,237,1,314.45,314.45,19,2011-04-17 11:45:00,2011-04-17 11:45:00,1
16198.0,75,1,400.68,400.68,15,2011-09-25 14:58:00,2011-09-25 14:58:00,1
16200.0,4,2,1080.62,540.31,149,2011-06-28 15:47:00,2011-12-05 14:40:00,159
16201.0,3,4,1863.47,465.87,74,2011-08-22 10:47:00,2011-12-06 16:02:00,106
16202.0,361,1,365.27,365.27,18,2010-12-14 10:43:00,2010-12-14 10:43:00,1
16203.0,59,4,592.9,148.22,27,2010-12-02 15:39:00,2011-10-12 12:31:00,313
16204.0,23,1,405.71,405.71,45,2011-11-16 13:40:00,2011-11-16 13:40:00,1
16205.0,31,4,761.38,190.34,75,2011-06-13 11:33:00,2011-11-09 09:32:00,148
16206.0,55,4,537.06,134.27,52,2011-01-16 11:07:00,2011-10-16 10:41:00,272
16207.0,25,1,394.38,394.38,19,2011-11-14 13:51:00,2011-11-14 13:51:00,1
16208.0,45,2,664.26,332.13,62,2011-02-23 13:37:00,2011-10-26 11:36:00,244
16209.0,89,5,2262.62,452.52,38,2011-04-07 12:23:00,2011-09-12 11:58:00,157
16210.0,2,18,21086.3,1171.46,75,2010-12-01 12:27:00,2011-12-08 12:36:00,372
16211.0,89,1,547.02,547.02,23,2011-09-12 12:11:00,2011-09-12 12:11:00,1
16212.0,19,2,690.34,345.17,40,2011-03-01 12:51:00,2011-11-20 13:00:00,264
16213.0,79,1,159.0,159.0,6,2011-09-22 10:03:00,2011-09-22 10:03:00,1
16214.0,171,3,1062.75,354.25,36,2011-03-15 13:23:00,2011-06-22 11:30:00,98
16215.0,81,1,242.35,242.35,14,2011-09-20 10:18:00,2011-09-20 10:18:00,1
16216.0,267,1,914.93,914.93,37,2011-03-17 15:34:00,2011-03-17 15:34:00,1
16217.0,235,2,304.25,152.13,13,2011-03-02 15:28:00,2011-04-18 13:31:00,46
16218.0,30,7,3084.68,440.67,59,2010-12-01 11:29:00,2011-11-10 09:59:00,343
16221.0,37,3,864.86,288.29,90,2010-12-07 13:13:00,2011-11-03 11:43:00,330
16222.0,318,1,846.72,846.72,120,2011-01-25 13:38:00,2011-01-25 13:38:00,1
16224.0,57,4,1295.3,323.82,90,2011-04-04 12:00:00,2011-10-13 17:51:00,192
16225.0,45,5,1096.32,219.26,109,2011-03-07 12:17:00,2011-10-26 08:30:00,232
16226.0,203,3,255.12,85.04,6,2011-04-18 12:58:00,2011-05-20 14:41:00,32
16227.0,225,1,314.22,314.22,6,2011-04-28 13:33:00,2011-04-28 13:33:00,1
16229.0,87,2,1010.6,505.3,46,2011-05-11 10:18:00,2011-09-13 17:16:00,125
16230.0,190,2,542.03,271.02,32,2011-05-03 15:12:00,2011-06-03 10:06:00,30
16232.0,44,4,990.88,247.72,24,2011-05-08 14:05:00,2011-10-27 12:16:00,171
16233.0,71,3,536.68,178.89,22,2010-12-08 12:51:00,2011-09-29 17:27:00,295
16235.0,41,5,867.31,173.46,42,2011-01-11 15:42:00,2011-10-30 10:56:00,291
16236.0,78,1,432.2,432.2,20,2011-09-22 14:10:00,2011-09-22 14:10:00,1
16239.0,57,2,414.2,207.1,18,2011-06-03 09:30:00,2011-10-14 08:29:00,132
16240.0,24,2,3718.8,1859.4,126,2011-09-23 13:44:00,2011-11-15 14:30:00,53
16241.0,10,13,2607.87,200.61,351,2010-12-05 11:04:00,2011-11-30 11:08:00,360
16242.0,8,7,3603.21,514.74,187,2011-03-07 17:04:00,2011-12-01 15:12:00,268
16243.0,34,2,409.1,204.55,49,2011-10-16 12:09:00,2011-11-06 12:32:00,21
16244.0,212,2,1522.75,761.38,88,2010-12-02 11:41:00,2011-05-12 10:18:00,160
16245.0,24,3,1413.66,471.22,80,2011-03-28 09:30:00,2011-11-16 10:14:00,233
16247.0,170,1,114.56,114.56,16,2011-06-22 14:23:00,2011-06-22 14:23:00,1
16248.0,62,1,152.94,152.94,7,2011-10-09 11:32:00,2011-10-09 11:32:00,1
16249.0,53,5,1800.07,360.01,67,2011-04-14 13:50:00,2011-10-18 10:07:00,186
16250.0,261,2,389.44,194.72,22,2010-12-01 09:59:00,2011-03-23 15:07:00,112
16253.0,67,2,3683.86,1841.93,114,2011-03-29 13:33:00,2011-10-04 09:09:00,188
16255.0,17,8,2619.91,327.49,148,2010-12-09 14:25:00,2011-11-23 12:40:00,348
16256.0,267,1,752.43,752.43,13,2011-03-18 12:18:00,2011-03-18 12:18:00,1
16257.0,177,1,46.95,46.95,2,2011-06-16 10:11:00,2011-06-16 10:11:00,1
16258.0,45,5,5203.51,1040.7,111,2011-05-04 14:33:00,2011-10-25 13:30:00,173
16260.0,51,1,1035.45,1035.45,18,2011-10-20 09:40:00,2011-10-20 09:40:00,1
16261.0,17,4,746.83,186.71,96,2011-04-07 19:05:00,2011-11-22 17:23:00,228
16265.0,9,9,5447.0,605.22,167,2010-12-10 10:21:00,2011-11-30 16:41:00,355
16266.0,74,7,861.89,123.13,44,2011-05-17 14:50:00,2011-09-27 12:08:00,132
16268.0,71,2,667.65,333.83,45,2011-09-29 18:30:00,2011-09-29 18:30:00,1
16270.0,353,1,1141.24,1141.24,54,2010-12-21 14:26:00,2010-12-21 14:26:00,1
16271.0,3,5,1429.24,285.85,90,2010-12-16 16:36:00,2011-12-07 12:45:00,355
16272.0,117,1,411.7,411.7,25,2011-08-15 10:53:00,2011-08-15 10:54:00,1
16274.0,373,1,357.95,357.95,64,2010-12-01 15:35:00,2010-12-01 15:35:00,1
16275.0,197,1,559.87,559.87,33,2011-05-27 12:41:00,2011-05-27 12:41:00,1
16276.0,177,1,810.6,810.6,6,2011-06-16 09:34:00,2011-06-16 09:34:00,1
16278.0,100,1,566.38,566.38,23,2011-08-31 17:12:00,2011-08-31 17:12:00,1
16279.0,21,3,1509.58,503.19,102,2011-06-16 11:50:00,2011-11-18 15:00:00,155
16281.0,72,1,2062.06,2062.06,17,2011-09-28 14:57:00,2011-09-28 14:57:00,1
16282.0,340,1,168.3,168.3,11,2011-01-04 11:42:00,2011-01-04 11:42:00,1
16283.0,6,5,1570.81,314.16,119,2011-05-15 13:37:00,2011-12-04 12:08:00,202
16284.0,31,2,823.97,411.98,87,2011-10-20 13:54:00,2011-11-08 16:12:00,19
16287.0,170,1,142.5,142.5,8,2011-06-23 09:08:00,2011-06-23 09:08:00,1
16292.0,122,1,302.25,302.25,17,2011-08-10 12:24:00,2011-08-10 12:24:00,1
16293.0,22,10,2248.99,224.9,103,2010-12-07 15:02:00,2011-11-18 09:58:00,345
16295.0,10,4,1328.55,332.14,70,2011-10-06 10:45:00,2011-11-30 08:17:00,54
16297.0,269,1,301.9,301.9,20,2011-03-16 08:29:00,2011-03-16 08:29:00,1
16298.0,23,3,598.2,199.4,22,2011-06-06 10:06:00,2011-11-17 11:59:00,164
16302.0,127,1,233.22,233.22,11,2011-08-05 09:44:00,2011-08-05 09:44:00,1
16303.0,26,3,5360.63,1786.88,119,2011-01-10 14:16:00,2011-11-14 10:49:00,307
16305.0,139,1,361.22,361.22,22,2011-07-24 12:18:00,2011-07-24 12:18:00,1
16306.0,214,6,632.27,105.38,36,2010-12-07 15:18:00,2011-05-10 12:12:00,153
16308.0,38,4,2560.0,640.0,1,2011-03-23 14:46:00,2011-11-02 11:24:00,223
16309.0,106,2,706.57,353.28,39,2011-04-13 11:46:00,2011-08-25 15:35:00,134
16311.0,18,2,616.26,308.13,35,2011-10-21 13:13:00,2011-11-22 08:54:00,31
16313.0,3,2,274.15,137.08,16,2011-10-21 09:04:00,2011-12-06 13:02:00,46
16315.0,331,1,226.37,226.37,14,2011-01-13 11:57:00,2011-01-13 11:57:00,1
16316.0,64,8,2938.91,367.36,122,2010-12-16 14:26:00,2011-10-06 13:48:00,293
16317.0,120,3,1341.65,447.22,64,2011-02-15 14:30:00,2011-08-12 12:46:00,177
16318.0,35,1,328.15,328.15,19,2011-11-04 13:05:00,2011-11-04 13:05:00,1
16319.0,218,1,404.4,404.4,3,2011-05-06 11:27:00,2011-05-06 11:27:00,1
16322.0,1,2,326.75,163.37,28,2011-11-03 14:33:00,2011-12-08 15:41:00,35
16323.0,196,1,207.5,207.5,1,2011-05-27 14:48:00,2011-05-27 14:48:00,1
16324.0,128,3,428.68,142.89,100,2011-06-15 14:26:00,2011-08-03 12:58:00,48
16325.0,47,3,594.24,198.08,14,2011-04-08 09:20:00,2011-10-24 08:48:00,198
16326.0,6,14,3110.96,222.21,159,2011-01-09 12:01:00,2011-12-04 10:11:00,328
16327.0,14,6,3844.22,640.7,143,2010-12-05 12:43:00,2011-11-25 13:23:00,355
16330.0,18,3,251.91,83.97,39,2011-08-19 17:08:00,2011-11-22 12:24:00,94
16332.0,28,7,1593.2,227.6,126,2011-02-07 14:16:00,2011-11-11 14:22:00,277
16333.0,8,22,26626.8,1210.31,9,2011-02-03 10:50:00,2011-12-02 12:19:00,302
16337.0,37,1,151.05,151.05,10,2011-11-03 10:03:00,2011-11-03 10:03:00,1
16338.0,157,1,214.8,214.8,11,2011-07-05 13:56:00,2011-07-05 13:56:00,1
16339.0,284,1,109.95,109.95,17,2011-02-28 13:41:00,2011-02-28 13:41:00,1
16340.0,107,1,549.07,549.07,124,2011-08-24 14:53:00,2011-08-24 14:53:00,1
16341.0,25,4,1971.87,492.97,60,2011-05-22 13:20:00,2011-11-15 09:12:00,176
16342.0,75,4,322.41,80.6,10,2011-06-13 10:10:00,2011-09-25 14:36:00,104
16343.0,16,2,370.48,185.24,29,2011-11-23 17:43:00,2011-11-23 17:45:00,1
16344.0,158,1,101.1,101.1,1,2011-07-04 15:50:00,2011-07-04 15:50:00,1
16345.0,44,1,575.41,575.41,35,2011-10-26 16:03:00,2011-10-26 16:03:00,1
16347.0,11,2,887.65,443.83,61,2011-11-03 13:01:00,2011-11-28 13:14:00,25
16348.0,32,7,1469.45,209.92,158,2011-04-13 15:49:00,2011-11-07 15:44:00,207
16349.0,291,1,53.5,53.5,9,2011-02-22 12:40:00,2011-02-22 12:40:00,1
16350.0,21,4,1116.47,279.12,41,2011-01-10 09:44:00,2011-11-18 15:53:00,312
16351.0,333,1,153.9,153.9,8,2011-01-11 10:26:00,2011-01-11 10:26:00,1
16352.0,18,2,494.44,247.22,28,2011-11-02 08:44:00,2011-11-22 10:32:00,20
16353.0,4,23,6675.71,290.25,51,2010-12-05 12:09:00,2011-12-06 12:23:00,366
16354.0,63,2,395.8,197.9,38,2011-09-27 16:28:00,2011-10-07 14:28:00,9
16356.0,198,3,211.77,70.59,20,2011-03-07 12:31:00,2011-05-26 11:51:00,79
16357.0,33,3,658.88,219.63,31,2011-05-10 10:35:00,2011-11-06 16:04:00,180
16358.0,1,4,2027.5,506.88,83,2011-06-08 15:05:00,2011-12-08 15:09:00,183
16359.0,7,9,1750.92,194.55,39,2011-01-12 10:49:00,2011-12-02 17:04:00,324
16360.0,5,6,3512.53,585.42,365,2011-09-12 13:50:00,2011-12-05 12:16:00,83
16361.0,10,4,896.66,224.17,87,2011-09-29 13:13:00,2011-11-30 12:32:00,61
16362.0,32,5,734.77,146.95,58,2011-09-09 14:47:00,2011-11-07 13:01:00,58
16363.0,53,1,109.36,109.36,5,2011-10-17 14:14:00,2011-10-17 14:14:00,1
16364.0,12,2,707.04,353.52,48,2011-07-25 14:35:00,2011-11-28 11:27:00,125
16365.0,18,9,1540.42,171.16,46,2010-12-07 17:19:00,2011-11-22 11:24:00,349
16366.0,19,1,327.3,327.3,18,2011-11-21 08:19:00,2011-11-21 08:19:00,1
16367.0,37,2,804.49,402.24,123,2010-12-12 12:01:00,2011-11-02 13:13:00,325
16368.0,2,2,497.43,248.71,58,2011-11-11 15:08:00,2011-12-07 13:12:00,25
16369.0,18,3,1553.66,517.89,91,2011-05-27 09:39:00,2011-11-21 16:25:00,178
16370.0,82,4,1320.56,330.14,143,2011-04-28 16:40:00,2011-09-18 15:55:00,142
16372.0,33,2,367.93,183.96,86,2011-11-06 12:50:00,2011-11-06 13:08:00,1
16374.0,66,2,473.03,236.52,101,2011-03-22 13:46:00,2011-10-04 15:21:00,196
16376.0,9,2,987.01,493.5,104,2011-11-22 16:47:00,2011-12-01 11:38:00,8
16377.0,267,1,676.2,676.2,5,2011-03-17 15:41:00,2011-03-17 15:41:00,1
16378.0,247,3,362.95,120.98,22,2011-02-02 12:42:00,2011-04-06 15:07:00,63
16379.0,4,4,2157.4,539.35,87,2011-09-22 09:33:00,2011-12-05 15:38:00,74
16380.0,61,1,1780.59,1780.59,28,2011-10-09 15:40:00,2011-10-09 15:40:00,1
16383.0,75,2,668.36,334.18,80,2011-03-16 13:00:00,2011-09-26 12:45:00,193
16384.0,90,2,584.5,292.25,33,2011-03-21 10:13:00,2011-09-11 11:19:00,174
16385.0,60,3,555.89,185.3,52,2010-12-08 12:56:00,2011-10-10 13:12:00,306
16386.0,29,2,317.2,158.6,76,2011-03-31 12:19:00,2011-11-11 12:28:00,225
16387.0,323,1,94.36,94.36,4,2011-01-21 11:34:00,2011-01-21 11:34:00,1
16389.0,53,4,1382.07,345.52,33,2011-03-01 15:47:00,2011-10-17 14:41:00,229
16392.0,270,1,221.19,221.19,41,2011-03-15 12:11:00,2011-03-15 12:11:00,1
16393.0,2,13,3046.21,234.32,124,2010-12-05 13:10:00,2011-12-07 12:51:00,366
16394.0,57,5,1555.34,311.07,62,2011-02-23 10:58:00,2011-10-14 09:48:00,232
16395.0,60,5,1486.9,297.38,152,2011-01-13 12:10:00,2011-10-10 12:50:00,270
16398.0,154,2,1705.8,852.9,76,2011-03-31 09:38:00,2011-07-08 15:16:00,99
16399.0,19,2,408.57,204.28,68,2011-04-18 13:46:00,2011-11-20 16:12:00,216
16400.0,95,1,303.93,303.93,28,2011-09-06 12:27:00,2011-09-06 12:27:00,1
16401.0,1,12,4098.32,341.53,69,2011-01-16 10:56:00,2011-12-08 18:15:00,326
16402.0,265,2,299.6,149.8,55,2010-12-05 13:42:00,2011-03-20 12:25:00,104
16403.0,312,1,177.5,177.5,10,2011-01-31 13:39:00,2011-01-31 13:39:00,1
16404.0,70,1,443.05,443.05,23,2011-09-30 14:55:00,2011-09-30 14:55:00,1
16405.0,302,2,167.25,83.62,3,2011-02-02 17:08:00,2011-02-10 15:24:00,7
16406.0,19,1,163.07,163.07,54,2011-11-21 11:57:00,2011-11-21 11:57:00,1
16407.0,13,10,2126.93,212.69,100,2011-01-31 14:02:00,2011-11-27 11:05:00,299
16409.0,36,5,2028.88,405.78,147,2011-01-26 14:51:00,2011-11-03 16:45:00,281
16411.0,19,2,214.65,107.32,41,2010-12-05 13:26:00,2011-11-20 13:23:00,349
16412.0,54,1,151.83,151.83,25,2011-10-17 12:35:00,2011-10-17 12:35:00,1
16413.0,57,1,262.2,262.2,30,2011-10-14 12:08:00,2011-10-14 12:08:00,1
16414.0,22,2,126.25,63.12,5,2011-03-04 13:27:00,2011-11-18 09:42:00,258
16415.0,44,1,210.35,210.35,45,2011-10-26 13:35:00,2011-10-26 13:35:00,1
16416.0,26,3,1051.4,350.47,59,2011-10-14 13:35:00,2011-11-13 12:50:00,29
16418.0,45,3,675.27,225.09,76,2011-04-27 16:54:00,2011-10-26 12:39:00,181
16419.0,113,6,972.23,162.04,36,2011-02-01 12:25:00,2011-08-19 12:33:00,199
16422.0,17,51,34684.4,680.09,69,2010-12-05 15:35:00,2011-11-22 14:00:00,351
16423.0,25,1,346.12,346.12,18,2011-11-15 09:21:00,2011-11-15 09:21:00,1
16424.0,191,1,133.56,133.56,5,2011-06-01 13:40:00,2011-06-01 13:40:00,1
16425.0,302,1,302.7,302.7,21,2011-02-10 14:30:00,2011-02-10 14:30:00,1
16426.0,2,10,1908.25,190.82,211,2011-03-08 15:45:00,2011-12-07 14:01:00,273
16427.0,263,2,241.06,120.53,8,2011-02-28 15:18:00,2011-03-21 17:10:00,21
16429.0,106,1,284.55,284.55,2,2011-08-25 13:54:00,2011-08-25 13:54:00,1
16430.0,57,1,300.85,300.85,6,2011-10-13 14:47:00,2011-10-13 14:47:00,1
16431.0,213,3,642.81,214.27,51,2011-02-15 14:02:00,2011-05-10 14:09:00,84
16432.0,64,1,287.4,287.4,8,2011-10-06 13:59:00,2011-10-06 13:59:00,1
16433.0,28,1,184.26,184.26,17,2011-11-11 14:09:00,2011-11-11 14:09:00,1
16434.0,29,7,1522.25,217.46,88,2011-02-13 12:17:00,2011-11-10 14:28:00,270
16438.0,6,5,798.35,159.67,73,2011-09-18 13:31:00,2011-12-04 10:51:00,76
16440.0,8,5,3640.67,728.13,187,2011-05-09 12:25:00,2011-12-02 12:02:00,206
16441.0,67,2,381.2,190.6,22,2011-02-21 17:35:00,2011-10-03 17:48:00,224
16442.0,2,3,616.79,205.6,161,2010-12-14 10:46:00,2011-12-08 11:43:00,359
16444.0,46,4,654.67,163.67,69,2011-03-20 12:14:00,2011-10-24 13:50:00,218
16445.0,34,1,230.51,230.51,62,2011-11-06 12:32:00,2011-11-06 12:32:00,1
16446.0,1,2,168472.5,84236.25,3,2011-05-18 09:52:00,2011-12-09 09:15:00,204
16447.0,136,1,259.01,259.01,34,2011-07-27 12:45:00,2011-07-27 12:45:00,1
16448.0,198,1,188.89,188.89,19,2011-05-25 16:28:00,2011-05-25 16:28:00,1
16449.0,198,2,707.69,353.84,40,2011-03-04 12:15:00,2011-05-26 10:25:00,82
16450.0,150,1,311.92,311.92,11,2011-07-13 11:47:00,2011-07-13 11:47:00,1
16451.0,88,1,266.97,266.97,14,2011-09-13 09:17:00,2011-09-13 09:17:00,1
16454.0,45,2,6.9,3.45,2,2011-10-06 16:57:00,2011-10-26 11:40:00,19
16455.0,64,7,1841.18,263.03,69,2010-12-03 16:44:00,2011-10-07 12:17:00,307
16456.0,99,5,2158.37,431.67,82,2010-12-01 14:11:00,2011-09-01 13:50:00,273
16457.0,218,1,208.36,208.36,9,2011-05-05 13:19:00,2011-05-05 13:19:00,1
16458.0,3,18,3482.74,193.49,53,2010-12-14 11:51:00,2011-12-07 09:34:00,357
16460.0,28,3,814.72,271.57,128,2011-09-19 10:15:00,2011-11-11 13:46:00,53
16461.0,178,1,151.42,151.42,31,2011-06-15 12:07:00,2011-06-15 12:07:00,1
16462.0,74,3,136.0,45.33,1,2011-03-01 08:58:00,2011-09-27 10:24:00,210
16463.0,21,4,1422.4,355.6,74,2011-05-19 14:45:00,2011-11-18 14:01:00,182
16464.0,20,3,1314.68,438.23,152,2011-07-20 13:53:00,2011-11-20 12:11:00,122
16466.0,34,7,1603.46,229.07,103,2011-02-20 11:39:00,2011-11-06 11:35:00,258
16468.0,74,1,74.9,74.9,2,2011-09-26 14:13:00,2011-09-26 14:13:00,1
16469.0,24,4,650.43,162.61,148,2011-04-07 13:11:00,2011-11-16 12:25:00,222
16470.0,52,4,762.39,190.6,120,2010-12-16 11:53:00,2011-10-19 12:11:00,307
16471.0,275,1,223.95,223.95,13,2011-03-10 09:41:00,2011-03-10 09:41:00,1
16473.0,165,3,316.11,105.37,18,2011-01-07 10:55:00,2011-06-28 09:10:00,171
16474.0,7,7,1871.5,267.36,237,2011-07-17 14:51:00,2011-12-02 13:02:00,137
16475.0,88,4,544.3,136.07,23,2011-03-11 09:39:00,2011-09-12 14:37:00,185
16477.0,64,7,2494.46,356.35,111,2010-12-03 12:48:00,2011-10-07 09:44:00,307
16478.0,25,3,331.0,110.33,15,2011-10-05 12:02:00,2011-11-14 15:51:00,40
16479.0,10,2,300.83,150.42,34,2011-11-29 13:04:00,2011-11-29 13:40:00,1
16480.0,76,1,769.29,769.29,51,2011-09-25 11:40:00,2011-09-25 11:40:00,1
16482.0,16,1,220.62,220.62,18,2011-11-24 12:33:00,2011-11-24 12:33:00,1
16483.0,192,1,139.35,139.35,19,2011-05-31 13:08:00,2011-05-31 13:08:00,1
16484.0,174,2,404.3,202.15,25,2011-06-02 10:39:00,2011-06-19 12:06:00,17
16485.0,77,1,363.65,363.65,41,2011-09-23 15:50:00,2011-09-23 15:50:00,1
16488.0,33,3,498.8,166.27,28,2011-07-14 11:46:00,2011-11-06 13:42:00,115
16491.0,47,1,731.5,731.5,39,2011-10-24 10:18:00,2011-10-24 10:18:00,1
16493.0,80,4,1351.63,337.91,40,2011-01-14 08:16:00,2011-09-21 11:10:00,250
16494.0,297,1,826.53,826.53,47,2011-02-16 12:49:00,2011-02-16 12:49:00,1
16495.0,3,3,684.41,228.14,78,2011-03-08 16:38:00,2011-12-06 13:20:00,272
16496.0,9,3,1599.52,533.17,92,2011-01-27 09:42:00,2011-12-01 10:31:00,308
16497.0,50,6,2965.69,494.28,128,2011-01-10 13:20:00,2011-10-21 10:55:00,283
16498.0,161,2,100.97,50.49,15,2011-06-30 19:52:00,2011-07-01 15:07:00,1
16499.0,360,2,365.45,182.73,18,2010-12-10 10:27:00,2010-12-14 13:31:00,4
16500.0,5,6,400.86,66.81,8,2011-01-13 10:28:00,2011-12-05 12:04:00,326
16503.0,107,4,1431.93,357.98,72,2010-12-14 13:50:00,2011-08-25 11:46:00,253
16504.0,25,1,484.38,484.38,76,2011-11-14 15:18:00,2011-11-14 15:18:00,1
16505.0,32,1,777.6,777.6,4,2011-11-08 12:14:00,2011-11-08 12:14:00,1
16506.0,20,2,90.3,45.15,3,2011-10-30 15:50:00,2011-11-20 12:17:00,20
16509.0,297,1,363.7,363.7,13,2011-02-16 09:25:00,2011-02-16 09:25:00,1
16510.0,372,1,248.1,248.1,13,2010-12-02 13:39:00,2010-12-02 13:39:00,1
16511.0,22,3,950.26,316.75,135,2011-03-18 11:24:00,2011-11-18 10:41:00,244
16513.0,5,4,874.59,218.65,33,2011-10-27 14:56:00,2011-12-05 10:18:00,38
16515.0,52,5,1627.13,325.43,89,2011-02-01 13:09:00,2011-10-18 13:10:00,259
16516.0,30,1,101.7,101.7,6,2011-11-09 14:59:00,2011-11-09 14:59:00,1
16517.0,277,1,162.7,162.7,17,2011-03-07 13:50:00,2011-03-07 13:50:00,1
16518.0,61,2,484.32,242.16,36,2011-02-28 16:36:00,2011-10-09 15:04:00,222
16519.0,25,2,215.08,107.54,13,2010-12-09 14:08:00,2011-11-14 15:41:00,340
16520.0,186,3,1046.57,348.86,129,2010-12-09 13:08:00,2011-06-06 13:24:00,179
16523.0,2,21,9418.47,448.5,154,2011-01-28 12:06:00,2011-12-08 09:06:00,313
16525.0,2,26,13027.45,501.06,75,2010-12-08 11:31:00,2011-12-07 15:07:00,364
16526.0,172,1,290.36,290.36,15,2011-06-21 12:02:00,2011-06-21 12:02:00,1
16527.0,81,1,228.06,228.06,14,2011-09-19 16:21:00,2011-09-19 16:21:00,1
16528.0,4,1,244.41,244.41,17,2011-12-06 12:45:00,2011-12-06 12:45:00,1
16529.0,190,1,455.25,455.25,30,2011-06-02 17:23:00,2011-06-02 17:23:00,1
16531.0,22,7,1244.59,177.8,68,2010-12-14 13:19:00,2011-11-17 16:29:00,338
16532.0,18,3,6748.8,2249.6,2,2011-01-05 12:37:00,2011-11-22 11:08:00,320
16533.0,19,3,1095.56,365.19,112,2011-10-02 15:07:00,2011-11-20 13:08:00,48
16535.0,5,1,593.75,593.75,31,2011-12-04 15:18:00,2011-12-04 15:18:00,1
16536.0,110,1,548.97,548.97,48,2011-08-21 15:54:00,2011-08-21 15:54:00,1
16539.0,3,4,1388.81,347.2,36,2010-12-01 15:40:00,2011-12-07 08:41:00,370
16542.0,54,1,119.62,119.62,5,2011-10-17 10:47:00,2011-10-17 10:47:00,1
16545.0,165,1,339.3,339.3,3,2011-06-28 10:37:00,2011-06-28 10:37:00,1
16546.0,291,2,787.15,393.58,25,2010-12-02 12:07:00,2011-02-22 11:20:00,81
16549.0,10,10,4154.64,415.46,449,2011-01-09 14:03:00,2011-11-29 15:06:00,324
16550.0,109,5,2298.97,459.79,163,2010-12-06 13:53:00,2011-08-23 11:12:00,259
16551.0,96,3,922.12,307.37,26,2011-01-07 10:24:00,2011-09-05 09:38:00,240
16552.0,243,2,379.73,189.86,17,2010-12-01 12:36:00,2011-04-11 10:04:00,130
16553.0,163,12,5719.82,476.65,62,2010-12-14 13:58:00,2011-06-29 15:42:00,197
16554.0,42,3,837.1,279.03,51,2011-01-12 12:41:00,2011-10-28 14:51:00,289
16555.0,35,2,285.89,142.94,15,2011-08-22 12:32:00,2011-11-04 14:31:00,74
16556.0,67,7,3313.79,473.4,145,2010-12-14 13:32:00,2011-10-04 11:36:00,293
16557.0,24,2,281.85,140.92,11,2011-07-25 13:28:00,2011-11-15 14:04:00,113
16558.0,1,20,8338.49,416.92,265,2010-12-08 12:01:00,2011-12-09 10:20:00,365
16560.0,27,2,841.41,420.71,52,2010-12-16 14:36:00,2011-11-13 10:35:00,331
16561.0,6,2,511.12,255.56,29,2011-10-11 09:53:00,2011-12-04 11:50:00,54
16563.0,54,1,1077.74,1077.74,19,2011-10-17 11:51:00,2011-10-17 11:51:00,1
16565.0,364,1,173.7,173.7,3,2010-12-10 15:21:00,2010-12-10 15:21:00,1
16566.0,15,5,614.66,122.93,14,2011-02-20 10:29:00,2011-11-24 16:34:00,277
16567.0,194,2,865.6,432.8,34,2011-01-07 09:31:00,2011-05-29 13:57:00,142
16569.0,3,1,124.2,124.2,5,2011-12-06 15:32:00,2011-12-06 15:32:00,1
16570.0,15,10,3738.4,373.84,70,2011-02-01 10:37:00,2011-11-24 17:02:00,296
16571.0,27,3,1421.69,473.9,74,2011-03-03 09:41:00,2011-11-13 11:46:00,255
16572.0,127,3,1009.6,336.53,40,2011-03-09 12:04:00,2011-08-04 16:34:00,148
16573.0,85,2,663.61,331.8,40,2011-02-22 15:14:00,2011-09-16 09:13:00,205
16574.0,71,1,451.44,451.44,28,2011-09-29 13:39:00,2011-09-29 13:39:00,1
16581.0,183,1,105.84,105.84,9,2011-06-10 10:05:00,2011-06-10 10:05:00,1
16582.0,113,1,313.62,313.62,6,2011-08-18 17:02:00,2011-08-18 17:02:00,1
16583.0,374,1,233.45,233.45,14,2010-12-01 12:03:00,2010-12-01 12:03:00,1
16584.0,80,2,936.08,468.04,25,2011-03-30 13:14:00,2011-09-20 13:45:00,174
16586.0,249,1,463.95,463.95,8,2011-04-05 09:32:00,2011-04-05 09:32:00,1
16587.0,232,1,225.15,225.15,13,2011-04-21 15:51:00,2011-04-21 15:51:00,1
16589.0,71,3,459.24,153.08,31,2011-07-01 13:31:00,2011-09-29 14:50:00,90
16591.0,69,1,213.5,213.5,10,2011-10-02 10:43:00,2011-10-02 10:43:00,1
16592.0,4,16,4113.68,257.1,144,2011-02-25 10:19:00,2011-12-05 13:49:00,283
16593.0,51,3,330.03,110.01,24,2011-01-16 12:11:00,2011-10-20 12:41:00,277
16594.0,75,1,181.09,181.09,53,2011-09-25 14:08:00,2011-09-25 14:08:00,1
16595.0,61,1,360.16,360.16,83,2011-10-09 13:15:00,2011-10-09 13:15:00,1
16596.0,16,2,250.15,125.07,12,2010-12-08 16:18:00,2011-11-24 10:02:00,350
16597.0,4,1,90.04,90.04,7,2011-12-05 15:44:00,2011-12-05 15:44:00,1
16598.0,286,1,145.05,145.05,10,2011-02-27 11:42:00,2011-02-27 11:42:00,1
16600.0,4,6,813.52,135.59,50,2011-01-05 12:13:00,2011-12-05 16:00:00,334
16601.0,41,1,244.8,244.8,29,2011-10-30 11:09:00,2011-10-30 11:09:00,1
16602.0,36,1,528.08,528.08,29,2011-11-03 15:54:00,2011-11-03 15:54:00,1
16603.0,75,2,482.47,241.24,34,2011-09-09 13:02:00,2011-09-26 10:06:00,16
16607.0,18,14,3347.71,239.12,140,2010-12-16 08:41:00,2011-11-22 10:24:00,341
16609.0,15,7,5493.46,784.78,158,2011-04-01 10:11:00,2011-11-24 13:32:00,237
16610.0,219,1,75.66,75.66,6,2011-05-04 13:13:00,2011-05-04 13:13:00,1
16611.0,186,1,129.49,129.49,9,2011-06-06 15:46:00,2011-06-06 15:46:00,1
16612.0,33,4,1187.66,296.91,48,2011-02-01 10:38:00,2011-11-07 07:38:00,278
16613.0,70,1,618.59,618.59,30,2011-09-30 15:52:00,2011-09-30 15:52:00,1
16614.0,183,1,506.19,506.19,26,2011-06-10 11:36:00,2011-06-10 11:36:00,1
16616.0,15,2,500.42,250.21,31,2011-07-05 13:38:00,2011-11-24 16:31:00,142
16617.0,236,1,151.85,151.85,5,2011-04-18 10:35:00,2011-04-18 10:35:00,1
16618.0,31,5,2647.59,529.52,79,2011-01-21 11:55:00,2011-11-08 13:52:00,291
16619.0,264,1,226.21,226.21,14,2011-03-21 08:18:00,2011-03-21 08:18:00,1
16620.0,4,2,178.96,89.48,9,2011-03-24 10:37:00,2011-12-06 12:19:00,257
16621.0,52,4,813.48,203.37,22,2011-03-07 11:32:00,2011-10-19 11:38:00,226
16623.0,246,1,129.45,129.45,5,2011-04-08 10:09:00,2011-04-08 10:09:00,1
16624.0,81,2,810.57,405.28,44,2011-05-26 14:20:00,2011-09-20 12:39:00,116
16625.0,274,1,333.08,333.08,23,2011-03-10 12:50:00,2011-03-10 12:50:00,1
16626.0,1,17,4413.1,259.59,87,2011-03-18 12:27:00,2011-12-09 11:56:00,265
16627.0,79,1,322.8,322.8,20,2011-09-21 14:38:00,2011-09-21 14:38:00,1
16628.0,30,5,2188.05,437.61,79,2011-04-19 08:55:00,2011-11-10 12:45:00,205
16629.0,74,2,417.73,208.86,58,2011-09-04 16:12:00,2011-09-27 10:34:00,22
16633.0,17,6,2883.1,480.52,115,2011-04-19 14:36:00,2011-11-22 13:41:00,216
16634.0,223,2,217.9,108.95,9,2010-12-02 17:41:00,2011-05-01 12:09:00,149
16637.0,32,4,1154.47,288.62,66,2011-04-28 10:20:00,2011-11-07 13:17:00,193
16638.0,23,10,1680.72,168.07,92,2010-12-06 10:19:00,2011-11-17 11:09:00,346
16639.0,31,3,1257.51,419.17,48,2011-04-18 09:31:00,2011-11-08 13:20:00,204
16641.0,106,1,231.1,231.1,12,2011-08-26 12:49:00,2011-08-26 12:49:00,1
16642.0,5,2,688.33,344.16,32,2011-05-16 12:35:00,2011-12-05 11:31:00,202
16643.0,246,1,487.51,487.51,27,2011-04-08 08:24:00,2011-04-08 08:24:00,1
16644.0,178,2,833.78,416.89,62,2011-05-11 12:53:00,2011-06-15 12:39:00,34
16647.0,170,2,214.06,107.03,12,2011-05-19 09:31:00,2011-06-23 11:47:00,35
16648.0,43,1,290.66,290.66,19,2011-10-28 08:58:00,2011-10-28 08:58:00,1
16650.0,72,1,518.42,518.42,24,2011-09-29 09:51:00,2011-09-29 09:51:00,1
16652.0,59,7,6773.97,967.71,74,2011-03-11 13:13:00,2011-10-12 09:38:00,214
16653.0,16,2,1212.66,606.33,67,2011-09-29 13:38:00,2011-11-23 14:51:00,55
16654.0,141,4,601.27,150.32,29,2010-12-06 15:09:00,2011-07-21 15:23:00,227
16655.0,18,6,3794.52,632.42,208,2011-01-12 10:16:00,2011-11-22 11:25:00,314
16656.0,22,15,8625.8,575.05,14,2010-12-10 11:23:00,2011-11-17 14:43:00,342
16657.0,10,4,933.62,233.4,158,2011-03-30 12:02:00,2011-11-30 11:48:00,244
16658.0,368,1,123.24,123.24,8,2010-12-06 13:47:00,2010-12-06 13:47:00,1
16659.0,189,1,39.12,39.12,2,2011-06-03 15:03:00,2011-06-03 15:03:00,1
16660.0,16,4,1267.65,316.91,16,2011-01-24 12:44:00,2011-11-23 14:53:00,303
16665.0,362,1,135.4,135.4,9,2010-12-12 14:03:00,2010-12-12 14:03:00,1
16666.0,19,1,118.98,118.98,30,2011-11-20 14:01:00,2011-11-20 14:01:00,1
16667.0,68,2,570.13,285.06,52,2011-02-28 12:57:00,2011-10-02 15:26:00,216
16668.0,15,6,306.72,51.12,9,2011-02-28 12:46:00,2011-11-24 17:43:00,269
16669.0,24,3,1374.87,458.29,141,2011-09-22 14:13:00,2011-11-16 12:26:00,54
16670.0,17,11,4095.9,372.35,181,2010-12-16 10:30:00,2011-11-23 09:34:00,341
16671.0,28,3,1692.27,564.09,3,2011-06-28 11:20:00,2011-11-11 13:40:00,136
16672.0,2,20,8134.94,406.75,22,2011-03-18 10:15:00,2011-12-07 16:29:00,264
16674.0,55,2,319.61,159.8,89,2011-09-02 13:59:00,2011-10-16 11:31:00,43
16676.0,34,4,1592.12,398.03,75,2011-01-06 13:00:00,2011-11-06 12:01:00,303
16678.0,3,12,3109.99,259.17,93,2011-03-02 09:24:00,2011-12-07 12:17:00,280
16679.0,366,1,129.75,129.75,3,2010-12-08 13:51:00,2010-12-08 13:51:00,1
16680.0,43,1,183.7,183.7,10,2011-10-27 17:35:00,2011-10-27 17:35:00,1
16681.0,73,6,1770.34,295.06,18,2011-03-31 13:46:00,2011-09-28 11:11:00,180
16682.0,5,5,1028.0,205.6,15,2011-06-05 11:02:00,2011-12-05 12:13:00,183
16684.0,4,28,66653.56,2380.48,121,2010-12-16 17:34:00,2011-12-05 14:06:00,353
16685.0,61,2,324.24,162.12,60,2011-10-09 13:44:00,2011-10-09 13:58:00,1
16686.0,47,7,3062.83,437.55,410,2010-12-19 14:41:00,2011-10-23 13:49:00,307
16688.0,1,4,1260.86,315.21,52,2011-10-10 12:23:00,2011-12-08 15:24:00,59
16689.0,76,2,422.6,211.3,12,2011-09-18 13:29:00,2011-09-25 11:39:00,6
16690.0,72,2,225.58,112.79,10,2011-05-22 10:53:00,2011-09-28 15:02:00,129
16692.0,256,2,1276.0,638.0,2,2011-02-23 15:41:00,2011-03-28 14:46:00,32
16693.0,69,2,482.01,241.0,58,2011-03-13 11:06:00,2011-10-02 11:10:00,203
16696.0,135,4,657.9,164.48,7,2011-04-05 15:20:00,2011-07-27 14:23:00,112
16697.0,241,1,112.75,112.75,20,2011-04-12 17:12:00,2011-04-12 17:12:00,1
16698.0,227,2,1998.0,999.0,4,2011-03-31 13:33:00,2011-04-27 10:52:00,26
16700.0,9,13,5076.55,390.5,165,2010-12-08 16:34:00,2011-12-01 11:00:00,357
16701.0,9,13,5398.3,415.25,100,2010-12-13 11:51:00,2011-12-01 11:10:00,352
16705.0,1,20,14034.99,701.75,136,2010-12-16 10:51:00,2011-12-09 12:08:00,358
16706.0,37,3,531.35,177.12,108,2011-08-17 15:53:00,2011-11-02 13:50:00,76
16708.0,46,1,656.63,656.63,27,2011-10-25 12:20:00,2011-10-25 12:20:00,1
16709.0,85,5,3029.87,605.97,65,2011-03-03 10:55:00,2011-09-16 10:56:00,197
16710.0,19,10,2483.04,248.3,272,2010-12-06 13:13:00,2011-11-20 14:50:00,349
16711.0,3,5,1651.03,330.21,18,2010-12-17 12:43:00,2011-12-06 16:32:00,354
16712.0,9,11,3645.43,331.4,259,2011-03-08 15:07:00,2011-11-30 13:48:00,266
16713.0,19,15,6923.13,461.54,345,2010-12-08 13:01:00,2011-11-21 12:36:00,347
16714.0,219,3,1161.53,387.18,77,2011-01-26 13:40:00,2011-05-05 11:09:00,98
16715.0,78,1,301.72,301.72,19,2011-09-22 18:15:00,2011-09-22 18:15:00,1
16716.0,267,2,901.2,450.6,1,2011-02-01 15:35:00,2011-03-18 10:03:00,44
16717.0,24,6,3858.38,643.06,179,2010-12-08 16:48:00,2011-11-16 12:16:00,342
16718.0,369,1,623.75,623.75,41,2010-12-05 13:03:00,2010-12-05 13:03:00,1
16719.0,15,7,1790.42,255.77,109,2010-12-06 12:06:00,2011-11-25 09:27:00,353
16720.0,26,1,155.24,155.24,25,2011-11-13 16:22:00,2011-11-13 16:22:00,1
16721.0,262,1,292.47,292.47,37,2011-03-22 16:08:00,2011-03-22 16:08:00,1
16722.0,17,13,4730.81,363.91,98,2010-12-06 12:59:00,2011-11-22 13:28:00,351
16723.0,91,2,589.15,294.57,37,2011-08-24 11:31:00,2011-09-09 13:01:00,16
16725.0,302,7,781.02,111.57,110,2010-12-03 16:02:00,2011-02-10 16:52:00,69
16726.0,26,5,1382.02,276.4,121,2010-12-13 13:28:00,2011-11-13 14:53:00,335
16727.0,364,1,272.82,272.82,41,2010-12-10 13:48:00,2010-12-10 13:48:00,1
16728.0,46,4,1054.67,263.67,218,2011-03-20 13:28:00,2011-10-24 14:36:00,218
16729.0,38,21,7239.92,344.76,238,2011-04-12 14:22:00,2011-11-01 14:29:00,203
16730.0,52,3,743.11,247.7,75,2011-01-24 14:01:00,2011-10-18 14:11:00,267
16732.0,32,1,603.75,603.75,28,2011-11-08 09:54:00,2011-11-08 09:54:00,1
16734.0,52,3,650.51,216.84,44,2011-08-17 15:00:00,2011-10-18 13:44:00,61
16735.0,79,5,2300.56,460.11,90,2011-01-09 12:53:00,2011-09-22 11:49:00,255
16737.0,53,1,417.6,417.6,1,2011-10-17 13:03:00,2011-10-17 13:03:00,1
16738.0,298,1,3.75,3.75,1,2011-02-15 09:46:00,2011-02-15 09:46:00,1
16739.0,177,1,323.0,323.0,13,2011-06-16 09:17:00,2011-06-16 09:17:00,1
16742.0,47,1,464.9,464.9,1,2011-10-24 12:02:00,2011-10-24 12:02:00,1
16743.0,29,7,2238.09,319.73,90,2010-12-16 12:15:00,2011-11-10 13:13:00,329
16744.0,11,7,1304.76,186.39,198,2011-06-19 15:13:00,2011-11-28 13:06:00,161
16745.0,87,17,7194.3,423.19,149,2011-02-01 11:31:00,2011-09-14 11:58:00,225
16746.0,5,18,6697.66,372.09,238,2010-12-16 11:43:00,2011-12-05 12:33:00,354
16747.0,38,2,836.06,418.03,35,2011-10-03 10:18:00,2011-11-02 11:37:00,30
16748.0,18,5,1515.9,303.18,44,2011-01-09 13:50:00,2011-11-22 10:17:00,316
16750.0,45,5,623.93,124.79,74,2011-04-21 16:53:00,2011-10-26 12:48:00,187
16751.0,31,1,1764.72,1764.72,24,2011-11-09 10:48:00,2011-11-09 10:48:00,1
16752.0,373,1,207.5,207.5,9,2010-12-02 12:18:00,2010-12-02 12:18:00,1
16753.0,58,1,223.92,223.92,34,2011-10-12 13:14:00,2011-10-12 13:14:00,1
16754.0,372,1,2002.4,2002.4,2,2010-12-02 17:38:00,2010-12-02 17:38:00,1
16755.0,114,3,1496.83,498.94,134,2011-01-28 10:47:00,2011-08-17 13:21:00,201
16756.0,215,1,239.4,239.4,13,2011-05-09 09:33:00,2011-05-09 09:33:00,1
16757.0,319,1,106.83,106.83,7,2011-01-25 11:59:00,2011-01-25 11:59:00,1
16758.0,65,1,369.34,369.34,22,2011-10-05 14:47:00,2011-10-05 14:47:00,1
16759.0,8,3,789.79,263.26,40,2011-11-09 09:06:00,2011-12-02 12:42:00,23
16761.0,97,1,316.62,316.62,13,2011-09-04 11:15:00,2011-09-04 11:15:00,1
16762.0,20,3,1501.38,500.46,51,2011-07-18 12:52:00,2011-11-20 11:43:00,124
16763.0,199,1,611.85,611.85,23,2011-05-25 11:52:00,2011-05-25 11:52:00,1
16764.0,4,13,2799.25,215.33,210,2011-07-19 17:17:00,2011-12-06 11:41:00,139
16765.0,294,1,34.0,34.0,1,2011-02-18 15:41:00,2011-02-18 15:41:00,1
16766.0,273,2,1145.6,572.8,17,2011-03-11 13:34:00,2011-03-11 15:22:00,1
16767.0,31,11,5580.6,507.33,148,2011-01-27 13:38:00,2011-11-09 09:42:00,285
16768.0,48,3,478.09,159.36,47,2011-03-13 10:25:00,2011-10-23 10:38:00,224
16769.0,260,1,380.39,380.39,33,2011-03-24 13:41:00,2011-03-24 13:41:00,1
16770.0,58,5,770.1,154.02,116,2010-12-02 15:49:00,2011-10-13 12:21:00,314
16771.0,33,5,2246.81,449.36,200,2011-01-05 13:57:00,2011-11-06 13:28:00,304
16773.0,57,1,171.59,171.59,23,2011-10-13 14:37:00,2011-10-13 14:37:00,1
16774.0,68,4,661.52,165.38,36,2011-06-14 12:45:00,2011-10-03 12:41:00,110
16775.0,10,11,1695.66,154.15,85,2010-12-07 15:15:00,2011-11-29 15:22:00,357
16776.0,60,1,388.28,388.28,61,2011-10-10 13:04:00,2011-10-10 13:04:00,1
16777.0,80,2,226.35,113.18,45,2011-03-27 14:34:00,2011-09-20 13:41:00,176
16778.0,74,2,245.94,122.97,16,2011-03-10 15:21:00,2011-09-26 13:48:00,199
16779.0,2,22,10629.72,483.17,165,2010-12-08 09:56:00,2011-12-07 14:54:00,364
16780.0,100,2,425.19,212.6,51,2011-03-25 17:34:00,2011-08-31 16:09:00,158
16781.0,372,1,311.25,311.25,17,2010-12-02 14:26:00,2010-12-02 14:26:00,1
16782.0,10,13,2279.9,175.38,105,2010-12-09 11:28:00,2011-11-29 13:20:00,355
16784.0,20,1,107.6,107.6,3,2011-11-20 12:20:00,2011-11-20 12:20:00,1
16788.0,123,2,597.48,298.74,138,2011-03-30 13:05:00,2011-08-08 14:53:00,131
16789.0,8,1,80.8,80.8,5,2011-12-01 15:12:00,2011-12-01 15:12:00,1
16790.0,4,6,1545.62,257.6,88,2011-11-02 11:23:00,2011-12-06 11:53:00,34
16791.0,29,7,1721.78,245.97,219,2011-01-11 15:42:00,2011-11-10 19:12:00,303
16792.0,282,2,110.38,55.19,11,2011-03-02 14:39:00,2011-03-02 14:41:00,1
16793.0,57,1,243.84,243.84,16,2011-10-13 15:08:00,2011-10-13 15:08:00,1
16794.0,1,10,1222.71,122.27,144,2011-06-12 14:15:00,2011-12-08 17:54:00,179
16795.0,365,1,414.88,414.88,64,2010-12-09 14:08:00,2010-12-09 14:08:00,1
16796.0,89,1,305.62,305.62,18,2011-09-11 14:01:00,2011-09-11 14:01:00,1
16800.0,11,1,1201.49,1201.49,148,2011-11-28 14:06:00,2011-11-28 14:06:00,1
16801.0,163,4,1619.73,404.93,72,2011-03-11 13:56:00,2011-06-29 15:33:00,110
16803.0,65,1,332.3,332.3,24,2011-10-05 14:28:00,2011-10-05 14:28:00,1
16804.0,23,3,536.99,179.0,59,2011-03-14 15:48:00,2011-11-16 16:43:00,247
16805.0,174,2,460.59,230.29,94,2010-12-14 13:35:00,2011-06-19 11:23:00,186
16806.0,103,4,801.49,200.37,68,2011-04-14 19:59:00,2011-08-28 15:27:00,135
16807.0,143,3,1121.59,373.86,58,2011-03-14 09:46:00,2011-07-20 12:00:00,128
16808.0,99,2,288.42,144.21,21,2011-03-10 19:05:00,2011-09-01 19:34:00,175
16809.0,23,5,914.69,182.94,81,2011-03-22 15:20:00,2011-11-16 15:45:00,239
16810.0,192,1,309.54,309.54,15,2011-05-31 15:32:00,2011-05-31 15:32:00,1
16811.0,5,2,547.07,273.53,26,2011-11-22 17:19:00,2011-12-05 11:39:00,12
16812.0,361,1,479.35,479.35,15,2010-12-14 12:35:00,2010-12-14 12:35:00,1
16813.0,8,10,1692.98,169.3,250,2011-05-19 13:28:00,2011-12-01 14:03:00,196
16814.0,14,21,6509.1,309.96,122,2010-12-05 11:45:00,2011-11-25 13:27:00,355
16816.0,103,4,417.06,104.27,28,2010-12-16 17:01:00,2011-08-28 14:16:00,254
16817.0,3,9,1604.75,178.31,73,2010-12-06 14:19:00,2011-12-07 11:03:00,365
16818.0,11,11,3349.57,304.51,172,2011-05-18 11:42:00,2011-11-29 10:41:00,194
16820.0,96,1,497.61,497.61,26,2011-09-05 12:06:00,2011-09-05 12:06:00,1
16823.0,227,1,358.38,358.38,34,2011-04-26 15:00:00,2011-04-26 15:00:00,1
16824.0,16,2,460.64,230.32,23,2011-06-28 13:36:00,2011-11-24 12:38:00,148
16825.0,39,2,775.18,387.59,27,2011-06-07 09:44:00,2011-11-01 11:51:00,147
16826.0,51,1,341.7,341.7,22,2011-10-19 14:05:00,2011-10-19 14:05:00,1
16828.0,93,2,128.5,64.25,8,2011-08-19 13:24:00,2011-09-07 15:10:00,19
16829.0,157,1,197.22,197.22,11,2011-07-06 10:48:00,2011-07-06 10:48:00,1
16830.0,39,1,325.91,325.91,23,2011-11-01 11:35:00,2011-11-01 11:35:00,1
16832.0,184,3,199.15,66.38,11,2011-05-06 14:12:00,2011-06-08 15:36:00,33
16833.0,1,4,1106.53,276.63,46,2011-01-09 13:02:00,2011-12-08 14:39:00,333
16834.0,228,1,413.46,413.46,24,2011-04-26 09:37:00,2011-04-26 09:37:00,1
16835.0,128,2,180.85,90.43,10,2010-12-01 17:15:00,2011-08-03 13:50:00,244
16836.0,40,2,251.87,125.94,11,2011-08-15 12:38:00,2011-10-31 10:05:00,76
16837.0,31,11,3170.98,288.27,123,2011-04-08 08:48:00,2011-11-08 14:27:00,214
16838.0,197,2,588.85,294.42,24,2011-02-24 15:01:00,2011-05-26 13:13:00,90
16839.0,9,34,16594.35,488.07,118,2010-12-05 11:15:00,2011-12-01 09:03:00,360
16841.0,37,6,1869.82,311.64,101,2011-02-25 12:40:00,2011-11-03 11:51:00,250
16842.0,101,3,1264.19,421.4,47,2011-02-10 14:51:00,2011-08-31 10:42:00,201
16843.0,43,16,10196.57,637.29,229,2011-01-16 16:10:00,2011-10-28 09:06:00,284
16846.0,50,1,214.32,214.32,11,2011-10-20 13:55:00,2011-10-20 13:55:00,1
16847.0,43,1,193.44,193.44,12,2011-10-27 13:29:00,2011-10-27 13:29:00,1
16848.0,53,1,281.42,281.42,14,2011-10-18 08:42:00,2011-10-18 08:42:00,1
16849.0,187,1,124.57,124.57,8,2011-06-06 09:16:00,2011-06-06 09:16:00,1
16850.0,334,1,332.41,332.41,19,2011-01-10 11:09:00,2011-01-10 11:09:00,1
16851.0,4,3,342.45,114.15,17,2011-10-19 09:48:00,2011-12-05 13:32:00,47
16852.0,10,2,144.91,72.46,9,2011-06-16 15:49:00,2011-11-29 13:22:00,165
16855.0,24,2,328.4,164.2,19,2011-10-27 16:31:00,2011-11-16 12:03:00,19
16856.0,15,1,35.4,35.4,2,2011-11-25 08:59:00,2011-11-25 08:59:00,1
16858.0,369,1,375.69,375.69,9,2010-12-06 09:52:00,2010-12-06 09:52:00,1
16859.0,145,2,747.81,373.9,50,2011-03-23 13:39:00,2011-07-18 12:19:00,116
16861.0,60,2,173.76,86.88,6,2011-07-04 15:38:00,2011-10-11 09:05:00,98
16863.0,31,2,502.8,251.4,25,2010-12-08 08:58:00,2011-11-08 15:26:00,335
16866.0,141,3,207.74,69.25,10,2011-07-01 12:34:00,2011-07-22 10:06:00,20
16869.0,23,4,825.42,206.36,113,2011-06-17 13:01:00,2011-11-17 12:02:00,152
16871.0,22,6,2812.34,468.72,131,2011-03-14 10:31:00,2011-11-17 19:27:00,248
16872.0,77,3,680.02,226.67,5,2011-06-08 14:32:00,2011-09-23 16:05:00,107
16873.0,5,6,7123.62,1187.27,180,2010-12-10 15:45:00,2011-12-05 12:05:00,359
16875.0,67,5,2095.53,419.11,94,2011-01-04 10:37:00,2011-10-03 13:39:00,272
16877.0,12,6,853.72,142.29,111,2011-05-15 16:13:00,2011-11-27 13:47:00,195
16878.0,84,1,13.3,13.3,3,2011-09-16 17:39:00,2011-09-16 17:39:00,1
16880.0,31,7,1519.08,217.01,120,2011-06-03 16:45:00,2011-11-09 11:33:00,158
16881.0,67,1,432.0,432.0,1,2011-10-04 10:33:00,2011-10-04 10:33:00,1
16882.0,67,3,705.12,235.04,39,2011-01-26 17:43:00,2011-10-04 10:42:00,250
16883.0,187,2,276.73,138.36,33,2010-12-03 10:33:00,2011-06-05 12:51:00,184
16884.0,38,2,429.84,214.92,26,2011-11-02 10:16:00,2011-11-02 11:52:00,1
16885.0,15,3,471.51,157.17,82,2010-12-17 17:23:00,2011-11-24 13:40:00,341
16887.0,35,1,194.88,194.88,35,2011-11-04 14:07:00,2011-11-04 14:07:00,1
16889.0,195,3,1578.67,526.22,112,2011-01-07 10:47:00,2011-05-29 11:05:00,142
16891.0,2,5,809.7,161.94,166,2010-12-03 11:35:00,2011-12-08 11:15:00,369
16892.0,1,5,525.54,105.11,88,2011-06-09 11:35:00,2011-12-08 13:18:00,182
16893.0,367,1,145.93,145.93,44,2010-12-08 12:06:00,2010-12-08 12:06:00,1
16895.0,65,1,219.14,219.14,57,2011-10-06 12:15:00,2011-10-06 12:15:00,1
16897.0,299,2,289.78,144.89,37,2011-01-30 11:52:00,2011-02-13 15:02:00,14
16898.0,26,3,508.81,169.6,150,2010-12-06 12:23:00,2011-11-13 15:44:00,342
16899.0,8,6,1281.56,213.59,81,2010-12-14 13:11:00,2011-12-02 12:03:00,352
16900.0,17,3,887.11,295.7,78,2011-10-07 13:17:00,2011-11-23 10:32:00,46
16902.0,116,1,1706.88,1706.88,43,2011-08-15 14:17:00,2011-08-15 14:17:00,1
16903.0,29,1,373.24,373.24,50,2011-11-10 15:32:00,2011-11-10 15:32:00,1
16904.0,4,16,3754.27,234.64,386,2010-12-07 13:29:00,2011-12-05 13:10:00,362
16905.0,5,7,3102.43,443.2,118,2010-12-03 10:43:00,2011-12-04 14:01:00,366
16906.0,82,4,579.77,144.94,74,2011-04-05 12:30:00,2011-09-19 11:49:00,166
16907.0,29,5,981.65,196.33,89,2010-12-09 16:52:00,2011-11-10 18:04:00,336
16909.0,72,1,379.14,379.14,18,2011-09-28 16:45:00,2011-09-28 16:45:00,1
16910.0,4,8,1510.06,188.76,318,2011-09-09 14:14:00,2011-12-05 12:51:00,86
16912.0,29,11,2575.38,234.13,88,2011-01-20 15:42:00,2011-11-11 12:18:00,294
16913.0,290,1,113.44,113.44,8,2011-02-22 12:56:00,2011-02-22 12:56:00,1
16914.0,36,1,208.46,208.46,25,2011-11-03 15:27:00,2011-11-03 15:27:00,1
16915.0,9,6,621.68,103.61,46,2011-03-01 09:52:00,2011-11-30 16:39:00,274
16916.0,24,2,576.26,288.13,129,2010-12-02 13:14:00,2011-11-16 12:08:00,348
16917.0,277,1,391.52,391.52,9,2011-03-08 11:55:00,2011-03-08 11:55:00,1
16918.0,49,6,1068.82,178.14,97,2011-01-26 17:37:00,2011-10-21 12:50:00,267
16919.0,156,11,2596.45,236.04,141,2010-12-06 12:52:00,2011-07-06 13:35:00,212
16921.0,61,1,169.79,169.79,50,2011-10-09 16:22:00,2011-10-09 16:22:00,1
16923.0,12,19,7247.61,381.45,316,2010-12-12 11:06:00,2011-11-27 13:00:00,350
16924.0,21,3,846.75,282.25,69,2011-09-16 12:54:00,2011-11-18 12:53:00,62
16926.0,371,1,230.25,230.25,14,2010-12-03 13:42:00,2010-12-03 13:42:00,1
16927.0,116,3,543.05,181.02,5,2010-12-13 11:57:00,2011-08-16 11:10:00,245
16928.0,80,17,2847.6,167.51,67,2010-12-01 15:21:00,2011-09-20 15:10:00,292
16929.0,4,7,1295.39,185.06,51,2011-07-07 12:39:00,2011-12-06 08:37:00,151
16930.0,26,3,380.55,126.85,47,2011-10-02 14:25:00,2011-11-13 16:13:00,42
16931.0,5,21,4604.22,219.25,451,2010-12-05 11:40:00,2011-12-04 13:15:00,364
16932.0,53,1,161.94,161.94,44,2011-10-17 14:12:00,2011-10-17 14:12:00,1
16933.0,1,2,563.23,281.62,42,2011-04-14 13:33:00,2011-12-08 12:54:00,237
16934.0,55,2,950.93,475.46,59,2011-10-16 12:25:00,2011-10-16 12:40:00,1
16936.0,26,1,262.68,262.68,56,2011-11-14 11:04:00,2011-11-14 11:04:00,1
16938.0,9,4,2736.38,684.1,215,2011-02-04 09:34:00,2011-12-01 10:20:00,300
16940.0,52,3,3049.88,1016.63,227,2011-02-23 12:27:00,2011-10-18 13:15:00,237
16942.0,13,9,1920.59,213.4,161,2011-04-26 11:59:00,2011-11-27 12:40:00,215
16943.0,212,3,816.73,272.24,23,2011-01-25 14:00:00,2011-05-12 11:57:00,106
16945.0,22,19,4345.5,228.71,139,2010-12-16 17:49:00,2011-11-18 11:39:00,336
16947.0,236,1,406.48,406.48,21,2011-04-18 09:38:00,2011-04-18 09:38:00,1
16948.0,139,3,435.02,145.01,15,2011-01-18 10:58:00,2011-07-24 12:46:00,187
16949.0,4,6,1286.27,214.38,57,2011-01-27 12:11:00,2011-12-06 11:07:00,312
16950.0,57,3,1178.56,392.85,39,2010-12-07 15:20:00,2011-10-14 09:06:00,310
16951.0,135,3,1277.75,425.92,73,2011-02-08 14:58:00,2011-07-28 12:05:00,169
16952.0,109,2,167.61,83.8,16,2011-08-22 12:58:00,2011-08-22 13:03:00,1
16953.0,30,1,20.8,20.8,1,2011-11-09 15:54:00,2011-11-09 15:54:00,1
16954.0,1,9,2085.08,231.68,40,2010-12-15 10:41:00,2011-12-09 09:46:00,358
16955.0,185,4,518.67,129.67,18,2010-12-01 13:31:00,2011-06-08 10:36:00,188
16956.0,18,1,308.74,308.74,16,2011-11-22 08:56:00,2011-11-22 08:56:00,1
16957.0,239,2,416.64,208.32,15,2011-03-03 09:25:00,2011-04-14 13:56:00,42
16959.0,87,1,117.35,117.35,7,2011-09-13 15:03:00,2011-09-13 15:03:00,1
16960.0,39,3,507.05,169.02,93,2011-04-01 11:54:00,2011-11-01 11:35:00,213
16961.0,116,1,234.17,234.17,14,2011-08-15 13:46:00,2011-08-15 13:46:00,1
16963.0,187,1,110.55,110.55,7,2011-06-05 13:48:00,2011-06-05 13:48:00,1
16965.0,227,1,201.19,201.19,26,2011-04-27 12:08:00,2011-04-27 12:08:00,1
16966.0,8,7,2154.97,307.85,8,2011-04-13 14:17:00,2011-12-01 13:40:00,231
16967.0,189,1,319.02,319.02,21,2011-06-03 14:24:00,2011-06-03 14:24:00,1
16968.0,4,2,439.43,219.72,31,2011-08-24 10:51:00,2011-12-05 15:02:00,103
16969.0,39,3,650.41,216.8,42,2011-06-01 12:10:00,2011-10-31 13:12:00,152
16971.0,38,1,357.21,357.21,40,2011-11-01 15:06:00,2011-11-01 15:06:00,1
16976.0,267,1,251.52,251.52,2,2011-03-17 16:33:00,2011-03-17 16:33:00,1
16978.0,77,1,344.33,344.33,39,2011-09-23 12:50:00,2011-09-23 12:50:00,1
16979.0,4,6,1852.0,308.67,64,2011-02-15 09:20:00,2011-12-06 12:21:00,294
16980.0,255,2,1078.96,539.48,71,2011-02-21 12:58:00,2011-03-29 16:36:00,36
16982.0,61,1,384.06,384.06,22,2011-10-10 12:28:00,2011-10-10 12:28:00,1
16983.0,13,7,1931.25,275.89,113,2010-12-05 12:34:00,2011-11-27 12:10:00,356
16984.0,88,2,4481.35,2240.68,354,2011-08-01 17:37:00,2011-09-12 13:43:00,41
16985.0,17,10,5464.12,546.41,63,2010-12-16 10:38:00,2011-11-22 13:33:00,341
16986.0,30,2,1873.2,936.6,3,2011-11-09 15:52:00,2011-11-10 11:55:00,1
16987.0,3,7,1625.05,232.15,75,2011-05-18 15:55:00,2011-12-06 17:26:00,202
16988.0,5,1,126.12,126.12,7,2011-12-04 16:02:00,2011-12-04 16:02:00,1
16989.0,7,6,1133.25,188.88,8,2011-07-12 09:11:00,2011-12-02 16:39:00,143
16990.0,219,1,179.0,179.0,1,2011-05-05 08:30:00,2011-05-05 08:30:00,1
16992.0,11,5,1614.31,322.86,84,2011-02-28 10:37:00,2011-11-29 11:50:00,274
16996.0,30,6,1456.96,242.83,13,2010-12-21 13:22:00,2011-11-09 16:43:00,323
16997.0,288,3,702.0,234.0,8,2011-01-18 11:51:00,2011-02-24 17:28:00,37
16998.0,150,4,295.0,73.75,1,2011-02-08 15:42:00,2011-07-13 09:44:00,154
16999.0,23,2,484.82,242.41,21,2011-09-26 15:43:00,2011-11-16 13:53:00,50
17001.0,1,11,3989.57,362.69,77,2010-12-16 09:35:00,2011-12-09 09:38:00,358
17002.0,86,3,1493.73,497.91,42,2011-02-22 11:46:00,2011-09-15 12:40:00,205
17004.0,46,2,1412.94,706.47,38,2011-09-08 12:16:00,2011-10-24 14:25:00,46
17006.0,5,4,781.78,195.44,37,2011-09-25 12:15:00,2011-12-05 12:09:00,70
17007.0,51,6,889.93,148.32,50,2010-12-17 13:57:00,2011-10-20 10:47:00,306
17010.0,18,1,195.36,195.36,11,2011-11-21 14:49:00,2011-11-21 14:49:00,1
17011.0,30,1,270.9,270.9,15,2011-11-09 13:30:00,2011-11-09 13:30:00,1
17014.0,8,3,586.33,195.44,63,2011-10-04 11:36:00,2011-12-01 14:09:00,58
17015.0,29,3,1842.56,614.19,182,2011-06-07 13:19:00,2011-11-11 10:45:00,156
17017.0,3,20,8694.26,434.71,91,2010-12-02 10:17:00,2011-12-07 09:32:00,369
17018.0,41,2,920.1,460.05,15,2011-01-18 08:46:00,2011-10-30 11:42:00,285
17019.0,11,4,1272.61,318.15,172,2010-12-06 12:55:00,2011-11-28 13:06:00,357
17022.0,31,1,71.0,71.0,7,2011-11-08 17:09:00,2011-11-08 17:09:00,1
17024.0,45,3,95.85,31.95,2,2011-07-05 09:31:00,2011-10-25 13:47:00,112
17025.0,61,3,357.77,119.26,8,2010-12-01 15:45:00,2011-10-10 09:06:00,312
17026.0,185,2,154.83,77.41,4,2010-12-05 12:47:00,2011-06-07 14:28:00,184
17027.0,79,6,890.29,148.38,109,2011-01-26 14:19:00,2011-09-22 12:24:00,238
17029.0,111,2,716.0,358.0,1,2011-04-17 10:57:00,2011-08-21 11:06:00,126
17030.0,64,1,146.87,146.87,11,2011-10-07 08:49:00,2011-10-07 08:49:00,1
17031.0,12,2,380.35,190.18,19,2011-07-08 09:38:00,2011-11-28 10:23:00,143
17033.0,86,3,1030.14,343.38,25,2010-12-15 13:21:00,2011-09-14 14:34:00,273
17034.0,16,3,745.52,248.51,28,2011-02-25 10:10:00,2011-11-23 15:14:00,271
17035.0,246,2,433.53,216.76,27,2011-02-01 12:27:00,2011-04-08 11:23:00,65
17037.0,88,1,1267.32,1267.32,75,2011-09-13 12:49:00,2011-09-13 12:49:00,1
17038.0,30,1,112.4,112.4,22,2011-11-09 13:50:00,2011-11-09 13:50:00,1
17040.0,138,1,449.73,449.73,15,2011-07-25 10:19:00,2011-07-25 10:19:00,1
17041.0,27,3,1081.57,360.52,59,2010-12-14 11:43:00,2011-11-13 11:21:00,333
17042.0,3,5,1044.38,208.88,74,2011-04-06 14:53:00,2011-12-07 12:26:00,244
17043.0,32,4,1735.18,433.8,100,2011-03-18 14:53:00,2011-11-07 15:33:00,234
17044.0,25,1,948.48,948.48,6,2011-11-14 14:28:00,2011-11-14 14:28:00,1
17045.0,113,3,339.44,113.15,20,2011-04-06 12:08:00,2011-08-18 17:09:00,134
17046.0,157,1,642.02,642.02,22,2011-07-05 14:24:00,2011-07-05 14:24:00,1
17047.0,85,3,1100.9,366.97,59,2011-05-18 16:50:00,2011-09-15 13:27:00,119
17048.0,118,3,925.35,308.45,41,2011-01-12 16:51:00,2011-08-14 11:49:00,213
17049.0,3,9,5659.98,628.89,202,2011-03-09 08:33:00,2011-12-07 10:48:00,273
17050.0,96,6,3228.84,538.14,169,2011-02-13 12:41:00,2011-09-04 13:48:00,203
17051.0,194,1,247.14,247.14,40,2011-05-29 14:13:00,2011-05-29 14:13:00,1
17052.0,28,1,413.75,413.75,72,2011-11-11 14:50:00,2011-11-11 14:50:00,1
17053.0,131,1,498.48,498.48,13,2011-08-01 10:23:00,2011-08-01 10:23:00,1
17054.0,28,5,1356.33,271.27,65,2011-04-08 13:14:00,2011-11-11 12:56:00,216
17058.0,82,3,1179.89,393.3,51,2011-04-14 09:18:00,2011-09-19 10:13:00,158
17059.0,30,5,3095.04,619.01,297,2010-12-05 12:35:00,2011-11-10 12:27:00,339
17060.0,266,1,234.24,234.24,5,2011-03-18 13:27:00,2011-03-18 13:27:00,1
17061.0,74,11,5232.23,475.66,57,2011-04-21 13:29:00,2011-09-27 11:24:00,158
17062.0,314,4,538.37,134.59,52,2010-12-05 11:59:00,2011-01-30 11:01:00,55
17063.0,21,7,1461.14,208.73,67,2011-02-23 13:44:00,2011-11-18 16:19:00,268
17064.0,59,3,859.35,286.45,53,2011-01-16 16:10:00,2011-10-12 10:18:00,268
17068.0,12,21,4552.14,216.77,118,2010-12-06 13:58:00,2011-11-27 13:14:00,355
17069.0,28,9,2709.7,301.08,113,2010-12-01 16:49:00,2011-11-11 17:13:00,345
17070.0,114,1,312.14,312.14,62,2011-08-17 17:01:00,2011-08-17 17:01:00,1
17071.0,28,9,2429.03,269.89,103,2011-02-03 08:18:00,2011-11-11 16:31:00,281
17073.0,18,4,1446.09,361.52,142,2011-08-22 14:37:00,2011-11-22 11:47:00,91
17075.0,18,4,834.12,208.53,65,2011-01-26 13:20:00,2011-11-22 11:58:00,299
17076.0,36,3,841.08,280.36,18,2010-12-10 10:08:00,2011-11-03 17:53:00,328
17078.0,36,2,378.2,189.1,28,2011-11-03 18:49:00,2011-11-03 19:17:00,1
17079.0,78,1,118.8,118.8,2,2011-09-22 15:34:00,2011-09-22 15:34:00,1
17080.0,22,2,287.62,143.81,8,2011-03-15 12:05:00,2011-11-17 12:59:00,247
17081.0,25,2,290.16,145.08,55,2011-10-24 13:08:00,2011-11-14 12:56:00,20
17082.0,33,2,2003.85,1001.92,76,2011-01-25 14:36:00,2011-11-06 15:17:00,285
17083.0,109,3,1405.78,468.59,28,2011-02-09 11:38:00,2011-08-22 15:43:00,194
17084.0,35,2,2949.75,1474.88,146,2011-11-04 14:49:00,2011-11-04 14:54:00,1
17085.0,123,5,1566.65,313.33,115,2010-12-12 12:24:00,2011-08-08 14:15:00,239
17086.0,7,6,2050.08,341.68,76,2011-10-07 11:22:00,2011-12-02 13:54:00,56
17088.0,28,4,1991.01,497.75,98,2011-03-31 09:48:00,2011-11-11 14:23:00,225
17090.0,4,7,2043.95,291.99,45,2010-12-20 13:52:00,2011-12-05 13:44:00,349
17091.0,3,9,3827.76,425.31,120,2010-12-07 09:55:00,2011-12-07 10:43:00,365
17092.0,50,4,1777.78,444.45,99,2011-03-07 14:51:00,2011-10-20 19:51:00,227
17094.0,322,1,302.0,302.0,14,2011-01-21 13:09:00,2011-01-21 13:09:00,1
17095.0,23,3,1324.16,441.39,69,2011-01-09 11:05:00,2011-11-17 12:21:00,312
17096.0,15,4,1022.13,255.53,46,2011-03-23 12:05:00,2011-11-24 15:01:00,246
17100.0,18,2,971.74,485.87,65,2011-11-21 16:36:00,2011-11-21 16:36:00,1
17101.0,10,4,1621.73,405.43,29,2011-06-14 14:49:00,2011-11-29 13:57:00,167
17102.0,262,1,25.5,25.5,1,2011-03-23 10:08:00,2011-03-23 10:08:00,1
17105.0,159,2,665.78,332.89,80,2011-02-06 14:46:00,2011-07-03 15:53:00,147
17107.0,33,6,10815.43,1802.57,272,2011-03-06 15:17:00,2011-11-06 14:14:00,244
17109.0,29,6,885.04,147.51,107,2011-04-21 15:46:00,2011-11-10 16:59:00,203
17110.0,165,1,163.3,163.3,12,2011-06-27 12:58:00,2011-06-27 12:58:00,1
17111.0,47,1,248.61,248.61,29,2011-10-23 15:59:00,2011-10-23 15:59:00,1
17114.0,6,8,808.62,101.08,86,2011-01-09 11:39:00,2011-12-04 12:17:00,329
17115.0,8,3,837.5,279.17,33,2011-04-20 14:46:00,2011-12-01 14:30:00,224
17117.0,288,1,116.2,116.2,9,2011-02-24 13:54:00,2011-02-24 13:54:00,1
17118.0,318,1,157.02,157.02,10,2011-01-26 12:19:00,2011-01-26 12:19:00,1
17119.0,3,2,606.91,303.46,35,2011-10-11 11:03:00,2011-12-06 14:40:00,56
17120.0,233,1,307.46,307.46,18,2011-04-20 15:21:00,2011-04-20 15:21:00,1
17122.0,119,1,138.32,138.32,7,2011-08-12 14:33:00,2011-08-12 14:33:00,1
17123.0,162,1,345.3,345.3,9,2011-07-01 10:47:00,2011-07-01 10:47:00,1
17124.0,185,1,298.89,298.89,31,2011-06-07 14:02:00,2011-06-07 14:02:00,1
17125.0,50,1,259.35,259.35,34,2011-10-20 14:41:00,2011-10-20 14:41:00,1
17126.0,152,5,1004.75,200.95,187,2010-12-12 11:26:00,2011-07-10 13:52:00,210
17128.0,335,1,157.09,157.09,14,2011-01-09 12:02:00,2011-01-09 12:02:00,1
17131.0,5,5,2463.17,492.63,78,2011-09-25 12:42:00,2011-12-04 12:52:00,70
17133.0,16,7,4892.24,698.89,13,2011-03-18 13:47:00,2011-11-24 12:27:00,250
17134.0,107,2,425.0,212.5,21,2011-03-20 11:56:00,2011-08-25 09:53:00,157
17135.0,16,7,1139.73,162.82,35,2010-12-03 09:31:00,2011-11-23 16:48:00,355
17138.0,276,1,380.5,380.5,24,2011-03-09 11:54:00,2011-03-09 11:54:00,1
17139.0,16,12,10668.47,889.04,313,2011-02-24 09:32:00,2011-11-24 10:12:00,273
17140.0,247,1,465.32,465.32,16,2011-04-06 13:33:00,2011-04-06 13:33:00,1
17142.0,239,1,579.0,579.0,15,2011-04-14 18:22:00,2011-04-14 18:22:00,1
17144.0,1,2,984.57,492.28,42,2011-09-16 12:50:00,2011-12-08 17:57:00,83
17146.0,106,3,749.78,249.93,33,2010-12-16 12:20:00,2011-08-26 12:44:00,253
17147.0,23,4,1714.59,428.65,68,2011-02-01 09:36:00,2011-11-17 12:32:00,289
17148.0,52,1,124.88,124.88,9,2011-10-19 09:59:00,2011-10-19 09:59:00,1
17152.0,195,3,1689.5,563.17,9,2011-03-21 16:20:00,2011-05-29 12:19:00,68
17153.0,24,1,213.78,213.78,14,2011-11-15 13:42:00,2011-11-15 13:42:00,1
17154.0,75,1,329.34,329.34,23,2011-09-25 13:42:00,2011-09-25 13:42:00,1
17155.0,18,2,251.7,125.85,19,2011-06-15 10:22:00,2011-11-22 12:38:00,160
17157.0,8,2,319.0,159.5,11,2011-06-16 15:08:00,2011-12-02 09:10:00,168
17158.0,32,3,1266.97,422.32,53,2010-12-14 13:03:00,2011-11-07 15:15:00,328
17159.0,22,3,1538.88,512.96,97,2011-06-21 09:49:00,2011-11-18 10:52:00,150
17160.0,31,6,3518.03,586.34,113,2011-04-12 12:00:00,2011-11-08 14:05:00,210
17162.0,29,10,1715.46,171.55,82,2011-02-07 12:27:00,2011-11-11 11:34:00,276
17163.0,22,2,293.1,146.55,3,2011-09-22 15:54:00,2011-11-18 08:57:00,56
17164.0,33,7,2467.35,352.48,92,2011-03-11 14:26:00,2011-11-07 09:14:00,240
17165.0,284,1,158.68,158.68,10,2011-02-28 16:39:00,2011-02-28 16:39:00,1
17166.0,39,2,206.34,103.17,11,2011-05-20 08:18:00,2011-11-01 09:46:00,165
17169.0,58,2,835.78,417.89,51,2011-06-09 13:16:00,2011-10-13 10:25:00,125
17171.0,289,1,224.91,224.91,16,2011-02-23 16:37:00,2011-02-23 16:37:00,1
17172.0,79,1,317.76,317.76,15,2011-09-22 09:36:00,2011-09-22 09:36:00,1
17173.0,5,8,3766.6,470.82,36,2011-07-31 15:26:00,2011-12-04 14:40:00,125
17174.0,218,1,59.9,59.9,4,2011-05-06 11:47:00,2011-05-06 11:47:00,1
17175.0,44,4,1443.69,360.92,42,2011-02-16 14:56:00,2011-10-26 15:31:00,252
17176.0,202,1,306.13,306.13,15,2011-05-22 12:41:00,2011-05-22 12:41:00,1
17179.0,178,3,711.79,237.26,61,2010-12-13 14:24:00,2011-06-14 16:48:00,183
17180.0,56,4,796.03,199.01,91,2011-01-27 18:05:00,2011-10-14 15:46:00,259
17181.0,57,2,239.92,119.96,23,2010-12-01 12:38:00,2011-10-13 14:48:00,316
17183.0,8,6,3347.31,557.88,42,2011-08-26 15:25:00,2011-12-02 10:07:00,97
17186.0,47,2,144.0,72.0,1,2011-10-10 12:52:00,2011-10-24 10:20:00,13
17187.0,227,1,203.95,203.95,10,2011-04-27 12:39:00,2011-04-27 12:39:00,1
17188.0,11,7,2474.23,353.46,71,2010-12-12 12:56:00,2011-11-28 13:53:00,351
17189.0,106,2,384.4,192.2,52,2010-12-15 17:28:00,2011-08-25 19:39:00,253
17190.0,59,2,444.74,222.37,19,2011-05-16 15:29:00,2011-10-12 11:33:00,148
17191.0,28,7,2095.13,299.3,163,2010-12-06 14:36:00,2011-11-11 16:58:00,340
17193.0,36,7,1699.3,242.76,18,2011-06-16 10:04:00,2011-11-04 12:47:00,141
17194.0,274,2,262.62,131.31,26,2010-12-14 12:06:00,2011-03-11 12:05:00,86
17197.0,30,1,1013.01,1013.01,29,2011-11-10 10:32:00,2011-11-10 10:32:00,1
17198.0,24,3,692.22,230.74,88,2010-12-03 14:54:00,2011-11-16 10:39:00,347
17201.0,54,1,342.63,342.63,38,2011-10-17 11:55:00,2011-10-17 11:55:00,1
17203.0,36,6,3563.85,593.97,116,2011-10-10 14:37:00,2011-11-04 12:27:00,24
17204.0,175,4,1564.56,391.14,44,2011-03-21 12:42:00,2011-06-17 14:46:00,88
17205.0,54,1,384.08,384.08,13,2011-10-17 12:46:00,2011-10-17 12:46:00,1
17206.0,53,1,204.24,204.24,7,2011-10-17 13:25:00,2011-10-17 13:25:00,1
17211.0,27,8,2317.22,289.65,153,2010-12-05 12:44:00,2011-11-13 12:03:00,342
17212.0,253,1,226.85,226.85,4,2011-03-31 19:42:00,2011-03-31 19:42:00,1
17213.0,40,7,2781.23,397.32,86,2010-12-08 13:03:00,2011-10-30 14:53:00,326
17214.0,60,6,1069.12,178.19,79,2010-12-15 15:14:00,2011-10-10 13:17:00,298
17217.0,234,1,113.5,113.5,9,2011-04-19 17:19:00,2011-04-19 17:19:00,1
17218.0,4,10,1960.72,196.07,146,2010-12-06 15:25:00,2011-12-05 13:52:00,363
17219.0,32,1,114.23,114.23,24,2011-11-08 11:25:00,2011-11-08 11:25:00,1
17220.0,24,14,3198.25,228.45,307,2010-12-10 14:54:00,2011-11-15 13:47:00,339
17221.0,7,2,335.13,167.57,59,2011-11-03 17:39:00,2011-12-02 13:35:00,28
17222.0,65,1,354.15,354.15,27,2011-10-05 13:58:00,2011-10-05 13:58:00,1
17223.0,310,2,426.79,213.4,43,2010-12-06 14:08:00,2011-02-02 15:57:00,58
17226.0,309,1,393.49,393.49,21,2011-02-04 11:52:00,2011-02-04 11:52:00,1
17227.0,19,6,939.32,156.55,28,2010-12-06 11:16:00,2011-11-21 10:51:00,349
17228.0,16,8,1906.09,238.26,145,2010-12-02 16:00:00,2011-11-24 10:24:00,356
17229.0,96,2,318.76,159.38,39,2011-07-20 12:38:00,2011-09-04 13:56:00,46
17230.0,264,8,3638.41,454.8,51,2010-12-15 11:22:00,2011-03-20 16:12:00,95
17231.0,12,10,3174.32,317.43,295,2010-12-13 14:16:00,2011-11-27 15:18:00,349
17232.0,3,2,421.52,210.76,30,2011-11-25 12:24:00,2011-12-07 12:21:00,11
17233.0,35,1,190.88,190.88,25,2011-11-04 14:06:00,2011-11-04 14:06:00,1
17234.0,183,1,149.89,149.89,14,2011-06-10 11:20:00,2011-06-10 11:20:00,1
17235.0,25,2,550.06,275.03,24,2010-12-02 13:38:00,2011-11-14 15:51:00,347
17236.0,13,6,916.13,152.69,88,2010-12-12 11:49:00,2011-11-27 12:00:00,350
17237.0,11,2,314.69,157.34,18,2011-11-17 12:55:00,2011-11-28 15:02:00,11
17238.0,3,17,3744.65,220.27,304,2010-12-03 15:05:00,2011-12-07 11:35:00,368
17239.0,313,1,382.5,382.5,15,2011-01-31 09:41:00,2011-01-31 09:41:00,1
17242.0,108,2,1135.04,567.52,30,2011-06-12 13:04:00,2011-08-23 14:55:00,72
17243.0,1,26,8676.85,333.72,183,2010-12-05 10:03:00,2011-12-08 13:26:00,368
17244.0,53,1,954.9,954.9,31,2011-10-17 15:19:00,2011-10-17 15:19:00,1
17245.0,205,1,171.45,171.45,9,2011-05-19 10:43:00,2011-05-19 10:43:00,1
17247.0,15,1,282.19,282.19,53,2011-11-24 15:21:00,2011-11-24 15:21:00,1
17248.0,120,1,318.65,318.65,68,2011-08-11 13:34:00,2011-08-11 13:34:00,1
17250.0,4,2,384.52,192.26,55,2011-03-23 16:45:00,2011-12-06 12:15:00,257
17251.0,363,1,283.28,283.28,37,2010-12-12 11:06:00,2010-12-12 11:06:00,1
17252.0,117,2,353.86,176.93,86,2011-06-06 16:41:00,2011-08-15 09:45:00,69
17253.0,18,1,178.26,178.26,18,2011-11-21 12:59:00,2011-11-21 12:59:00,1
17254.0,5,2,272.44,136.22,100,2011-11-24 14:09:00,2011-12-05 12:46:00,10
17255.0,41,2,298.41,149.21,69,2011-02-13 15:18:00,2011-10-30 12:18:00,258
17256.0,107,2,240.0,120.0,12,2011-01-31 14:53:00,2011-08-24 13:30:00,204
17259.0,148,2,603.37,301.68,104,2010-12-06 12:55:00,2011-07-14 15:01:00,220
17262.0,52,5,1253.36,250.67,9,2010-12-08 13:30:00,2011-10-18 12:56:00,313
17263.0,208,1,63.44,63.44,23,2011-05-15 14:32:00,2011-05-15 14:32:00,1
17265.0,139,2,562.9,281.45,106,2011-06-12 12:00:00,2011-07-24 10:49:00,41
17266.0,2,3,310.64,103.55,60,2011-07-15 11:57:00,2011-12-07 14:12:00,145
17267.0,127,2,317.62,158.81,37,2011-08-04 17:19:00,2011-08-04 17:22:00,1
17268.0,108,4,763.64,190.91,3,2011-04-08 13:20:00,2011-08-24 10:06:00,137
17272.0,42,4,2148.63,537.16,71,2011-03-22 12:05:00,2011-10-28 16:37:00,220
17274.0,35,1,111.98,111.98,24,2011-11-04 13:16:00,2011-11-04 13:16:00,1
17277.0,228,2,1065.35,532.68,67,2011-01-21 12:37:00,2011-04-26 12:47:00,95
17278.0,241,1,246.04,246.04,15,2011-04-12 13:10:00,2011-04-12 13:10:00,1
17279.0,58,1,187.83,187.83,8,2011-10-13 11:58:00,2011-10-13 11:58:00,1
17282.0,130,3,1703.41,567.8,79,2011-02-13 11:36:00,2011-08-01 14:29:00,169
17284.0,60,6,1652.58,275.43,229,2011-01-07 14:31:00,2011-10-10 14:38:00,276
17286.0,22,1,153.92,153.92,44,2011-11-18 12:47:00,2011-11-18 12:47:00,1
17287.0,26,7,1064.11,152.02,88,2010-12-02 12:22:00,2011-11-13 13:27:00,346
17288.0,9,7,1419.73,202.82,118,2010-12-16 13:33:00,2011-11-30 16:09:00,349
17289.0,32,3,944.41,314.8,86,2011-06-12 13:51:00,2011-11-08 12:01:00,148
17290.0,4,2,525.24,262.62,92,2011-11-23 15:53:00,2011-12-06 12:38:00,12
17291.0,308,1,550.8,550.8,1,2011-02-04 13:04:00,2011-02-04 13:04:00,1
17293.0,8,9,1875.11,208.35,93,2010-12-13 14:55:00,2011-12-01 14:37:00,352
17295.0,29,3,556.95,185.65,53,2011-10-06 12:22:00,2011-11-11 10:49:00,35
17297.0,17,1,131.78,131.78,49,2011-11-22 14:43:00,2011-11-22 14:43:00,1
17298.0,101,2,498.42,249.21,30,2011-08-07 12:21:00,2011-08-30 16:43:00,23
17299.0,12,4,669.11,167.28,50,2011-06-19 16:04:00,2011-11-28 12:01:00,161
17301.0,21,1,197.63,197.63,59,2011-11-18 13:43:00,2011-11-18 13:43:00,1
17302.0,15,5,1135.63,227.13,68,2011-02-07 10:14:00,2011-11-25 09:36:00,290
17303.0,361,1,250.04,250.04,53,2010-12-13 13:32:00,2010-12-13 13:32:00,1
17306.0,11,19,8631.31,454.28,13,2010-12-21 13:34:00,2011-11-29 12:14:00,342
17309.0,95,1,82.75,82.75,11,2011-09-05 15:20:00,2011-09-05 15:20:00,1
17311.0,78,2,1384.85,692.42,55,2011-01-27 10:56:00,2011-09-22 14:11:00,238
17312.0,139,3,644.3,214.77,11,2011-07-03 13:12:00,2011-07-24 11:52:00,20
17313.0,31,1,2328.84,2328.84,24,2011-11-08 15:45:00,2011-11-08 15:45:00,1
17314.0,25,8,2527.92,315.99,120,2011-01-31 11:25:00,2011-11-15 09:41:00,287
17315.0,2,38,6292.26,165.59,257,2010-12-17 12:24:00,2011-12-08 12:15:00,355
17317.0,46,3,2600.34,866.78,8,2011-09-11 12:45:00,2011-10-24 17:19:00,43
17320.0,100,3,1200.62,400.21,58,2010-12-06 15:38:00,2011-08-31 13:31:00,267
17321.0,8,2,700.86,350.43,94,2011-10-03 11:34:00,2011-12-01 13:41:00,59
17323.0,15,7,921.07,131.58,127,2011-02-20 14:38:00,2011-11-24 17:29:00,277
17324.0,18,4,990.23,247.56,43,2010-12-08 12:45:00,2011-11-22 10:34:00,348
17325.0,280,1,96.8,96.8,6,2011-03-04 13:09:00,2011-03-04 13:09:00,1
17329.0,14,2,523.11,261.56,30,2011-01-28 15:29:00,2011-11-25 14:24:00,300
17330.0,23,2,363.9,181.95,5,2011-10-03 11:26:00,2011-11-17 08:56:00,44
17331.0,124,1,175.2,175.2,1,2011-08-08 11:55:00,2011-08-08 11:55:00,1
17333.0,86,1,494.25,494.25,28,2011-09-15 10:11:00,2011-09-15 10:11:00,1
17334.0,302,2,307.02,153.51,11,2011-02-04 09:03:00,2011-02-10 14:59:00,6
17337.0,151,4,2027.87,506.97,418,2011-02-02 17:06:00,2011-07-11 14:55:00,158
17338.0,17,8,6643.93,830.49,389,2010-12-13 12:57:00,2011-11-22 14:23:00,344
17339.0,94,2,243.36,121.68,9,2010-12-09 14:44:00,2011-09-06 13:29:00,270
17340.0,30,11,12353.29,1123.03,235,2010-12-08 15:56:00,2011-11-10 10:45:00,336
17341.0,157,3,781.36,260.45,147,2010-12-08 12:46:00,2011-07-06 12:33:00,209
17343.0,355,1,193.64,193.64,17,2010-12-19 15:07:00,2010-12-19 15:07:00,1
17344.0,46,1,160.57,160.57,31,2011-10-24 12:56:00,2011-10-24 12:56:00,1
17345.0,15,4,537.74,134.44,70,2011-05-27 12:26:00,2011-11-24 15:03:00,181
17346.0,4,15,2676.56,178.44,302,2010-12-01 14:34:00,2011-12-06 12:18:00,369
17347.0,86,1,228.96,228.96,1,2011-09-14 13:12:00,2011-09-14 13:12:00,1
17348.0,15,5,1159.52,231.9,180,2011-02-15 10:49:00,2011-11-25 11:25:00,283
17349.0,179,1,110.75,110.75,8,2011-06-13 14:29:00,2011-06-13 14:29:00,1
17350.0,8,4,1286.07,321.52,66,2011-10-19 16:05:00,2011-12-01 15:47:00,42
17351.0,36,3,587.15,195.72,22,2011-03-11 16:05:00,2011-11-03 18:45:00,237
17353.0,129,2,1740.0,870.0,5,2011-07-08 16:17:00,2011-08-02 17:19:00,25
17354.0,51,1,1393.06,1393.06,15,2011-10-20 10:34:00,2011-10-20 10:34:00,1
17356.0,312,1,178.22,178.22,19,2011-02-01 11:07:00,2011-02-01 11:07:00,1
17357.0,24,2,388.14,194.07,41,2011-11-15 16:29:00,2011-11-15 16:30:00,1
17358.0,303,2,365.85,182.92,54,2010-12-19 14:16:00,2011-02-09 16:57:00,52
17359.0,11,1,127.86,127.86,13,2011-11-28 14:37:00,2011-11-28 14:37:00,1
17360.0,17,3,585.79,195.26,113,2011-06-08 17:09:00,2011-11-22 13:11:00,166
17361.0,49,3,488.2,162.73,26,2011-02-21 09:55:00,2011-10-21 15:43:00,242
17362.0,239,2,312.23,156.11,30,2011-02-03 10:26:00,2011-04-14 14:43:00,70
17364.0,1,11,4481.18,407.38,288,2011-01-12 16:57:00,2011-12-09 09:00:00,330
17365.0,13,8,4801.56,600.19,278,2011-01-11 12:11:00,2011-11-27 12:13:00,320
17367.0,238,1,168.4,168.4,33,2011-04-15 14:21:00,2011-04-15 14:21:00,1
17368.0,23,8,1912.67,239.08,93,2011-01-06 11:57:00,2011-11-16 15:26:00,314
17370.0,73,4,446.18,111.54,31,2011-06-23 11:50:00,2011-09-28 10:14:00,96
17371.0,17,3,423.89,141.3,83,2010-12-13 15:20:00,2011-11-22 13:30:00,343
17372.0,41,8,1342.68,167.84,215,2010-12-12 12:00:00,2011-10-30 11:37:00,321
17373.0,40,4,646.92,161.73,47,2011-01-31 11:46:00,2011-10-30 15:28:00,272
17374.0,219,2,495.77,247.88,24,2011-03-03 12:53:00,2011-05-05 09:05:00,62
17375.0,199,3,400.1,133.37,63,2010-12-13 15:16:00,2011-05-24 15:45:00,162
17376.0,71,2,203.2,101.6,23,2011-02-01 14:12:00,2011-09-30 12:36:00,240
17377.0,24,20,4100.92,205.05,190,2010-12-01 12:35:00,2011-11-16 11:17:00,349
17379.0,11,1,404.66,404.66,71,2011-11-28 13:56:00,2011-11-28 13:56:00,1
17381.0,9,29,20275.61,699.16,40,2010-12-02 12:58:00,2011-12-01 11:59:00,363
17382.0,65,1,65.4,65.4,2,2011-10-05 13:05:00,2011-10-05 13:05:00,1
17383.0,4,1,199.29,199.29,49,2011-12-05 17:36:00,2011-12-05 17:36:00,1
17384.0,19,2,336.4,168.2,12,2011-05-04 16:07:00,2011-11-20 15:48:00,199
17385.0,15,1,261.11,261.11,42,2011-11-25 11:02:00,2011-11-25 11:02:00,1
17386.0,8,6,2686.42,447.74,23,2011-06-27 12:11:00,2011-12-02 11:28:00,157
17387.0,20,2,784.11,392.05,71,2011-11-06 11:25:00,2011-11-20 11:00:00,13
17388.0,78,4,1259.56,314.89,13,2011-02-25 12:28:00,2011-09-23 10:31:00,209
17389.0,1,34,31833.68,936.28,45,2011-01-12 15:48:00,2011-12-09 09:38:00,330
17391.0,164,2,508.8,254.4,2,2011-06-28 12:21:00,2011-06-29 09:58:00,1
17392.0,307,2,457.91,228.96,53,2010-12-16 19:04:00,2011-02-06 12:48:00,51
17394.0,219,1,203.87,203.87,4,2011-05-04 13:22:00,2011-05-04 13:22:00,1
17396.0,39,8,7330.8,916.35,24,2010-12-03 09:45:00,2011-10-31 14:12:00,332
17397.0,22,2,696.41,348.21,88,2011-11-17 13:58:00,2011-11-17 14:08:00,1
17398.0,115,3,653.38,217.79,30,2011-03-29 13:04:00,2011-08-17 09:48:00,140
17400.0,126,5,2129.96,425.99,175,2010-12-21 17:16:00,2011-08-05 15:38:00,226
17402.0,5,13,2633.85,202.6,33,2010-12-05 13:53:00,2011-12-05 10:15:00,364
17403.0,36,1,281.62,281.62,32,2011-11-03 15:18:00,2011-11-03 15:18:00,1
17405.0,1,3,1031.41,343.8,77,2011-07-12 14:17:00,2011-12-08 17:12:00,149
17406.0,333,3,2200.42,733.47,99,2010-12-08 10:35:00,2011-01-10 15:07:00,33
17408.0,163,1,32.65,32.65,2,2011-06-29 12:53:00,2011-06-29 12:53:00,1
17409.0,185,2,771.85,385.92,13,2011-04-05 16:42:00,2011-06-08 10:36:00,63
17410.0,16,5,1214.72,242.94,58,2011-05-08 15:21:00,2011-11-23 15:46:00,199
17411.0,12,3,778.94,259.65,39,2011-03-23 13:44:00,2011-11-27 14:25:00,249
17412.0,3,7,1258.06,179.72,50,2010-12-02 16:29:00,2011-12-07 11:36:00,369
17414.0,44,2,778.0,389.0,5,2011-06-08 11:43:00,2011-10-27 12:13:00,141
17415.0,79,1,507.84,507.84,14,2011-09-21 12:50:00,2011-09-21 12:50:00,1
17416.0,30,7,6893.42,984.77,187,2011-03-03 13:45:00,2011-11-10 12:47:00,251
17418.0,42,2,463.46,231.73,29,2011-01-20 11:39:00,2011-10-28 13:00:00,281
17419.0,11,12,4226.57,352.21,155,2010-12-07 15:03:00,2011-11-28 13:47:00,355
17420.0,50,3,598.83,199.61,28,2010-12-01 09:56:00,2011-10-20 14:52:00,323
17422.0,16,6,1979.37,329.9,93,2011-02-16 14:44:00,2011-11-23 13:27:00,279
17423.0,46,2,698.41,349.2,26,2011-05-06 09:14:00,2011-10-24 13:36:00,171
17425.0,19,2,759.17,379.58,42,2011-10-10 11:37:00,2011-11-20 15:30:00,41
17426.0,8,6,5037.26,839.54,181,2011-03-02 16:34:00,2011-12-01 18:07:00,274
17427.0,72,1,100.8,100.8,2,2011-09-29 11:29:00,2011-09-29 11:29:00,1
17428.0,1,28,17256.85,616.32,258,2010-12-06 09:37:00,2011-12-09 09:45:00,368
17429.0,128,3,524.92,174.97,36,2011-05-05 09:53:00,2011-08-03 13:22:00,90
17430.0,33,2,265.76,132.88,14,2010-12-09 13:05:00,2011-11-07 09:24:00,332
17431.0,313,1,403.3,403.3,41,2011-01-30 14:36:00,2011-01-30 14:36:00,1
17432.0,18,2,365.76,182.88,45,2011-11-02 17:30:00,2011-11-21 17:33:00,19
17433.0,88,1,303.16,303.16,53,2011-09-12 14:24:00,2011-09-12 14:24:00,1
17434.0,2,7,2373.82,339.12,100,2011-09-15 13:54:00,2011-12-07 13:16:00,82
17436.0,2,2,216.3,108.15,7,2011-04-27 11:33:00,2011-12-08 12:30:00,225
17438.0,254,1,388.45,388.45,17,2011-03-31 10:26:00,2011-03-31 10:26:00,1
17440.0,157,3,186.42,62.14,3,2011-04-06 12:05:00,2011-07-06 11:54:00,90
17442.0,37,6,2248.56,374.76,98,2011-02-22 13:02:00,2011-11-03 09:17:00,253
17446.0,177,2,120.9,60.45,6,2011-02-02 14:40:00,2011-06-16 10:42:00,133
17447.0,40,2,541.53,270.76,33,2011-09-29 10:10:00,2011-10-30 14:18:00,31
17449.0,2,7,2520.86,360.12,178,2010-12-15 10:57:00,2011-12-07 16:56:00,357
17450.0,8,46,194550.79,4229.36,125,2010-12-07 09:23:00,2011-12-01 13:29:00,359
17451.0,1,7,1721.4,245.91,84,2011-08-26 11:54:00,2011-12-08 15:02:00,104
17453.0,18,2,486.72,243.36,19,2011-10-06 17:02:00,2011-11-22 09:42:00,46
17454.0,192,4,517.53,129.38,57,2010-12-15 10:54:00,2011-05-31 13:58:00,167
17455.0,204,1,131.7,131.7,8,2011-05-20 12:31:00,2011-05-20 12:31:00,1
17456.0,365,1,249.86,249.86,17,2010-12-09 15:23:00,2010-12-09 15:23:00,1
17457.0,127,5,1737.7,347.54,14,2011-01-04 14:33:00,2011-08-05 12:48:00,212
17458.0,15,1,316.5,316.5,52,2011-11-24 13:01:00,2011-11-24 13:01:00,1
17459.0,43,2,657.3,328.65,88,2011-10-10 17:00:00,2011-10-27 13:25:00,16
17460.0,94,6,622.43,103.74,18,2010-12-01 16:24:00,2011-09-06 15:04:00,278
17461.0,23,3,757.46,252.49,104,2011-11-10 12:01:00,2011-11-17 10:21:00,6
17462.0,60,2,675.69,337.84,25,2011-02-28 17:01:00,2011-10-10 13:56:00,223
17463.0,16,5,1896.41,379.28,165,2011-01-30 15:48:00,2011-11-23 13:40:00,296
17464.0,158,1,289.96,289.96,9,2011-07-04 13:19:00,2011-07-04 13:19:00,1
17466.0,10,2,763.28,381.64,41,2011-09-22 09:16:00,2011-11-29 13:15:00,68
17468.0,10,2,137.0,68.5,5,2011-11-25 12:52:00,2011-11-29 15:33:00,4
17469.0,16,5,1870.97,374.19,63,2011-05-19 08:55:00,2011-11-23 13:15:00,188
17470.0,45,5,1125.07,225.01,67,2010-12-07 09:57:00,2011-10-26 12:42:00,323
17472.0,191,3,710.29,236.76,142,2011-02-13 14:40:00,2011-06-01 14:57:00,108
17475.0,79,1,194.37,194.37,14,2011-09-21 14:55:00,2011-09-21 14:55:00,1
17480.0,78,1,511.82,511.82,29,2011-09-23 11:39:00,2011-09-23 11:39:00,1
17481.0,4,4,1255.59,313.9,69,2011-09-07 09:57:00,2011-12-06 12:28:00,90
17483.0,65,3,414.04,138.01,18,2011-06-09 19:40:00,2011-10-05 13:10:00,117
17486.0,261,1,396.87,396.87,24,2011-03-23 14:00:00,2011-03-23 14:00:00,1
17489.0,59,2,376.64,188.32,28,2011-05-11 11:34:00,2011-10-12 08:56:00,153
17490.0,1,7,2092.32,298.9,63,2011-06-16 09:15:00,2011-12-09 09:08:00,175
17491.0,1,10,3558.87,355.89,76,2010-12-07 12:18:00,2011-12-08 16:18:00,366
17492.0,248,1,374.57,374.57,12,2011-04-05 15:21:00,2011-04-05 15:21:00,1
17495.0,8,2,497.56,248.78,21,2011-11-01 12:06:00,2011-12-02 12:08:00,31
17496.0,359,1,271.05,271.05,10,2010-12-16 08:39:00,2010-12-16 08:39:00,1
17498.0,76,1,272.22,272.22,17,2011-09-25 12:25:00,2011-09-25 12:25:00,1
17499.0,290,1,622.88,622.88,40,2011-02-23 09:14:00,2011-02-23 09:14:00,1
17500.0,17,3,1138.0,379.33,3,2011-11-10 09:08:00,2011-11-22 14:25:00,12
17501.0,221,2,288.6,144.3,18,2011-05-03 09:46:00,2011-05-03 09:47:00,1
17502.0,9,4,689.1,172.27,25,2011-11-10 16:39:00,2011-11-30 13:13:00,19
17503.0,3,2,558.96,279.48,36,2011-11-01 11:12:00,2011-12-07 09:18:00,35
17504.0,206,9,2997.03,333.0,112,2011-01-21 11:09:00,2011-05-17 12:59:00,116
17505.0,161,2,1145.84,572.92,48,2011-05-18 09:01:00,2011-07-01 12:50:00,44
17506.0,76,1,302.2,302.2,14,2011-09-25 11:39:00,2011-09-25 11:39:00,1
17507.0,262,2,605.58,302.79,78,2011-02-03 18:08:00,2011-03-23 11:48:00,47
17509.0,58,8,6115.14,764.39,75,2011-10-07 13:14:00,2011-10-13 10:26:00,5
17510.0,25,1,308.48,308.48,20,2011-11-15 10:00:00,2011-11-15 10:00:00,1
17511.0,3,31,91062.38,2937.5,465,2010-12-01 10:19:00,2011-12-07 10:12:00,370
17512.0,29,10,2924.99,292.5,61,2011-02-11 12:22:00,2011-11-11 12:11:00,272
17513.0,72,1,513.2,513.2,6,2011-09-28 16:42:00,2011-09-28 16:42:00,1
17514.0,128,1,208.65,208.65,40,2011-08-03 15:45:00,2011-08-03 15:45:00,1
17515.0,31,4,639.02,159.76,49,2011-01-25 14:33:00,2011-11-08 14:04:00,286
17516.0,15,5,768.08,153.62,113,2011-02-27 12:41:00,2011-11-24 16:51:00,270
17517.0,309,1,153.94,153.94,11,2011-02-04 11:48:00,2011-02-04 11:48:00,1
17519.0,17,6,1844.02,307.34,60,2010-12-06 15:18:00,2011-11-22 16:43:00,351
17520.0,54,1,546.81,546.81,30,2011-10-17 12:04:00,2011-10-17 12:04:00,1
17521.0,30,3,723.21,241.07,38,2011-05-24 15:14:00,2011-11-10 11:22:00,169
17522.0,2,5,1070.71,214.14,59,2011-05-05 16:31:00,2011-12-08 12:31:00,216
17523.0,11,4,652.74,163.18,25,2011-11-20 13:40:00,2011-11-28 13:20:00,7
17524.0,361,1,145.0,145.0,6,2010-12-13 14:32:00,2010-12-13 14:32:00,1
17525.0,360,1,422.7,422.7,9,2010-12-15 12:05:00,2010-12-15 12:05:00,1
17526.0,5,4,1195.9,298.98,17,2010-12-09 12:20:00,2011-12-05 11:05:00,360
17527.0,54,4,939.37,234.84,45,2011-05-05 13:43:00,2011-10-17 12:32:00,164
17528.0,1,8,3628.5,453.56,183,2011-09-29 13:04:00,2011-12-08 13:27:00,70
17530.0,1,10,2385.0,238.5,308,2010-12-09 20:01:00,2011-12-08 18:42:00,363
17531.0,190,1,296.7,296.7,14,2011-06-02 19:17:00,2011-06-02 19:17:00,1
17534.0,54,1,223.36,223.36,9,2011-10-17 12:47:00,2011-10-17 12:47:00,1
17535.0,280,1,164.4,164.4,13,2011-03-04 15:20:00,2011-03-04 15:20:00,1
17536.0,177,1,76.5,76.5,3,2011-06-15 13:23:00,2011-06-15 13:23:00,1
17537.0,30,2,897.62,448.81,74,2011-02-09 13:37:00,2011-11-10 10:56:00,273
17538.0,26,1,98.42,98.42,9,2011-11-14 12:12:00,2011-11-14 12:12:00,1
17540.0,25,2,578.9,289.45,20,2011-01-27 14:35:00,2011-11-15 11:56:00,291
17542.0,270,1,170.75,170.75,24,2011-03-15 11:45:00,2011-03-15 11:45:00,1
17545.0,43,3,645.96,215.32,122,2011-10-27 13:48:00,2011-10-27 14:04:00,1
17548.0,234,1,103.3,103.3,5,2011-04-20 12:01:00,2011-04-20 12:01:00,1
17549.0,24,2,148.86,74.43,5,2011-10-19 10:05:00,2011-11-16 09:59:00,27
17550.0,197,3,267.16,89.05,42,2011-04-10 15:19:00,2011-05-26 14:09:00,45
17551.0,359,1,306.84,306.84,39,2010-12-15 14:12:00,2010-12-15 14:12:00,1
17552.0,60,4,930.41,232.6,43,2010-12-02 18:45:00,2011-10-10 17:00:00,311
17553.0,130,1,1487.6,1487.6,2,2011-08-02 10:00:00,2011-08-02 10:00:00,1
17554.0,1,5,1952.45,390.49,58,2011-07-14 20:01:00,2011-12-08 14:15:00,146
17555.0,20,2,483.26,241.63,101,2011-01-09 12:31:00,2011-11-20 12:22:00,314
17556.0,206,1,157.9,157.9,6,2011-05-18 10:48:00,2011-05-18 10:48:00,1
17557.0,14,3,541.46,180.49,27,2011-09-19 14:23:00,2011-11-25 12:57:00,66
17560.0,95,4,854.95,213.74,22,2011-02-02 11:14:00,2011-09-06 09:18:00,215
17561.0,19,1,167.62,167.62,44,2011-11-20 12:53:00,2011-11-20 12:53:00,1
17562.0,14,7,1122.38,160.34,49,2011-06-19 13:06:00,2011-11-25 14:21:00,159
17564.0,24,3,454.01,151.34,38,2011-09-20 14:00:00,2011-11-15 13:27:00,55
17566.0,8,2,901.21,450.6,113,2011-11-14 13:42:00,2011-12-01 19:54:00,17
17567.0,7,8,4331.48,541.43,110,2010-12-02 15:18:00,2011-12-02 15:48:00,365
17569.0,332,1,344.14,344.14,29,2011-01-11 14:15:00,2011-01-11 14:15:00,1
17571.0,50,4,1498.51,374.63,247,2011-02-14 15:15:00,2011-10-20 15:57:00,248
17572.0,71,4,226.75,56.69,7,2010-12-01 12:51:00,2011-09-29 17:53:00,302
17573.0,29,3,380.6,126.87,24,2011-09-07 10:36:00,2011-11-10 13:01:00,64
17574.0,243,1,185.65,185.65,8,2011-04-11 09:47:00,2011-04-11 09:47:00,1
17576.0,8,19,3622.68,190.67,244,2010-12-09 16:57:00,2011-12-01 17:56:00,357
17578.0,218,1,143.46,143.46,5,2011-05-05 18:38:00,2011-05-05 18:38:00,1
17579.0,5,3,448.9,149.63,46,2011-06-13 14:12:00,2011-12-05 12:28:00,174
17580.0,253,3,215.72,71.91,43,2010-12-16 15:27:00,2011-04-01 12:41:00,105
17581.0,1,25,11045.04,441.8,236,2010-12-02 14:47:00,2011-12-09 12:21:00,371
17582.0,236,1,175.27,175.27,28,2011-04-17 13:18:00,2011-04-17 13:18:00,1
17584.0,7,2,1242.3,621.15,30,2011-08-04 14:12:00,2011-12-02 17:12:00,120
17585.0,109,4,1133.07,283.27,176,2011-01-05 15:09:00,2011-08-22 13:30:00,228
17588.0,100,3,1240.2,413.4,20,2011-04-21 10:31:00,2011-08-31 13:37:00,132
17589.0,60,4,2404.17,601.04,173,2011-04-13 13:47:00,2011-10-10 16:58:00,180
17590.0,2,3,1479.22,493.07,162,2011-10-30 14:05:00,2011-12-07 12:55:00,37
17591.0,73,7,2225.97,318.0,81,2010-12-07 15:39:00,2011-09-27 13:42:00,293
17593.0,4,5,3927.34,785.47,191,2010-12-22 10:29:00,2011-12-06 10:30:00,349
17594.0,85,2,993.18,496.59,42,2011-03-30 10:32:00,2011-09-15 16:34:00,169
17595.0,12,2,388.79,194.4,68,2011-11-02 16:19:00,2011-11-27 16:08:00,24
17596.0,23,7,2827.93,403.99,168,2010-12-06 12:34:00,2011-11-16 14:11:00,345
17597.0,214,1,2044.37,2044.37,55,2011-05-10 11:54:00,2011-05-10 11:54:00,1
17600.0,18,1,161.67,161.67,13,2011-11-22 09:43:00,2011-11-22 09:43:00,1
17601.0,239,1,116.01,116.01,9,2011-04-14 18:02:00,2011-04-14 18:02:00,1
17602.0,2,6,5102.97,850.5,335,2011-01-19 16:18:00,2011-12-07 13:53:00,321
17603.0,78,1,394.72,394.72,11,2011-09-22 14:18:00,2011-09-22 14:18:00,1
17604.0,217,2,309.36,154.68,57,2011-01-31 15:09:00,2011-05-06 13:43:00,94
17608.0,33,2,193.42,96.71,54,2011-11-06 13:00:00,2011-11-06 13:06:00,1
17609.0,41,5,1112.22,222.44,200,2011-01-16 16:23:00,2011-10-30 12:28:00,286
17611.0,7,15,3984.22,265.61,441,2010-12-13 13:52:00,2011-12-02 13:29:00,353
17612.0,53,6,2048.45,341.41,118,2011-02-15 10:40:00,2011-10-17 14:59:00,244
17613.0,23,14,4559.15,325.65,211,2011-02-07 11:20:00,2011-11-17 10:51:00,282
17614.0,57,1,390.07,390.07,97,2011-10-13 16:01:00,2011-10-13 16:01:00,1
17615.0,130,3,329.6,109.87,13,2011-05-01 15:33:00,2011-08-01 14:06:00,91
17616.0,174,3,571.2,190.4,1,2010-12-07 10:04:00,2011-06-19 10:11:00,194
17618.0,6,3,971.58,323.86,56,2010-12-12 16:05:00,2011-12-04 11:50:00,356
17619.0,312,1,218.52,218.52,71,2011-01-31 14:18:00,2011-01-31 14:18:00,1
17620.0,60,1,81.44,81.44,4,2011-10-11 12:08:00,2011-10-11 12:08:00,1
17621.0,21,3,1379.9,459.97,24,2010-12-20 13:31:00,2011-11-18 17:11:00,333
17623.0,33,1,527.05,527.05,33,2011-11-07 11:32:00,2011-11-07 11:32:00,1
17624.0,15,2,843.48,421.74,49,2011-05-05 17:59:00,2011-11-25 10:52:00,203
17625.0,18,4,2047.0,511.75,223,2011-03-27 12:21:00,2011-11-21 13:36:00,239
17628.0,81,1,75.75,75.75,5,2011-09-19 15:21:00,2011-09-19 15:21:00,1
17629.0,6,8,1814.12,226.76,106,2010-12-15 09:58:00,2011-12-04 10:56:00,354
17630.0,170,2,503.6,251.8,24,2011-04-21 14:03:00,2011-06-23 11:58:00,62
17631.0,2,3,528.33,176.11,39,2011-04-21 13:22:00,2011-12-08 09:47:00,230
17633.0,31,4,1324.84,331.21,59,2011-08-11 15:43:00,2011-11-08 13:25:00,88
17634.0,36,9,2361.97,262.44,209,2011-01-06 12:45:00,2011-11-03 13:09:00,301
17636.0,19,1,285.56,285.56,20,2011-11-20 14:40:00,2011-11-20 14:40:00,1
17637.0,31,2,547.06,273.53,35,2011-08-16 13:25:00,2011-11-08 12:51:00,83
17639.0,276,1,108.5,108.5,7,2011-03-08 15:22:00,2011-03-08 15:22:00,1
17640.0,87,1,621.66,621.66,5,2011-09-14 09:13:00,2011-09-14 09:13:00,1
17642.0,120,2,712.29,356.14,35,2011-06-16 12:55:00,2011-08-12 09:11:00,56
17643.0,373,1,101.55,101.55,8,2010-12-01 14:38:00,2010-12-01 14:38:00,1
17644.0,1,11,2895.64,263.24,105,2011-03-24 09:44:00,2011-12-08 13:43:00,259
17646.0,219,3,1008.39,336.13,46,2010-12-09 14:28:00,2011-05-04 13:17:00,145
17647.0,65,1,133.06,133.06,7,2011-10-05 15:38:00,2011-10-05 15:38:00,1
17648.0,61,4,1797.5,449.38,81,2011-04-04 10:29:00,2011-10-10 09:41:00,188
17649.0,138,1,868.49,868.49,52,2011-07-24 15:53:00,2011-07-24 15:53:00,1
17650.0,21,1,166.08,166.08,8,2011-11-18 14:52:00,2011-11-18 14:52:00,1
17651.0,12,10,3945.0,394.5,151,2011-06-15 15:57:00,2011-11-28 10:29:00,165
17652.0,25,12,4867.72,405.64,121,2011-03-03 14:05:00,2011-11-14 12:55:00,255
17653.0,37,4,1207.56,301.89,44,2011-08-11 15:24:00,2011-11-03 12:46:00,83
17654.0,277,1,117.55,117.55,22,2011-03-07 13:17:00,2011-03-07 13:17:00,1
17655.0,11,7,2638.94,376.99,66,2010-12-08 16:45:00,2011-11-29 11:34:00,355
17656.0,73,5,1674.69,334.94,68,2011-08-03 10:45:00,2011-09-27 13:04:00,55
17658.0,26,2,595.42,297.71,17,2011-05-12 15:23:00,2011-11-14 12:07:00,185
17659.0,17,12,2999.46,249.96,127,2010-12-02 16:46:00,2011-11-22 13:29:00,354
17660.0,141,1,196.0,196.0,37,2011-07-21 13:37:00,2011-07-21 13:37:00,1
17663.0,26,7,1802.91,257.56,63,2011-02-25 14:11:00,2011-11-14 08:56:00,261
17664.0,19,2,604.64,302.32,41,2011-05-11 14:17:00,2011-11-21 11:29:00,193
17666.0,4,2,728.16,364.08,14,2011-10-05 11:06:00,2011-12-06 09:06:00,61
17667.0,66,5,2055.51,411.1,86,2011-02-14 09:24:00,2011-10-04 14:32:00,232
17668.0,1,2,347.75,173.88,14,2011-11-01 14:45:00,2011-12-08 13:25:00,36
17669.0,43,7,3406.72,486.67,47,2011-04-04 10:11:00,2011-10-28 08:53:00,206
17670.0,228,1,205.7,205.7,11,2011-04-26 09:12:00,2011-04-26 09:12:00,1
17671.0,16,4,1572.71,393.18,40,2010-12-09 14:27:00,2011-11-24 12:21:00,349
17672.0,50,2,3178.17,1589.08,105,2011-02-03 13:29:00,2011-10-20 14:18:00,259
17673.0,1,6,1629.12,271.52,117,2011-01-23 15:16:00,2011-12-08 12:50:00,318
17674.0,74,2,551.04,275.52,19,2010-12-06 10:20:00,2011-09-26 13:35:00,294
17675.0,1,31,20374.28,657.23,244,2010-12-07 13:22:00,2011-12-08 18:03:00,366
17676.0,4,6,1387.68,231.28,49,2010-12-08 13:49:00,2011-12-05 15:16:00,362
17677.0,2,30,16363.23,545.44,184,2010-12-06 08:42:00,2011-12-08 09:56:00,367
17678.0,264,1,298.11,298.11,16,2011-03-21 11:52:00,2011-03-21 11:52:00,1
17679.0,53,2,1992.11,996.06,29,2011-09-15 10:35:00,2011-10-18 07:43:00,32
17680.0,24,1,184.4,184.4,11,2011-11-16 12:42:00,2011-11-16 12:42:00,1
17682.0,10,6,2474.33,412.39,49,2010-12-06 13:35:00,2011-11-29 15:59:00,358
17684.0,44,1,239.41,239.41,15,2011-10-27 11:10:00,2011-10-27 11:10:00,1
17685.0,17,7,3191.53,455.93,89,2010-12-02 14:42:00,2011-11-23 11:36:00,355
17686.0,7,7,5739.46,819.92,209,2011-02-10 10:18:00,2011-12-02 15:39:00,295
17690.0,30,15,4757.95,317.2,186,2010-12-01 16:15:00,2011-11-09 15:17:00,342
17691.0,358,2,290.4,145.2,18,2010-12-06 11:10:00,2010-12-16 17:20:00,10
17692.0,127,4,740.94,185.23,34,2010-12-15 13:37:00,2011-08-04 14:01:00,232
17693.0,137,1,200.47,200.47,16,2011-07-25 15:48:00,2011-07-25 15:48:00,1
17694.0,142,1,283.12,283.12,15,2011-07-21 12:00:00,2011-07-21 12:00:00,1
17695.0,132,2,765.34,382.67,29,2011-06-21 12:35:00,2011-07-31 10:40:00,39
17696.0,38,8,2285.71,285.71,78,2010-12-10 09:51:00,2011-11-01 13:43:00,326
17697.0,236,1,338.95,338.95,19,2011-04-17 15:40:00,2011-04-17 15:40:00,1
17698.0,261,1,154.95,154.95,8,2011-03-24 11:34:00,2011-03-24 11:34:00,1
17700.0,17,4,2534.64,633.66,116,2011-03-03 16:34:00,2011-11-23 11:51:00,264
17701.0,253,1,417.95,417.95,24,2011-04-01 12:25:00,2011-04-01 12:25:00,1
17702.0,30,4,1824.37,456.09,59,2011-05-17 16:23:00,2011-11-09 16:03:00,175
17703.0,35,3,798.74,266.25,48,2011-07-24 13:30:00,2011-11-04 15:51:00,103
17704.0,169,2,885.19,442.6,27,2011-04-14 09:28:00,2011-06-24 09:40:00,71
17705.0,3,9,1823.52,202.61,64,2011-02-11 10:57:00,2011-12-06 13:45:00,298
17706.0,4,17,10504.49,617.91,273,2010-12-08 11:02:00,2011-12-05 13:34:00,362
17707.0,185,2,152.4,76.2,3,2011-01-07 13:30:00,2011-06-07 15:03:00,151
17708.0,188,2,267.08,133.54,28,2011-01-19 10:09:00,2011-06-05 10:12:00,137
17709.0,170,1,137.45,137.45,7,2011-06-23 11:55:00,2011-06-23 11:55:00,1
17711.0,11,2,385.1,192.55,22,2011-02-23 11:32:00,2011-11-29 11:40:00,279
17712.0,45,1,522.91,522.91,29,2011-10-26 12:28:00,2011-10-26 12:28:00,1
17714.0,321,1,153.0,153.0,10,2011-01-23 10:32:00,2011-01-23 10:32:00,1
17715.0,201,1,326.4,326.4,1,2011-05-23 12:32:00,2011-05-23 12:32:00,1
17716.0,23,11,5655.99,514.18,172,2011-03-17 10:38:00,2011-11-17 12:00:00,245
17718.0,232,1,139.35,139.35,6,2011-04-21 13:39:00,2011-04-21 13:39:00,1
17719.0,38,15,5396.04,359.74,111,2011-03-29 11:29:00,2011-11-02 10:36:00,217
17720.0,26,4,1195.94,298.98,39,2010-12-07 10:43:00,2011-11-13 15:04:00,341
17722.0,96,4,2424.04,606.01,111,2010-12-08 12:41:00,2011-09-04 15:22:00,270
17723.0,127,6,3276.4,546.07,4,2011-05-09 14:44:00,2011-08-04 18:37:00,87
17724.0,71,3,1033.0,344.33,38,2011-07-24 13:26:00,2011-09-29 15:26:00,67
17725.0,16,11,3439.08,312.64,115,2011-03-17 19:47:00,2011-11-23 16:34:00,250
17727.0,15,1,1060.25,1060.25,66,2011-11-24 17:06:00,2011-11-24 17:06:00,1
17728.0,4,3,2876.01,958.67,154,2011-09-14 11:39:00,2011-12-06 08:52:00,82
17730.0,3,13,5298.48,407.58,130,2011-01-17 14:49:00,2011-12-06 15:43:00,323
17731.0,79,4,1240.11,310.03,54,2011-06-09 14:18:00,2011-09-21 15:02:00,104
17732.0,373,1,303.97,303.97,18,2010-12-02 09:29:00,2010-12-02 09:29:00,1
17733.0,39,2,692.19,346.1,33,2011-03-23 09:54:00,2011-11-01 08:16:00,222
17734.0,54,3,700.63,233.54,40,2011-04-20 10:04:00,2011-10-17 12:33:00,180
17735.0,2,19,13110.02,690.0,323,2010-12-07 10:32:00,2011-12-07 16:47:00,365
17736.0,9,3,377.44,125.81,24,2011-08-18 14:33:00,2011-11-30 15:36:00,104
17737.0,9,2,168.24,84.12,8,2011-10-12 14:42:00,2011-11-30 15:16:00,49
17738.0,19,4,1879.05,469.76,89,2011-03-02 16:26:00,2011-11-20 15:05:00,262
17739.0,12,7,2791.35,398.76,30,2010-12-14 14:26:00,2011-11-28 09:12:00,348
17742.0,113,2,355.11,177.56,13,2011-01-11 10:04:00,2011-08-18 15:28:00,219
17744.0,4,6,2322.4,387.07,109,2010-12-16 14:17:00,2011-12-06 12:11:00,354
17746.0,240,1,110.25,110.25,6,2011-04-13 14:31:00,2011-04-13 14:31:00,1
17747.0,113,1,71.4,71.4,1,2011-08-19 08:13:00,2011-08-19 08:13:00,1
17749.0,178,2,674.52,337.26,33,2011-03-28 13:39:00,2011-06-14 15:45:00,78
17750.0,5,9,1797.57,199.73,101,2011-06-28 15:44:00,2011-12-04 14:09:00,158
17752.0,359,1,80.64,80.64,1,2010-12-15 16:19:00,2010-12-15 16:19:00,1
17754.0,1,5,1772.26,354.45,82,2011-03-24 13:54:00,2011-12-09 11:20:00,259
17757.0,1,30,5605.29,186.84,278,2010-12-02 17:17:00,2011-12-08 15:31:00,370
17758.0,19,8,3456.7,432.09,312,2011-04-03 15:22:00,2011-11-20 14:45:00,230
17759.0,17,3,834.99,278.33,82,2011-06-23 13:35:00,2011-11-22 16:02:00,152
17760.0,22,2,287.59,143.8,25,2010-12-01 15:08:00,2011-11-18 10:56:00,351
17761.0,33,1,712.78,712.78,19,2011-11-07 10:23:00,2011-11-07 10:23:00,1
17763.0,263,1,15.0,15.0,1,2011-03-21 14:25:00,2011-03-21 14:25:00,1
17764.0,51,2,818.82,409.41,71,2011-05-12 16:11:00,2011-10-20 11:03:00,160
17765.0,159,3,371.88,123.96,51,2011-03-28 11:58:00,2011-07-04 12:41:00,98
17767.0,15,1,271.2,271.2,21,2011-11-24 14:42:00,2011-11-24 14:42:00,1
17768.0,8,3,2273.18,757.73,77,2011-06-26 13:46:00,2011-12-01 13:22:00,157
17769.0,13,10,3997.98,399.8,200,2011-01-23 11:15:00,2011-11-27 11:18:00,308
17770.0,199,5,1143.27,228.65,33,2011-03-02 13:35:00,2011-05-25 12:34:00,83
17771.0,57,2,245.81,122.91,51,2011-01-20 14:13:00,2011-10-14 11:43:00,266
17772.0,11,2,182.77,91.38,50,2011-11-29 10:57:00,2011-11-29 11:05:00,1
17774.0,97,4,1225.41,306.35,123,2011-02-07 13:13:00,2011-09-04 12:49:00,208
17775.0,255,1,56.4,56.4,3,2011-03-30 10:50:00,2011-03-30 10:50:00,1
17777.0,25,3,665.86,221.95,141,2011-08-31 14:35:00,2011-11-15 12:02:00,75
17779.0,21,3,658.57,219.52,73,2011-07-19 12:19:00,2011-11-18 14:15:00,122
17781.0,159,2,188.02,94.01,12,2011-03-31 19:54:00,2011-07-03 16:00:00,93
17783.0,72,2,283.47,141.73,67,2011-04-06 10:07:00,2011-09-28 16:07:00,175
17785.0,53,1,131.94,131.94,13,2011-10-17 13:43:00,2011-10-17 13:43:00,1
17786.0,85,2,278.74,139.37,57,2011-01-26 14:35:00,2011-09-15 12:51:00,231
17787.0,153,4,1865.19,466.3,94,2010-12-03 13:43:00,2011-07-10 11:24:00,218
17788.0,74,2,1117.9,558.95,3,2011-08-02 10:38:00,2011-09-27 10:09:00,55
17789.0,281,1,225.9,225.9,14,2011-03-03 13:14:00,2011-03-03 13:14:00,1
17790.0,27,14,1965.55,140.4,121,2010-12-10 10:47:00,2011-11-13 11:30:00,338
17791.0,30,1,106.1,106.1,10,2011-11-10 12:09:00,2011-11-10 12:09:00,1
17793.0,25,1,323.04,323.04,49,2011-11-14 14:24:00,2011-11-14 14:24:00,1
17795.0,180,2,350.39,175.19,43,2011-03-20 12:02:00,2011-06-13 12:36:00,85
17796.0,40,4,697.9,174.48,63,2010-12-05 12:23:00,2011-10-30 15:38:00,329
17797.0,22,3,780.43,260.14,102,2011-06-10 11:29:00,2011-11-17 13:21:00,160
17799.0,22,10,3055.93,305.59,280,2010-12-13 13:10:00,2011-11-17 15:16:00,339
17800.0,37,9,1199.01,133.22,51,2011-01-09 13:50:00,2011-11-02 12:57:00,296
17802.0,82,3,1285.04,428.35,103,2010-12-02 13:44:00,2011-09-18 14:56:00,290
17805.0,74,1,512.31,512.31,10,2011-09-27 11:49:00,2011-09-27 11:49:00,1
17806.0,11,1,546.04,546.04,43,2011-11-28 14:12:00,2011-11-28 14:12:00,1
17809.0,16,12,5411.91,450.99,48,2010-12-01 09:41:00,2011-11-23 12:59:00,357
17811.0,4,39,7837.73,200.97,362,2011-01-10 10:58:00,2011-12-05 13:46:00,329
17812.0,13,4,732.16,183.04,113,2010-12-06 15:27:00,2011-11-27 11:47:00,355
17813.0,14,5,1770.88,354.18,297,2011-09-29 15:57:00,2011-11-25 16:13:00,57
17816.0,37,4,36.56,9.14,16,2010-12-09 14:10:00,2011-11-03 11:34:00,328
17817.0,4,3,387.68,129.23,32,2011-03-07 17:30:00,2011-12-05 14:39:00,272
17819.0,72,7,3704.87,529.27,36,2010-12-03 14:26:00,2011-09-29 10:52:00,299
17824.0,51,1,298.4,298.4,13,2011-10-19 14:14:00,2011-10-19 14:14:00,1
17827.0,5,5,1995.46,399.09,190,2010-12-10 10:18:00,2011-12-04 15:00:00,359
17830.0,2,3,398.7,132.9,18,2011-02-24 10:15:00,2011-12-08 12:28:00,287
17831.0,33,1,35.4,35.4,2,2011-11-06 15:09:00,2011-11-06 15:09:00,1
17832.0,50,1,155.37,155.37,61,2011-10-21 11:43:00,2011-10-21 11:43:00,1
17835.0,3,3,350.64,116.88,45,2011-11-16 16:30:00,2011-12-07 11:48:00,20
17836.0,47,1,110.21,110.21,23,2011-10-23 16:13:00,2011-10-23 16:13:00,1
17837.0,42,8,1593.38,199.17,111,2011-06-29 16:44:00,2011-10-28 16:13:00,120
17838.0,27,5,2779.3,555.86,96,2010-12-02 15:55:00,2011-11-13 11:20:00,345
17839.0,42,1,338.8,338.8,50,2011-10-28 17:27:00,2011-10-28 17:27:00,1
17841.0,2,124,40991.57,330.58,1343,2010-12-01 14:41:00,2011-12-08 12:07:00,371
17843.0,303,1,205.48,205.48,36,2011-02-09 15:33:00,2011-02-09 15:33:00,1
17846.0,85,1,2033.1,2033.1,1,2011-09-15 15:20:00,2011-09-15 15:20:00,1
17848.0,81,9,901.2,100.13,41,2010-12-16 18:38:00,2011-09-19 16:49:00,276
17849.0,218,4,605.8,151.45,15,2011-01-10 11:59:00,2011-05-05 13:46:00,115
17850.0,372,34,5391.21,158.57,21,2010-12-01 08:26:00,2010-12-02 15:27:00,1
17852.0,12,2,114.34,57.17,21,2011-11-28 12:31:00,2011-11-28 12:36:00,1
17854.0,185,2,311.26,155.63,15,2011-04-26 16:53:00,2011-06-07 16:21:00,41
17855.0,373,1,208.97,208.97,17,2010-12-02 09:44:00,2010-12-02 09:44:00,1
17856.0,2,4,1418.03,354.51,12,2011-03-03 11:40:00,2011-12-08 09:40:00,279
17857.0,4,23,26879.04,1168.65,19,2010-12-09 11:35:00,2011-12-05 13:13:00,361
17858.0,6,12,5155.66,429.64,102,2010-12-05 13:08:00,2011-12-04 11:56:00,363
17859.0,305,1,148.21,148.21,23,2011-02-08 10:32:00,2011-02-08 10:32:00,1
17860.0,369,1,252.8,252.8,49,2010-12-06 12:41:00,2010-12-06 12:41:00,1
17861.0,3,8,2100.8,262.6,173,2011-01-24 11:34:00,2011-12-06 16:21:00,316
17862.0,324,1,330.9,330.9,11,2011-01-20 12:23:00,2011-01-20 12:23:00,1
17863.0,59,6,3160.0,526.67,111,2010-12-05 13:21:00,2011-10-11 13:45:00,310
17864.0,13,3,597.5,199.17,70,2011-03-09 11:44:00,2011-11-27 11:15:00,262
17865.0,31,20,10526.32,526.32,191,2010-12-10 14:53:00,2011-11-09 12:08:00,333
17866.0,143,1,329.65,329.65,9,2011-07-20 11:07:00,2011-07-20 11:07:00,1
17867.0,30,6,1197.1,199.52,62,2011-02-24 12:25:00,2011-11-09 14:15:00,258
17869.0,107,5,428.18,85.64,37,2010-12-06 17:16:00,2011-08-24 16:16:00,260
17870.0,2,12,1894.35,157.86,213,2010-12-08 08:12:00,2011-12-07 15:07:00,364
17871.0,205,1,155.9,155.9,10,2011-05-19 11:32:00,2011-05-19 11:32:00,1
17873.0,80,5,1859.16,371.83,24,2010-12-01 14:54:00,2011-09-20 16:41:00,293
17874.0,185,6,683.46,113.91,37,2011-03-29 11:25:00,2011-06-07 12:54:00,70
17877.0,170,1,237.61,237.61,12,2011-06-22 13:00:00,2011-06-22 13:00:00,1
17878.0,44,1,379.45,379.45,26,2011-10-27 11:24:00,2011-10-27 11:24:00,1
17879.0,174,1,178.52,178.52,6,2011-06-19 12:36:00,2011-06-19 12:36:00,1
17880.0,365,1,458.92,458.92,26,2010-12-10 10:21:00,2010-12-10 10:21:00,1
17881.0,304,1,133.35,133.35,8,2011-02-08 17:16:00,2011-02-08 17:16:00,1
17883.0,3,4,671.77,167.94,133,2011-04-07 19:16:00,2011-12-06 17:49:00,242
17884.0,4,4,717.45,179.36,107,2010-12-03 12:11:00,2011-12-06 11:33:00,367
17885.0,12,1,190.19,190.19,50,2011-11-27 14:40:00,2011-11-27 14:40:00,1
17886.0,32,3,899.61,299.87,93,2011-04-04 12:34:00,2011-11-08 10:09:00,217
17887.0,129,1,111.35,111.35,10,2011-08-02 17:29:00,2011-08-02 17:29:00,1
17888.0,21,8,726.05,90.76,59,2010-12-17 13:56:00,2011-11-18 13:45:00,335
17889.0,212,2,203.87,101.94,20,2011-01-21 17:14:00,2011-05-11 16:26:00,109
17890.0,323,2,602.09,301.05,88,2010-12-13 15:12:00,2011-01-21 11:19:00,38
17891.0,162,1,203.86,203.86,34,2011-06-30 20:08:00,2011-06-30 20:08:00,1
17892.0,56,3,244.1,81.37,27,2011-07-07 12:56:00,2011-10-14 16:49:00,99
17893.0,225,1,112.25,112.25,15,2011-04-28 13:50:00,2011-04-28 13:50:00,1
17894.0,72,8,1119.81,139.98,127,2010-12-08 14:50:00,2011-09-29 09:23:00,294
17895.0,44,1,98.0,98.0,15,2011-10-26 17:00:00,2011-10-26 17:00:00,1
17896.0,23,1,256.32,256.32,2,2011-11-16 13:59:00,2011-11-16 13:59:00,1
17897.0,173,3,566.6,188.87,100,2010-12-01 12:31:00,2011-06-20 11:23:00,200
17898.0,85,2,152.06,76.03,27,2011-05-16 17:13:00,2011-09-15 14:56:00,121
17899.0,159,1,155.8,155.8,29,2011-07-03 14:58:00,2011-07-03 14:58:00,1
17900.0,190,2,112.2,56.1,4,2011-06-02 14:28:00,2011-06-02 14:38:00,1
17901.0,29,1,110.38,110.38,19,2011-11-10 17:29:00,2011-11-10 17:29:00,1
17904.0,21,1,191.67,191.67,33,2011-11-18 12:57:00,2011-11-18 12:57:00,1
17905.0,71,4,800.24,200.06,33,2010-12-01 13:21:00,2011-09-29 17:33:00,302
17906.0,247,1,72.9,72.9,12,2011-04-06 17:25:00,2011-04-06 17:25:00,1
17908.0,374,1,243.28,243.28,51,2010-12-01 11:45:00,2010-12-01 11:45:00,1
17911.0,9,1,366.23,366.23,39,2011-11-30 14:52:00,2011-11-30 14:52:00,1
17912.0,310,5,311.01,62.2,35,2010-12-10 11:11:00,2011-02-02 14:25:00,54
17913.0,59,2,411.6,205.8,55,2010-12-19 11:35:00,2011-10-12 10:45:00,296
17914.0,4,1,336.43,336.43,72,2011-12-06 11:58:00,2011-12-06 11:58:00,1
17917.0,45,3,341.28,113.76,77,2010-12-12 12:08:00,2011-10-25 13:20:00,317
17919.0,88,1,1304.04,1304.04,23,2011-09-12 13:41:00,2011-09-12 13:41:00,1
17920.0,4,17,4204.1,247.3,410,2010-12-01 11:49:00,2011-12-05 14:29:00,369
17921.0,64,4,826.52,206.63,114,2011-03-18 13:19:00,2011-10-06 18:56:00,202
17923.0,282,1,207.5,207.5,1,2011-03-02 15:15:00,2011-03-02 15:15:00,1
17924.0,12,7,2962.5,423.21,26,2010-12-01 10:51:00,2011-11-28 09:11:00,361
17925.0,373,1,244.08,244.08,1,2010-12-02 10:10:00,2010-12-02 10:10:00,1
17926.0,133,2,397.29,198.64,17,2011-05-20 09:24:00,2011-07-29 14:39:00,70
17928.0,45,2,212.54,106.27,23,2011-04-07 18:03:00,2011-10-25 13:52:00,200
17929.0,11,4,843.0,210.75,4,2011-02-04 11:40:00,2011-11-28 16:01:00,297
17930.0,36,5,1740.48,348.1,26,2011-04-14 15:46:00,2011-11-04 10:23:00,203
17931.0,134,2,408.36,204.18,63,2011-03-29 12:31:00,2011-07-28 18:33:00,121
17932.0,29,3,1331.57,443.86,84,2011-05-12 13:58:00,2011-11-10 19:49:00,182
17934.0,52,2,704.25,352.12,21,2011-10-12 10:50:00,2011-10-19 11:16:00,7
17935.0,138,2,145.79,72.9,28,2011-07-21 11:23:00,2011-07-24 13:18:00,3
17936.0,5,1,389.84,389.84,68,2011-12-04 13:32:00,2011-12-04 13:32:00,1
17937.0,9,7,4301.22,614.46,19,2010-12-12 14:43:00,2011-12-01 11:45:00,353
17939.0,160,1,99.14,99.14,12,2011-07-03 12:27:00,2011-07-03 12:27:00,1
17940.0,49,10,4106.44,410.64,6,2011-02-10 09:29:00,2011-10-21 13:27:00,253
17941.0,131,1,304.56,304.56,2,2011-08-01 08:30:00,2011-08-01 08:30:00,1
17942.0,8,1,77.5,77.5,2,2011-12-02 10:45:00,2011-12-02 10:45:00,1
17946.0,233,2,149.58,74.79,18,2011-03-25 14:34:00,2011-04-20 17:00:00,26
17947.0,37,1,176.68,176.68,9,2011-11-02 13:05:00,2011-11-02 13:05:00,1
17948.0,147,1,358.56,358.56,1,2011-07-15 12:58:00,2011-07-15 12:58:00,1
17949.0,1,45,58510.48,1300.23,30,2010-12-03 13:12:00,2011-12-08 18:46:00,370
17950.0,72,3,482.2,160.73,63,2010-12-09 15:16:00,2011-09-28 15:18:00,293
17951.0,40,3,1008.54,336.18,18,2010-12-01 12:40:00,2011-10-31 12:30:00,333
17954.0,5,12,2332.72,194.39,329,2010-12-03 14:18:00,2011-12-04 14:15:00,365
17955.0,199,4,557.3,139.32,14,2011-05-04 12:29:00,2011-05-25 12:00:00,20
17956.0,249,1,12.75,12.75,1,2011-04-04 13:47:00,2011-04-04 13:47:00,1
17957.0,66,1,111.68,111.68,31,2011-10-04 14:58:00,2011-10-04 14:58:00,1
17958.0,117,1,508.46,508.46,7,2011-08-15 12:19:00,2011-08-15 12:19:00,1
17960.0,171,1,73.78,73.78,26,2011-06-21 14:15:00,2011-06-21 14:15:00,1
17961.0,21,39,1296.44,33.24,211,2010-12-02 19:18:00,2011-11-18 16:55:00,350
17962.0,142,1,102.83,102.83,33,2011-07-20 14:16:00,2011-07-20 14:16:00,1
17964.0,32,2,471.7,235.85,84,2010-12-02 13:32:00,2011-11-08 10:44:00,340
17965.0,38,14,2622.57,187.33,274,2010-12-05 15:54:00,2011-11-02 09:31:00,331
17966.0,38,5,1098.43,219.69,55,2011-03-23 17:25:00,2011-11-02 10:26:00,223
17967.0,372,1,123.07,123.07,41,2010-12-03 11:19:00,2010-12-03 11:19:00,1
17968.0,374,1,277.35,277.35,74,2010-12-01 12:23:00,2010-12-01 12:23:00,1
17969.0,166,2,228.2,114.1,14,2010-12-13 15:34:00,2011-06-26 13:00:00,194
17970.0,211,1,582.59,582.59,27,2011-05-12 20:03:00,2011-05-12 20:03:00,1
17972.0,242,1,136.04,136.04,30,2011-04-12 12:16:00,2011-04-12 12:16:00,1
17973.0,52,1,337.04,337.04,14,2011-10-19 10:34:00,2011-10-19 10:34:00,1
17974.0,25,3,740.79,246.93,143,2011-05-04 11:50:00,2011-11-15 11:37:00,194
17975.0,15,13,4488.81,345.29,189,2010-12-08 11:38:00,2011-11-24 13:27:00,351
17976.0,372,1,353.19,353.19,56,2010-12-02 13:49:00,2010-12-02 13:49:00,1
17977.0,29,1,288.14,288.14,19,2011-11-10 13:28:00,2011-11-10 13:28:00,1
17978.0,365,1,300.92,300.92,12,2010-12-09 14:05:00,2010-12-09 14:05:00,1
17979.0,36,4,757.71,189.43,116,2011-03-25 11:34:00,2011-11-04 12:05:00,224
17980.0,166,3,811.45,270.48,23,2010-12-15 15:50:00,2011-06-27 12:01:00,193
17984.0,145,1,152.68,152.68,48,2011-07-17 15:59:00,2011-07-17 15:59:00,1
17985.0,22,1,634.95,634.95,20,2011-11-17 14:24:00,2011-11-17 14:24:00,1
17986.0,56,1,20.8,20.8,1,2011-10-14 14:22:00,2011-10-14 14:22:00,1
17987.0,185,1,198.57,198.57,13,2011-06-07 14:22:00,2011-06-07 14:22:00,1
17988.0,12,7,201.12,28.73,37,2011-01-17 11:59:00,2011-11-28 11:00:00,314
17990.0,237,3,630.84,210.28,27,2010-12-13 12:10:00,2011-04-17 11:44:00,124
17991.0,225,2,93.35,46.68,4,2011-04-27 16:39:00,2011-04-28 15:58:00,1
17994.0,122,4,678.49,169.62,63,2011-02-22 11:02:00,2011-08-10 11:41:00,169
17995.0,282,1,76.1,76.1,2,2011-03-03 12:30:00,2011-03-03 12:30:00,1
17997.0,74,8,1970.67,246.33,133,2011-06-28 17:28:00,2011-09-26 16:13:00,89
17999.0,37,2,382.06,191.03,87,2010-12-08 15:17:00,2011-11-02 15:56:00,329
18001.0,12,2,417.23,208.61,56,2011-09-14 11:21:00,2011-11-27 16:02:00,74
18004.0,362,1,169.47,169.47,32,2010-12-12 13:47:00,2010-12-12 13:47:00,1
18005.0,4,2,249.72,124.86,52,2011-10-23 14:40:00,2011-12-06 11:51:00,43
18006.0,23,1,444.68,444.68,21,2011-11-16 16:52:00,2011-11-16 16:52:00,1
18008.0,70,9,2116.19,235.13,25,2011-01-25 12:26:00,2011-09-30 15:17:00,248
18009.0,235,1,257.34,257.34,31,2011-04-18 13:36:00,2011-04-18 13:36:00,1
18010.0,257,1,174.8,174.8,14,2011-03-28 12:27:00,2011-03-28 12:27:00,1
18011.0,373,1,102.79,102.79,28,2010-12-01 17:35:00,2010-12-01 17:35:00,1
18013.0,155,2,187.29,93.64,31,2011-07-07 14:08:00,2011-07-07 14:11:00,1
18014.0,28,1,166.42,166.42,29,2011-11-11 15:28:00,2011-11-11 15:28:00,1
18015.0,4,1,120.03,120.03,46,2011-12-05 14:49:00,2011-12-05 14:49:00,1
18016.0,32,5,1483.56,296.71,90,2010-12-10 17:14:00,2011-11-07 13:25:00,331
18017.0,81,3,523.0,174.33,1,2011-02-02 13:57:00,2011-09-19 16:15:00,229
18018.0,108,2,122.14,61.07,29,2011-05-24 13:22:00,2011-08-23 17:37:00,91
18019.0,52,1,38.45,38.45,5,2011-10-19 12:10:00,2011-10-19 12:10:00,1
18022.0,36,1,668.11,668.11,141,2011-11-04 12:45:00,2011-11-04 12:45:00,1
18024.0,153,2,389.78,194.89,21,2011-07-10 12:28:00,2011-07-10 12:40:00,1
18027.0,99,1,115.31,115.31,21,2011-09-02 10:38:00,2011-09-02 10:38:00,1
18030.0,4,2,230.65,115.32,8,2011-10-28 13:55:00,2011-12-05 16:37:00,38
18032.0,334,1,73.5,73.5,5,2011-01-09 15:32:00,2011-01-09 15:32:00,1
18033.0,65,1,97.97,97.97,32,2011-10-05 17:28:00,2011-10-05 17:28:00,1
18034.0,22,2,422.88,211.44,99,2011-11-18 12:08:00,2011-11-18 12:22:00,1
18035.0,36,3,730.4,243.47,44,2011-10-27 17:48:00,2011-11-04 12:39:00,7
18036.0,32,3,405.62,135.21,77,2011-04-08 11:26:00,2011-11-07 14:40:00,213
18037.0,154,6,70.02,11.67,19,2010-12-12 16:20:00,2011-07-08 13:39:00,207
18040.0,19,2,357.2,178.6,18,2011-04-08 08:27:00,2011-11-20 14:20:00,226
18041.0,12,21,4183.39,199.21,288,2010-12-02 11:21:00,2011-11-28 11:39:00,361
18042.0,54,1,165.05,165.05,7,2011-10-17 11:49:00,2011-10-17 11:49:00,1
18043.0,25,3,559.51,186.5,106,2010-12-08 12:35:00,2011-11-15 12:48:00,342
18044.0,4,10,2088.6,208.86,88,2010-12-14 12:25:00,2011-12-05 14:26:00,356
18045.0,45,1,189.4,189.4,43,2011-10-25 13:07:00,2011-10-25 13:07:00,1
18048.0,203,2,172.29,86.15,6,2011-05-20 14:54:00,2011-05-20 14:58:00,1
18050.0,359,1,74.4,74.4,5,2010-12-15 14:25:00,2010-12-15 14:25:00,1
18053.0,71,1,300.02,300.02,20,2011-09-30 09:05:00,2011-09-30 09:05:00,1
18055.0,7,10,6784.19,678.42,226,2010-12-05 10:52:00,2011-12-02 14:25:00,362
18056.0,288,1,363.65,363.65,19,2011-02-24 14:27:00,2011-02-24 14:27:00,1
18058.0,10,1,170.16,170.16,3,2011-11-30 08:38:00,2011-11-30 08:38:00,1
18059.0,23,3,306.46,102.15,17,2011-10-03 09:30:00,2011-11-16 16:49:00,44
18061.0,22,10,2119.41,211.94,18,2010-12-08 13:03:00,2011-11-18 11:20:00,344
18062.0,173,3,720.52,240.17,23,2011-01-06 10:03:00,2011-06-19 14:47:00,164
18064.0,133,2,814.0,407.0,7,2011-04-18 15:08:00,2011-07-29 16:39:00,102
18065.0,6,14,2392.83,170.92,110,2010-12-10 12:44:00,2011-12-04 10:30:00,358
18066.0,75,1,318.0,318.0,10,2011-09-25 15:30:00,2011-09-25 15:30:00,1
18067.0,40,1,396.33,396.33,36,2011-10-30 15:58:00,2011-10-30 15:58:00,1
18068.0,289,1,101.7,101.7,1,2011-02-23 14:50:00,2011-02-23 14:50:00,1
18069.0,26,5,2036.67,407.33,335,2011-01-16 15:50:00,2011-11-13 16:03:00,301
18071.0,258,2,453.0,226.5,23,2010-12-09 10:33:00,2011-03-27 11:59:00,108
18072.0,186,1,247.44,247.44,18,2011-06-07 10:44:00,2011-06-07 10:44:00,1
18073.0,114,12,3877.52,323.13,23,2011-05-26 19:38:00,2011-08-17 14:02:00,82
18074.0,374,1,489.6,489.6,13,2010-12-01 09:53:00,2010-12-01 09:53:00,1
18075.0,23,10,2611.75,261.18,98,2010-12-14 10:48:00,2011-11-16 15:21:00,337
18077.0,8,11,2633.01,239.36,103,2010-12-08 10:21:00,2011-12-01 13:32:00,358
18078.0,217,2,336.13,168.06,27,2011-03-25 15:08:00,2011-05-06 14:32:00,41
18079.0,45,4,3651.97,912.99,101,2011-04-15 12:14:00,2011-10-25 15:27:00,193
18080.0,19,2,1231.5,615.75,2,2011-04-11 10:10:00,2011-11-21 08:02:00,223
18081.0,36,3,343.45,114.48,14,2011-07-29 11:56:00,2011-11-03 16:30:00,97
18082.0,26,1,703.37,703.37,62,2011-11-14 12:45:00,2011-11-14 12:45:00,1
18084.0,16,1,90.48,90.48,1,2011-11-23 13:57:00,2011-11-23 13:57:00,1
18085.0,330,2,689.95,344.98,25,2010-12-01 12:08:00,2011-01-13 15:17:00,43
18086.0,274,1,101.34,101.34,7,2011-03-10 13:34:00,2011-03-10 13:34:00,1
18087.0,98,2,4055.72,2027.86,2,2011-02-22 10:43:00,2011-09-02 15:12:00,192
18088.0,61,1,167.67,167.67,35,2011-10-09 13:41:00,2011-10-09 13:41:00,1
18092.0,2,11,9068.26,824.39,28,2010-12-09 10:00:00,2011-12-07 13:14:00,363
18093.0,93,4,2106.52,526.63,31,2011-02-10 12:15:00,2011-09-07 15:43:00,209
18094.0,82,7,3017.3,431.04,39,2011-02-21 08:50:00,2011-09-19 09:28:00,210
18095.0,312,2,580.05,290.02,20,2011-01-11 12:37:00,2011-01-31 12:50:00,20
18096.0,12,3,911.15,303.72,157,2011-10-07 11:55:00,2011-11-28 12:44:00,52
18097.0,8,6,2697.8,449.63,66,2010-12-20 14:49:00,2011-12-02 11:16:00,346
18099.0,127,1,168.31,168.31,19,2011-08-04 15:52:00,2011-08-04 15:52:00,1
18101.0,11,2,223.65,111.82,37,2011-07-19 13:05:00,2011-11-28 13:37:00,132
18102.0,1,60,259657.3,4327.62,162,2010-12-07 16:42:00,2011-12-09 11:50:00,366
18104.0,37,1,754.64,754.64,38,2011-11-02 14:07:00,2011-11-02 14:07:00,1
18105.0,38,1,113.48,113.48,18,2011-11-02 12:04:00,2011-11-02 12:04:00,1
18106.0,330,1,430.7,430.7,33,2011-01-14 12:23:00,2011-01-14 12:23:00,1
18108.0,254,1,271.0,271.0,17,2011-03-30 13:56:00,2011-03-30 13:56:00,1
18109.0,2,26,8052.97,309.73,122,2010-12-05 10:58:00,2011-12-08 11:36:00,368
18110.0,20,1,236.3,236.3,33,2011-11-20 12:34:00,2011-11-20 12:34:00,1
18112.0,12,2,352.69,176.35,26,2011-06-26 13:56:00,2011-11-27 14:43:00,154
18113.0,369,1,76.32,76.32,1,2010-12-06 12:31:00,2010-12-06 12:31:00,1
18114.0,290,1,220.1,220.1,28,2011-02-22 13:20:00,2011-02-22 13:20:00,1
18116.0,68,8,1418.03,177.25,227,2010-12-10 12:14:00,2011-10-03 11:00:00,296
18117.0,26,1,320.72,320.72,68,2011-11-14 12:47:00,2011-11-14 12:47:00,1
18118.0,11,26,5653.82,217.45,428,2010-12-05 12:13:00,2011-11-29 11:32:00,358
18119.0,368,1,181.12,181.12,29,2010-12-07 11:59:00,2010-12-07 11:59:00,1
18120.0,214,1,111.15,111.15,17,2011-05-09 13:45:00,2011-05-09 13:45:00,1
18121.0,149,2,673.1,336.55,28,2011-07-08 12:14:00,2011-07-13 12:53:00,5
18122.0,8,6,1826.21,304.37,237,2011-07-12 11:37:00,2011-12-01 13:08:00,142
18123.0,24,2,589.44,294.72,31,2011-11-08 13:31:00,2011-11-15 14:23:00,7
18125.0,30,4,1142.99,285.75,164,2011-01-27 15:02:00,2011-11-10 12:29:00,286
18126.0,61,1,206.83,206.83,52,2011-10-10 12:19:00,2011-10-10 12:19:00,1
18127.0,19,3,348.73,116.24,40,2011-07-29 10:06:00,2011-11-20 14:05:00,114
18129.0,243,1,112.55,112.55,13,2011-04-10 14:16:00,2011-04-10 14:16:00,1
18130.0,15,3,1059.39,353.13,58,2011-10-13 15:58:00,2011-11-24 14:40:00,41
18133.0,212,1,931.5,931.5,1,2011-05-11 14:14:00,2011-05-11 14:14:00,1
18135.0,29,5,681.91,136.38,11,2011-06-02 14:04:00,2011-11-10 19:32:00,161
18136.0,63,3,784.33,261.44,34,2011-01-24 12:08:00,2011-10-07 15:40:00,256
18138.0,295,1,152.65,152.65,8,2011-02-17 14:51:00,2011-02-17 14:51:00,1
18139.0,18,6,8438.34,1406.39,35,2011-11-21 14:06:00,2011-11-22 10:44:00,1
18142.0,157,2,1019.52,509.76,9,2011-05-08 12:31:00,2011-07-05 13:19:00,58
18143.0,117,2,1000.16,500.08,59,2011-07-21 10:44:00,2011-08-15 12:07:00,25
18144.0,8,12,2888.75,240.73,27,2010-12-01 13:45:00,2011-12-02 12:46:00,365
18145.0,13,4,2861.55,715.39,177,2011-01-31 12:10:00,2011-11-27 11:22:00,299
18146.0,141,2,160.35,80.18,10,2011-05-03 16:35:00,2011-07-22 12:08:00,79
18147.0,46,2,179.34,89.67,7,2011-08-23 12:22:00,2011-10-25 11:46:00,62
18149.0,51,3,612.08,204.03,11,2011-03-11 12:44:00,2011-10-20 12:04:00,222
18150.0,32,3,566.58,188.86,29,2011-05-22 10:47:00,2011-11-07 16:49:00,169
18151.0,135,2,653.35,326.67,38,2011-02-23 08:29:00,2011-07-28 11:35:00,155
18154.0,3,2,399.19,199.59,15,2011-10-27 10:40:00,2011-12-06 16:41:00,40
18155.0,75,3,371.62,123.87,19,2011-02-21 10:36:00,2011-09-25 13:32:00,216
18156.0,13,2,734.94,367.47,100,2010-12-05 12:29:00,2011-11-27 12:24:00,356
18158.0,9,2,453.4,226.7,24,2011-09-12 09:03:00,2011-11-30 16:19:00,79
18159.0,301,1,530.15,530.15,23,2011-02-11 14:26:00,2011-02-11 14:26:00,1
18160.0,57,2,638.06,319.03,37,2011-05-23 13:41:00,2011-10-13 15:50:00,143
18161.0,15,5,1618.69,323.74,49,2011-01-24 11:56:00,2011-11-24 16:40:00,304
18164.0,37,1,399.65,399.65,24,2011-11-02 12:56:00,2011-11-02 12:56:00,1
18165.0,177,1,302.46,302.46,10,2011-06-15 13:23:00,2011-06-15 13:23:00,1
18167.0,23,3,1384.86,461.62,24,2011-08-26 11:40:00,2011-11-16 15:56:00,82
18168.0,176,6,1169.94,194.99,97,2010-12-02 18:08:00,2011-06-16 19:21:00,196
18169.0,61,1,202.65,202.65,9,2011-10-10 12:18:00,2011-10-10 12:18:00,1
18170.0,33,3,980.31,326.77,30,2011-05-06 15:13:00,2011-11-06 14:35:00,183
18171.0,59,5,1231.31,246.26,43,2011-01-10 09:55:00,2011-10-12 09:13:00,274
18172.0,15,20,7561.68,378.08,102,2011-02-23 10:44:00,2011-11-25 11:12:00,275
18173.0,87,4,2106.84,526.71,23,2011-03-10 11:56:00,2011-09-14 11:26:00,187
18174.0,7,1,104.0,104.0,1,2011-12-02 16:56:00,2011-12-02 16:56:00,1
18176.0,358,1,476.35,476.35,30,2010-12-16 15:45:00,2010-12-16 15:45:00,1
18177.0,31,6,1341.42,223.57,53,2011-03-29 08:46:00,2011-11-08 14:44:00,224
18178.0,129,4,1590.81,397.7,81,2010-12-10 12:42:00,2011-08-03 09:30:00,235
18179.0,9,6,1793.17,298.86,86,2011-01-07 14:22:00,2011-11-30 16:23:00,327
18180.0,5,6,1843.75,307.29,108,2011-07-20 08:59:00,2011-12-05 08:39:00,137
18181.0,24,1,382.8,382.8,40,2011-11-15 15:08:00,2011-11-15 15:08:00,1
18183.0,227,2,632.07,316.04,36,2011-03-10 10:08:00,2011-04-26 15:26:00,47
18184.0,15,1,49.8,49.8,1,2011-11-24 15:28:00,2011-11-24 15:28:00,1
18185.0,249,1,304.25,304.25,17,2011-04-04 13:42:00,2011-04-04 13:42:00,1
18188.0,15,3,2001.04,667.01,64,2011-02-22 14:43:00,2011-11-24 16:46:00,275
18189.0,78,2,1090.24,545.12,65,2011-03-17 09:49:00,2011-09-23 12:40:00,190
18190.0,192,2,284.46,142.23,14,2011-01-13 10:35:00,2011-05-31 14:48:00,138
18191.0,262,1,207.8,207.8,7,2011-03-23 12:08:00,2011-03-23 12:08:00,1
18192.0,72,1,957.97,957.97,45,2011-09-29 09:53:00,2011-09-29 09:53:00,1
18193.0,165,1,243.76,243.76,16,2011-06-27 13:58:00,2011-06-27 13:58:00,1
18194.0,82,1,973.84,973.84,7,2011-09-18 13:29:00,2011-09-18 13:29:00,1
18196.0,95,2,689.13,344.57,131,2011-02-22 16:13:00,2011-09-05 16:22:00,195
18198.0,4,17,5425.56,319.15,83,2011-01-07 13:39:00,2011-12-05 14:49:00,332
18200.0,106,1,163.8,163.8,29,2011-08-25 18:45:00,2011-08-25 18:45:00,1
18202.0,200,3,1396.99,465.66,56,2011-02-01 13:36:00,2011-05-24 12:12:00,111
18203.0,157,1,160.42,160.42,19,2011-07-05 13:07:00,2011-07-05 13:07:00,1
18204.0,71,3,1993.7,664.57,160,2011-05-31 15:26:00,2011-09-29 16:44:00,121
18205.0,36,2,517.36,258.68,30,2011-09-26 12:02:00,2011-11-03 13:22:00,38
18209.0,29,1,139.1,139.1,8,2011-11-11 12:07:00,2011-11-11 12:07:00,1
18210.0,2,6,2621.38,436.9,110,2011-03-17 16:58:00,2011-12-08 11:02:00,265
18211.0,26,5,600.07,120.01,37,2011-03-06 12:09:00,2011-11-14 08:10:00,252
18212.0,326,1,248.42,248.42,30,2011-01-17 16:14:00,2011-01-17 16:14:00,1
18213.0,237,1,232.48,232.48,15,2011-04-17 10:21:00,2011-04-17 10:21:00,1
18215.0,89,1,299.34,299.34,13,2011-09-11 16:05:00,2011-09-11 16:05:00,1
18216.0,31,1,481.75,481.75,26,2011-11-08 16:55:00,2011-11-08 16:55:00,1
18217.0,29,2,621.75,310.88,27,2011-09-30 10:44:00,2011-11-10 13:18:00,41
18218.0,211,2,662.08,331.04,17,2011-03-03 12:24:00,2011-05-12 12:53:00,70
18219.0,3,10,2069.77,206.98,59,2010-12-06 10:05:00,2011-12-07 11:43:00,366
18220.0,227,1,305.28,305.28,2,2011-04-27 09:03:00,2011-04-27 09:03:00,1
18221.0,22,5,1041.61,208.32,59,2011-05-12 14:13:00,2011-11-17 14:40:00,189
18222.0,93,1,443.0,443.0,19,2011-09-08 10:45:00,2011-09-08 10:45:00,1
18223.0,5,14,6484.54,463.18,119,2010-12-16 16:42:00,2011-12-05 09:11:00,353
18224.0,264,1,158.95,158.95,10,2011-03-21 10:30:00,2011-03-21 10:30:00,1
18225.0,3,12,5509.12,459.09,152,2010-12-09 15:46:00,2011-12-06 13:27:00,361
18226.0,44,11,5228.05,475.28,141,2011-01-06 09:00:00,2011-10-26 13:36:00,293
18227.0,218,1,93.75,93.75,5,2011-05-06 12:23:00,2011-05-06 12:23:00,1
18228.0,57,2,779.9,389.95,24,2011-09-21 10:48:00,2011-10-14 09:21:00,22
18229.0,12,20,7276.9,363.84,67,2010-12-01 16:25:00,2011-11-28 09:48:00,361
18230.0,9,7,2810.2,401.46,33,2011-02-10 13:06:00,2011-11-30 13:22:00,293
18231.0,192,5,2083.27,416.65,106,2011-02-24 09:08:00,2011-05-31 14:18:00,96
18232.0,82,4,592.97,148.24,31,2011-05-26 16:30:00,2011-09-19 11:49:00,115
18233.0,326,1,440.0,440.0,1,2011-01-18 08:44:00,2011-01-18 08:44:00,1
18235.0,72,3,1796.48,598.83,100,2011-05-06 13:35:00,2011-09-29 08:27:00,145
18236.0,30,6,882.24,147.04,43,2011-04-13 09:52:00,2011-11-10 08:06:00,210
18237.0,3,5,987.1,197.42,40,2011-07-28 13:05:00,2011-12-07 12:49:00,131
18239.0,219,5,1561.61,312.32,80,2010-12-02 17:48:00,2011-05-05 12:38:00,153
18240.0,46,1,422.58,422.58,6,2011-10-24 13:06:00,2011-10-24 13:06:00,1
18241.0,10,17,2073.09,121.95,59,2011-05-06 09:22:00,2011-11-30 12:10:00,208
18242.0,72,4,2232.49,558.12,72,2011-05-10 11:20:00,2011-09-28 13:43:00,141
18245.0,7,7,2567.06,366.72,153,2010-12-19 14:58:00,2011-12-02 14:48:00,347
18246.0,24,2,596.1,298.05,3,2011-04-20 13:55:00,2011-11-16 11:49:00,209
18248.0,123,2,804.02,402.01,39,2011-06-06 13:18:00,2011-08-09 10:19:00,63
18249.0,17,1,95.34,95.34,8,2011-11-22 15:07:00,2011-11-22 15:07:00,1
18250.0,310,1,349.27,349.27,21,2011-02-02 13:16:00,2011-02-02 13:16:00,1
18251.0,87,1,4314.72,4314.72,16,2011-09-13 15:03:00,2011-09-13 15:03:00,1
18252.0,51,2,526.67,263.34,90,2011-06-21 11:47:00,2011-10-20 12:43:00,121
18255.0,89,1,103.3,103.3,6,2011-09-11 13:16:00,2011-09-11 13:16:00,1
18257.0,39,8,2337.63,292.2,99,2011-02-16 15:13:00,2011-10-31 14:48:00,256
18259.0,25,3,2338.6,779.53,27,2010-12-08 13:38:00,2011-11-15 12:34:00,341
18260.0,173,6,2643.2,440.53,86,2010-12-16 18:23:00,2011-06-20 12:37:00,185
18261.0,43,2,324.24,162.12,19,2011-09-05 09:34:00,2011-10-27 15:36:00,52
18262.0,140,1,149.48,149.48,13,2011-07-22 16:04:00,2011-07-22 16:04:00,1
18263.0,26,3,1213.16,404.39,58,2011-04-01 11:48:00,2011-11-14 09:00:00,226
18265.0,72,2,801.51,400.76,44,2011-07-04 15:26:00,2011-09-28 14:10:00,85
18268.0,134,1,25.5,25.5,1,2011-07-28 19:13:00,2011-07-28 19:13:00,1
18269.0,366,1,168.6,168.6,7,2010-12-08 13:53:00,2010-12-08 13:53:00,1
18270.0,38,2,283.15,141.58,11,2011-03-18 12:41:00,2011-11-01 13:57:00,228
18272.0,3,6,3078.58,513.1,101,2011-04-07 09:35:00,2011-12-07 12:43:00,244
18273.0,2,3,204.0,68.0,1,2011-03-27 11:22:00,2011-12-07 13:16:00,255
18274.0,30,1,175.92,175.92,11,2011-11-09 17:03:00,2011-11-09 17:03:00,1
18276.0,44,1,335.86,335.86,14,2011-10-27 10:54:00,2011-10-27 10:54:00,1
18277.0,58,1,110.38,110.38,8,2011-10-12 15:22:00,2011-10-12 15:22:00,1
18278.0,74,1,173.9,173.9,9,2011-09-27 11:58:00,2011-09-27 11:58:00,1
18280.0,278,1,180.6,180.6,10,2011-03-07 09:52:00,2011-03-07 09:52:00,1
18281.0,181,1,80.82,80.82,7,2011-06-12 10:53:00,2011-06-12 10:53:00,1
18282.0,8,2,178.05,89.02,12,2011-08-05 13:35:00,2011-12-02 11:43:00,118
18283.0,4,16,2094.88,130.93,272,2011-01-06 14:14:00,2011-12-06 12:02:00,333
18287.0,43,3,1837.28,612.43,59,2011-05-22 10:39:00,2011-10-28 09:29:00,158
